GEO.id,GEO.id2,GEO.display-label,HD01_VD01,HD02_VD01,HD01_VD02,HD02_VD02,HD01_VD03,HD02_VD03
Id,Id2,Geography,Estimate; Total:,Margin of Error; Total:,Estimate; Total: - Owner occupied,Margin of Error; Total: - Owner occupied,Estimate; Total: - Renter occupied,Margin of Error; Total: - Renter occupied
0500000US01003,01003,"Baldwin County, Alabama",5658,884,3272,783,2386,872
0500000US01015,01015,"Calhoun County, Alabama",9606,692,4318,664,5288,912
0500000US01051,01051,"Elmore County, Alabama",5415,903,3885,1023,1530,862
0500000US01055,01055,"Etowah County, Alabama",5245,669,2556,632,2689,681
0500000US01069,01069,"Houston County, Alabama",9146,565,3840,344,5306,525
0500000US01073,01073,"Jefferson County, Alabama",107259,3142,54112,2866,53147,2973
0500000US01077,01077,"Lauderdale County, Alabama",3190,637,1044,330,2146,680
0500000US01081,01081,"Lee County, Alabama",12908,972,6391,1077,6517,1039
0500000US01083,01083,"Limestone County, Alabama",3955,749,2951,623,1004,502
0500000US01089,01089,"Madison County, Alabama",32131,1611,16285,1464,15846,1868
0500000US01095,01095,"Marshall County, Alabama",567,215,126,57,441,219
0500000US01097,01097,"Mobile County, Alabama",51544,2156,24632,1703,26912,2236
0500000US01101,01101,"Montgomery County, Alabama",48221,1662,24265,1429,23956,1933
0500000US01103,01103,"Morgan County, Alabama",5840,660,1876,564,3964,807
0500000US01115,01115,"St. Clair County, Alabama",2429,568,1855,496,574,453
0500000US01117,01117,"Shelby County, Alabama",8570,984,4616,835,3954,842
0500000US01121,01121,"Talladega County, Alabama",11111,942,6544,846,4567,908
0500000US01125,01125,"Tuscaloosa County, Alabama",19627,1465,9341,1010,10286,1272
0500000US01127,01127,"Walker County, Alabama",1080,284,364,160,716,221
0500000US02020,02020,"Anchorage Municipality, Alaska",7021,1037,1330,652,5691,1177
0500000US02090,02090,"Fairbanks North Star Borough, Alaska",1927,590,488,291,1439,627
0500000US02170,02170,"Matanuska-Susitna Borough, Alaska",387,135,162,150,225,158
0500000US04003,04003,"Cochise County, Arizona",2104,422,965,515,1139,589
0500000US04013,04013,"Maricopa County, Arizona",75211,2899,23934,1994,51277,3174
0500000US04019,04019,"Pima County, Arizona",13386,1100,4163,790,9223,1361
0500000US04021,04021,"Pinal County, Arizona",6164,864,3463,1023,2701,897
0500000US04027,04027,"Yuma County, Arizona",986,559,185,214,801,579
0500000US05007,05007,"Benton County, Arkansas",862,298,330,309,532,335
0500000US05031,05031,"Craighead County, Arkansas",4299,505,1059,468,3240,601
0500000US05045,05045,"Faulkner County, Arkansas",4617,641,1274,546,3343,842
0500000US05051,05051,"Garland County, Arkansas",2633,590,800,306,1833,574
0500000US05069,05069,"Jefferson County, Arkansas",15681,1009,7748,752,7933,1119
0500000US05085,05085,"Lonoke County, Arkansas",1450,351,892,236,558,345
0500000US05119,05119,"Pulaski County, Arkansas",53095,2222,23922,1728,29173,2487
0500000US05125,05125,"Saline County, Arkansas",2012,450,1288,481,724,520
0500000US05131,05131,"Sebastian County, Arkansas",3313,598,1060,472,2253,662
0500000US05143,05143,"Washington County, Arkansas",2738,513,300,220,2438,497
0500000US05145,05145,"White County, Arkansas",1349,434,325,340,1024,347
0500000US06001,06001,"Alameda County, California",77641,2423,23567,1879,54074,2489
0500000US06007,06007,"Butte County, California",1018,375,304,113,714,388
0500000US06013,06013,"Contra Costa County, California",36227,1754,14360,1355,21867,1702
0500000US06019,06019,"Fresno County, California",16797,1313,4814,769,11983,1339
0500000US06029,06029,"Kern County, California",14176,1891,4409,1183,9767,1741
0500000US06031,06031,"Kings County, California",2436,514,603,362,1833,628
0500000US06033,06033,"Lake County, California",461,362,187,119,274,332
0500000US06037,06037,"Los Angeles County, California",328646,5759,112374,3992,216272,6275
0500000US06039,06039,"Madera County, California",1293,552,254,222,1039,522
0500000US06041,06041,"Marin County, California",974,332,467,211,507,307
0500000US06047,06047,"Merced County, California",3192,538,1290,533,1902,711
0500000US06053,06053,"Monterey County, California",3748,649,1312,455,2436,584
0500000US06055,06055,"Napa County, California",499,258,121,130,378,220
0500000US06059,06059,"Orange County, California",18461,1463,5661,1046,12800,1565
0500000US06061,06061,"Placer County, California",1115,448,886,392,229,274
0500000US06065,06065,"Riverside County, California",43814,2434,21616,1973,22198,2313
0500000US06067,06067,"Sacramento County, California",52837,2353,17189,1750,35648,2289
0500000US06071,06071,"San Bernardino County, California",54271,3150,22869,2596,31402,2772
0500000US06073,06073,"San Diego County, California",55313,2199,14989,1578,40324,2302
0500000US06075,06075,"San Francisco County, California",19624,1703,4802,764,14822,1877
0500000US06077,06077,"San Joaquin County, California",16172,1502,6649,986,9523,1572
0500000US06079,06079,"San Luis Obispo County, California",2040,987,238,283,1802,1042
0500000US06081,06081,"San Mateo County, California",7566,919,2787,527,4779,959
0500000US06083,06083,"Santa Barbara County, California",2512,470,613,221,1899,521
0500000US06085,06085,"Santa Clara County, California",17763,1345,5615,827,12148,1414
0500000US06087,06087,"Santa Cruz County, California",1263,564,528,372,735,596
0500000US06095,06095,"Solano County, California",20257,1446,9509,1016,10748,1430
0500000US06097,06097,"Sonoma County, California",2150,586,1113,476,1037,412
0500000US06099,06099,"Stanislaus County, California",4360,824,1474,433,2886,810
0500000US06101,06101,"Sutter County, California",431,330,173,167,258,260
0500000US06107,06107,"Tulare County, California",1906,671,424,412,1482,572
0500000US06111,06111,"Ventura County, California",5232,847,1461,449,3771,779
0500000US06113,06113,"Yolo County, California",2017,665,293,199,1724,716
0500000US06115,06115,"Yuba County, California",684,213,441,200,243,209
0500000US08001,08001,"Adams County, Colorado",4173,727,1612,570,2561,713
0500000US08005,08005,"Arapahoe County, Colorado",21175,1332,8328,1073,12847,1456
0500000US08013,08013,"Boulder County, Colorado",822,372,385,252,437,304
0500000US08031,08031,"Denver County, Colorado",24596,1624,9430,1117,15166,1723
0500000US08035,08035,"Douglas County, Colorado",1700,370,815,406,885,407
0500000US08041,08041,"El Paso County, Colorado",13932,1460,6465,985,7467,1248
0500000US08059,08059,"Jefferson County, Colorado",1987,445,717,380,1270,481
0500000US08069,08069,"Larimer County, Colorado",727,368,478,380,249,243
0500000US08101,08101,"Pueblo County, Colorado",692,343,280,214,412,260
0500000US08123,08123,"Weld County, Colorado",779,304,119,112,660,295
0500000US09001,09001,"Fairfield County, Connecticut",36666,1865,15934,1553,20732,1691
0500000US09003,09003,"Hartford County, Connecticut",42201,1958,15724,1433,26477,2120
0500000US09005,09005,"Litchfield County, Connecticut",819,380,474,289,345,372
0500000US09007,09007,"Middlesex County, Connecticut",3371,602,1224,395,2147,709
0500000US09009,09009,"New Haven County, Connecticut",40792,1746,14092,1398,26700,1730
0500000US09011,09011,"New London County, Connecticut",5096,840,2104,668,2992,818
0500000US09013,09013,"Tolland County, Connecticut",981,512,377,383,604,400
0500000US09015,09015,"Windham County, Connecticut",748,328,256,257,492,372
0500000US10001,10001,"Kent County, Delaware",12767,1278,7145,937,5622,1407
0500000US10003,10003,"New Castle County, Delaware",46400,1873,22899,1718,23501,1782
0500000US10005,10005,"Sussex County, Delaware",8158,883,3992,582,4166,883
0500000US11001,11001,"District of Columbia, District of Columbia",124481,2767,46717,2585,77764,3350
0500000US12001,12001,"Alachua County, Florida",16437,1252,6632,1035,9805,1335
0500000US12005,12005,"Bay County, Florida",7050,839,2627,594,4423,922
0500000US12009,12009,"Brevard County, Florida",19414,1978,11148,1353,8266,1745
0500000US12011,12011,"Broward County, Florida",151738,4623,73324,3276,78414,4289
0500000US12015,12015,"Charlotte County, Florida",2678,866,1943,780,735,461
0500000US12017,12017,"Citrus County, Florida",1356,435,1033,465,323,341
0500000US12019,12019,"Clay County, Florida",5761,1289,2749,1140,3012,1253
0500000US12021,12021,"Collier County, Florida",4366,897,1613,539,2753,716
0500000US12023,12023,"Columbia County, Florida",3158,683,1866,616,1292,557
0500000US12031,12031,"Duval County, Florida",90820,3367,42039,2765,48781,3282
0500000US12033,12033,"Escambia County, Florida",23195,1527,10461,1295,12734,1571
0500000US12035,12035,"Flagler County, Florida",4282,619,2517,491,1765,620
0500000US12053,12053,"Hernando County, Florida",2907,505,1537,404,1370,552
0500000US12055,12055,"Highlands County, Florida",2843,585,2013,619,830,444
0500000US12057,12057,"Hillsborough County, Florida",78353,2532,30953,1958,47400,3236
0500000US12061,12061,"Indian River County, Florida",3940,709,1300,429,2640,766
0500000US12069,12069,"Lake County, Florida",9159,1088,4333,1074,4826,1106
0500000US12071,12071,"Lee County, Florida",15429,1486,7355,1176,8074,1502
0500000US12073,12073,"Leon County, Florida",30705,1809,11263,981,19442,1923
0500000US12081,12081,"Manatee County, Florida",9161,1040,4090,820,5071,935
0500000US12083,12083,"Marion County, Florida",13880,1162,6643,818,7237,1380
0500000US12085,12085,"Martin County, Florida",2558,726,981,487,1577,626
0500000US12086,12086,"Miami-Dade County, Florida",143090,3736,61994,3020,81096,3533
0500000US12087,12087,"Monroe County, Florida",1184,366,438,163,746,342
0500000US12089,12089,"Nassau County, Florida",1710,546,1022,443,688,413
0500000US12091,12091,"Okaloosa County, Florida",6359,899,2617,400,3742,864
0500000US12095,12095,"Orange County, Florida",79144,3256,29432,2183,49712,3047
0500000US12097,12097,"Osceola County, Florida",10603,1416,5471,945,5132,1424
0500000US12099,12099,"Palm Beach County, Florida",68283,3078,31840,2046,36443,2513
0500000US12101,12101,"Pasco County, Florida",6514,768,3899,711,2615,859
0500000US12103,12103,"Pinellas County, Florida",34452,2093,12552,1382,21900,2111
0500000US12105,12105,"Polk County, Florida",29903,1824,14449,1613,15454,1690
0500000US12107,12107,"Putnam County, Florida",4497,755,1381,418,3116,800
0500000US12109,12109,"St. Johns County, Florida",3575,668,2627,594,948,466
0500000US12111,12111,"St. Lucie County, Florida",16168,1436,8738,1389,7430,1541
0500000US12113,12113,"Santa Rosa County, Florida",3086,963,1319,488,1767,935
0500000US12115,12115,"Sarasota County, Florida",7463,838,4174,1032,3289,831
0500000US12117,12117,"Seminole County, Florida",14865,1154,7590,941,7275,1161
0500000US12119,12119,"Sumter County, Florida",1466,609,1180,491,286,256
0500000US12127,12127,"Volusia County, Florida",17407,1484,7920,1034,9487,1302
0500000US13013,13013,"Barrow County, Georgia",2924,425,1683,389,1241,604
0500000US13015,13015,"Bartow County, Georgia",4199,641,1290,327,2909,739
0500000US13021,13021,"Bibb County, Georgia",27748,1332,10401,1087,17347,1420
0500000US13031,13031,"Bulloch County, Georgia",6899,799,2303,763,4596,858
0500000US13045,13045,"Carroll County, Georgia",6710,964,3333,675,3377,857
0500000US13047,13047,"Catoosa County, Georgia",605,260,199,148,406,298
0500000US13051,13051,"Chatham County, Georgia",37881,1772,16581,1662,21300,1873
0500000US13057,13057,"Cherokee County, Georgia",4159,703,2790,806,1369,613
0500000US13059,13059,"Clarke County, Georgia",11496,1154,4365,694,7131,1225
0500000US13063,13063,"Clayton County, Georgia",58576,2025,26006,2258,32570,2499
0500000US13067,13067,"Cobb County, Georgia",69008,2557,29254,2238,39754,2913
0500000US13073,13073,"Columbia County, Georgia",6769,1008,4349,1035,2420,890
0500000US13077,13077,"Coweta County, Georgia",8032,913,4089,700,3943,1070
0500000US13089,13089,"DeKalb County, Georgia",135236,3224,70964,2946,64272,3737
0500000US13095,13095,"Dougherty County, Georgia",22943,1267,7815,982,15128,1290
0500000US13097,13097,"Douglas County, Georgia",19168,1145,10921,1237,8247,1504
0500000US13113,13113,"Fayette County, Georgia",6900,850,5033,880,1867,701
0500000US13115,13115,"Floyd County, Georgia",4724,693,2194,585,2530,715
0500000US13117,13117,"Forsyth County, Georgia",1480,356,1286,282,194,214
0500000US13121,13121,"Fulton County, Georgia",156309,4330,63213,3057,93096,4382
0500000US13127,13127,"Glynn County, Georgia",7101,938,2860,698,4241,893
0500000US13135,13135,"Gwinnett County, Georgia",68848,2702,32342,2642,36506,3377
0500000US13139,13139,"Hall County, Georgia",4477,680,2205,513,2272,765
0500000US13151,13151,"Henry County, Georgia",26187,1806,16330,1920,9857,2071
0500000US13153,13153,"Houston County, Georgia",12832,1094,6441,934,6391,1195
0500000US13179,13179,"Liberty County, Georgia",9206,829,4940,756,4266,901
0500000US13185,13185,"Lowndes County, Georgia",14193,943,4618,792,9575,1196
0500000US13215,13215,"Muscogee County, Georgia",32889,1841,13855,1255,19034,1887
0500000US13217,13217,"Newton County, Georgia",13638,1140,8517,1374,5121,1356
0500000US13223,13223,"Paulding County, Georgia",7588,896,6985,962,603,584
0500000US13245,13245,"Richmond County, Georgia",39221,2006,17489,1446,21732,2069
0500000US13247,13247,"Rockdale County, Georgia",13631,955,7280,1144,6351,1159
0500000US13285,13285,"Troup County, Georgia",8364,828,3325,752,5039,887
0500000US13297,13297,"Walton County, Georgia",4746,681,2438,896,2308,900
0500000US13313,13313,"Whitfield County, Georgia",1288,490,471,235,817,412
0500000US15003,15003,"Honolulu County, Hawaii",9511,1188,1606,516,7905,1159
0500000US16001,16001,"Ada County, Idaho",1546,814,316,308,1230,803
0500000US16005,16005,"Bannock County, Idaho",362,242,84,87,278,254
0500000US17001,17001,"Adams County, Illinois",736,216,401,190,335,154
0500000US17019,17019,"Champaign County, Illinois",8872,853,2794,810,6078,1214
0500000US17031,17031,"Cook County, Illinois",467798,5524,187244,4761,280554,5976
0500000US17037,17037,"DeKalb County, Illinois",2441,617,342,211,2099,648
0500000US17043,17043,"DuPage County, Illinois",16397,1268,4630,844,11767,1390
0500000US17089,17089,"Kane County, Illinois",8818,1228,2353,614,6465,1421
0500000US17091,17091,"Kankakee County, Illinois",5796,717,2003,520,3793,735
0500000US17093,17093,"Kendall County, Illinois",2362,960,948,899,1414,712
0500000US17097,17097,"Lake County, Illinois",17707,1305,8046,1195,9661,1267
0500000US17099,17099,"LaSalle County, Illinois",610,277,258,235,352,247
0500000US17111,17111,"McHenry County, Illinois",1040,238,461,315,579,414
0500000US17113,17113,"McLean County, Illinois",4457,515,1501,466,2956,639
0500000US17115,17115,"Macon County, Illinois",7035,692,2470,486,4565,766
0500000US17119,17119,"Madison County, Illinois",8206,720,3063,497,5143,798
0500000US17143,17143,"Peoria County, Illinois",12465,966,4093,757,8372,1132
0500000US17161,17161,"Rock Island County, Illinois",5094,551,1914,643,3180,589
0500000US17163,17163,"St. Clair County, Illinois",28593,1614,10777,1178,17816,1746
0500000US17167,17167,"Sangamon County, Illinois",9007,938,2480,673,6527,1011
0500000US17183,17183,"Vermilion County, Illinois",2805,531,1142,420,1663,633
0500000US17197,17197,"Will County, Illinois",23091,1251,12824,1199,10267,1197
0500000US17199,17199,"Williamson County, Illinois",971,264,292,265,679,327
0500000US17201,17201,"Winnebago County, Illinois",12310,984,4030,684,8280,1156
0500000US18003,18003,"Allen County, Indiana",16497,1175,5762,809,10735,1163
0500000US18019,18019,"Clark County, Indiana",2839,526,1530,439,1309,568
0500000US18035,18035,"Delaware County, Indiana",1652,482,738,279,914,421
0500000US18039,18039,"Elkhart County, Indiana",3887,663,1194,603,2693,804
0500000US18043,18043,"Floyd County, Indiana",1180,251,409,168,771,263
0500000US18053,18053,"Grant County, Indiana",2326,425,1168,499,1158,530
0500000US18057,18057,"Hamilton County, Indiana",4295,798,2681,805,1614,730
0500000US18059,18059,"Hancock County, Indiana",693,367,327,260,366,383
0500000US18063,18063,"Hendricks County, Indiana",2479,638,1682,765,797,657
0500000US18067,18067,"Howard County, Indiana",2528,586,943,372,1585,645
0500000US18089,18089,"Lake County, Indiana",46232,1712,19429,1404,26803,1745
0500000US18091,18091,"LaPorte County, Indiana",2988,459,843,385,2145,525
0500000US18095,18095,"Madison County, Indiana",3395,494,1863,383,1532,442
0500000US18097,18097,"Marion County, Indiana",96572,2577,33167,2131,63405,3202
0500000US18105,18105,"Monroe County, Indiana",1892,541,931,466,961,466
0500000US18127,18127,"Porter County, Indiana",1994,338,394,266,1600,470
0500000US18141,18141,"St. Joseph County, Indiana",12797,904,4763,639,8034,1120
0500000US18157,18157,"Tippecanoe County, Indiana",2893,591,489,408,2404,730
0500000US18163,18163,"Vanderburgh County, Indiana",6548,933,2223,600,4325,1000
0500000US18167,18167,"Vigo County, Indiana",1979,542,803,375,1176,501
0500000US18177,18177,"Wayne County, Indiana",1767,458,641,302,1126,464
0500000US19013,19013,"Black Hawk County, Iowa",5257,584,1748,470,3509,670
0500000US19103,19103,"Johnson County, Iowa",2655,437,500,304,2155,499
0500000US19113,19113,"Linn County, Iowa",3055,489,1078,521,1977,575
0500000US19153,19153,"Polk County, Iowa",8913,1017,3121,570,5792,855
0500000US19155,19155,"Pottawattamie County, Iowa",421,108,112,102,309,162
0500000US19163,19163,"Scott County, Iowa",4368,725,1431,443,2937,709
0500000US19169,19169,"Story County, Iowa",1052,411,185,218,867,392
0500000US19193,19193,"Woodbury County, Iowa",580,218,261,177,319,200
0500000US20045,20045,"Douglas County, Kansas",1271,657,521,381,750,524
0500000US20091,20091,"Johnson County, Kansas",9087,888,3380,807,5707,1080
0500000US20103,20103,"Leavenworth County, Kansas",2363,625,966,498,1397,564
0500000US20161,20161,"Riley County, Kansas",1500,517,593,340,907,528
0500000US20173,20173,"Sedgwick County, Kansas",18673,1283,6776,1072,11897,1515
0500000US20177,20177,"Shawnee County, Kansas",5727,874,1736,664,3991,895
0500000US20209,20209,"Wyandotte County, Kansas",16699,929,7305,887,9394,1164
0500000US21015,21015,"Boone County, Kentucky",1277,301,436,395,841,475
0500000US21037,21037,"Campbell County, Kentucky",894,414,197,232,697,472
0500000US21047,21047,"Christian County, Kentucky",5545,757,1876,468,3669,716
0500000US21059,21059,"Daviess County, Kentucky",1642,445,664,402,978,468
0500000US21067,21067,"Fayette County, Kentucky",17374,1207,6076,883,11298,1363
0500000US21093,21093,"Hardin County, Kentucky",4901,604,2053,459,2848,712
0500000US21111,21111,"Jefferson County, Kentucky",63901,2238,22561,1735,41340,2085
0500000US21117,21117,"Kenton County, Kentucky",4123,586,1070,604,3053,737
0500000US21145,21145,"McCracken County, Kentucky",2812,510,926,328,1886,539
0500000US21151,21151,"Madison County, Kentucky",1592,634,391,257,1201,596
0500000US21227,21227,"Warren County, Kentucky",4615,843,1003,336,3612,830
0500000US22005,22005,"Ascension Parish, Louisiana",8442,864,4949,1106,3493,1066
0500000US22015,22015,"Bossier Parish, Louisiana",8760,730,3966,712,4794,789
0500000US22017,22017,"Caddo Parish, Louisiana",42938,1733,19771,1481,23167,1856
0500000US22019,22019,"Calcasieu Parish, Louisiana",17429,1228,8996,1016,8433,1373
0500000US22033,22033,"East Baton Rouge Parish, Louisiana",69644,2441,35404,2362,34240,2564
0500000US22045,22045,"Iberia Parish, Louisiana",8172,769,4843,713,3329,782
0500000US22051,22051,"Jefferson Parish, Louisiana",40905,1516,17547,1362,23358,2012
0500000US22055,22055,"Lafayette Parish, Louisiana",21213,1471,10978,1526,10235,1649
0500000US22057,22057,"Lafourche Parish, Louisiana",4467,583,2778,700,1689,608
0500000US22063,22063,"Livingston Parish, Louisiana",2453,567,1375,543,1078,482
0500000US22071,22071,"Orleans Parish, Louisiana",85495,2199,36596,2030,48899,2340
0500000US22073,22073,"Ouachita Parish, Louisiana",19582,1137,7477,908,12105,1202
0500000US22079,22079,"Rapides Parish, Louisiana",14031,1173,5900,813,8131,1143
0500000US22097,22097,"St. Landry Parish, Louisiana",11572,970,6288,795,5284,892
0500000US22103,22103,"St. Tammany Parish, Louisiana",9237,782,5006,906,4231,1022
0500000US22105,22105,"Tangipahoa Parish, Louisiana",10987,1202,6150,928,4837,1043
0500000US22109,22109,"Terrebonne Parish, Louisiana",6923,830,3842,762,3081,826
0500000US23001,23001,"Androscoggin County, Maine",442,174,48,46,394,171
0500000US23005,23005,"Cumberland County, Maine",1949,541,263,204,1686,533
0500000US23019,23019,"Penobscot County, Maine",601,383,174,171,427,392
0500000US24001,24001,"Allegany County, Maryland",1157,758,479,482,678,580
0500000US24003,24003,"Anne Arundel County, Maryland",31127,1640,15708,1511,15419,2064
0500000US24005,24005,"Baltimore County, Maryland",78866,2365,35872,2593,42994,2713
0500000US24009,24009,"Calvert County, Maryland",3736,603,2258,467,1478,650
0500000US24013,24013,"Carroll County, Maryland",1509,642,1065,545,444,352
0500000US24015,24015,"Cecil County, Maryland",2181,514,770,391,1411,500
0500000US24017,24017,"Charles County, Maryland",21481,1109,15584,1231,5897,1090
0500000US24021,24021,"Frederick County, Maryland",7689,809,3907,734,3782,957
0500000US24025,24025,"Harford County, Maryland",10659,866,6592,925,4067,810
0500000US24027,24027,"Howard County, Maryland",19150,1339,10583,1398,8567,1465
0500000US24031,24031,"Montgomery County, Maryland",60378,2039,26246,1853,34132,2478
0500000US24033,24033,"Prince George's County, Maryland",205333,2756,121194,3627,84139,3619
0500000US24037,24037,"St. Mary's County, Maryland",5761,674,3200,695,2561,637
0500000US24043,24043,"Washington County, Maryland",3107,782,962,424,2145,660
0500000US24045,24045,"Wicomico County, Maryland",8552,911,3105,733,5447,1082
0500000US24510,24510,"Baltimore city, Maryland",147058,3302,59698,3235,87360,3631
0500000US25001,25001,"Barnstable County, Massachusetts",1316,433,502,351,814,449
0500000US25003,25003,"Berkshire County, Massachusetts",824,363,293,212,531,284
0500000US25005,25005,"Bristol County, Massachusetts",6374,839,1648,394,4726,923
0500000US25009,25009,"Essex County, Massachusetts",10284,1033,2889,570,7395,1092
0500000US25013,25013,"Hampden County, Massachusetts",14134,1083,5443,766,8691,1158
0500000US25015,25015,"Hampshire County, Massachusetts",1728,523,331,299,1397,521
0500000US25017,25017,"Middlesex County, Massachusetts",23836,1600,8059,1213,15777,1737
0500000US25021,25021,"Norfolk County, Massachusetts",14062,1369,5227,1024,8835,1548
0500000US25023,25023,"Plymouth County, Massachusetts",13343,1136,6313,995,7030,1305
0500000US25025,25025,"Suffolk County, Massachusetts",57079,2477,14210,1430,42869,2885
0500000US25027,25027,"Worcester County, Massachusetts",9574,1035,3016,700,6558,1041
0500000US26017,26017,"Bay County, Michigan",778,257,503,304,275,175
0500000US26021,26021,"Berrien County, Michigan",9010,864,3076,610,5934,1016
0500000US26025,26025,"Calhoun County, Michigan",6439,682,1884,489,4555,776
0500000US26037,26037,"Clinton County, Michigan",412,193,150,112,262,197
0500000US26045,26045,"Eaton County, Michigan",2535,545,1241,434,1294,409
0500000US26049,26049,"Genesee County, Michigan",34804,1323,16376,1500,18428,1680
0500000US26065,26065,"Ingham County, Michigan",12654,1144,3796,721,8858,1199
0500000US26073,26073,"Isabella County, Michigan",594,252,90,130,504,267
0500000US26075,26075,"Jackson County, Michigan",3476,538,1022,391,2454,575
0500000US26077,26077,"Kalamazoo County, Michigan",10713,1271,4061,875,6652,1247
0500000US26081,26081,"Kent County, Michigan",21254,1596,7139,1068,14115,1717
0500000US26093,26093,"Livingston County, Michigan",297,145,97,94,200,131
0500000US26099,26099,"Macomb County, Michigan",31867,1508,10295,1310,21572,1858
0500000US26111,26111,"Midland County, Michigan",318,150,157,163,161,114
0500000US26115,26115,"Monroe County, Michigan",1256,288,501,287,755,362
0500000US26121,26121,"Muskegon County, Michigan",8750,917,3467,639,5283,968
0500000US26125,26125,"Oakland County, Michigan",69545,2286,29241,1883,40304,2411
0500000US26139,26139,"Ottawa County, Michigan",870,359,299,214,571,325
0500000US26145,26145,"Saginaw County, Michigan",13082,896,6400,937,6682,965
0500000US26147,26147,"St. Clair County, Michigan",1536,401,504,223,1032,367
0500000US26159,26159,"Van Buren County, Michigan",1033,257,669,305,364,195
0500000US26161,26161,"Washtenaw County, Michigan",15956,1398,5471,862,10485,1340
0500000US26163,26163,"Wayne County, Michigan",262083,3837,121110,3779,140973,4078
0500000US27003,27003,"Anoka County, Minnesota",4161,597,923,374,3238,705
0500000US27037,27037,"Dakota County, Minnesota",7346,809,1705,625,5641,976
0500000US27053,27053,"Hennepin County, Minnesota",53068,1806,11620,1494,41448,2131
0500000US27109,27109,"Olmsted County, Minnesota",1560,464,537,327,1023,503
0500000US27123,27123,"Ramsey County, Minnesota",20058,1208,3561,756,16497,1394
0500000US27137,27137,"St. Louis County, Minnesota",804,387,144,153,660,320
0500000US27139,27139,"Scott County, Minnesota",615,360,384,260,231,236
0500000US27145,27145,"Stearns County, Minnesota",2156,492,236,366,1920,585
0500000US27163,27163,"Washington County, Minnesota",2896,671,939,421,1957,672
0500000US28033,28033,"DeSoto County, Mississippi",12815,955,6804,825,6011,1064
0500000US28035,28035,"Forrest County, Mississippi",9507,1036,3188,736,6319,1080
0500000US28047,28047,"Harrison County, Mississippi",15964,1043,6397,971,9567,1264
0500000US28049,28049,"Hinds County, Mississippi",57037,1834,28987,1910,28050,2095
0500000US28059,28059,"Jackson County, Mississippi",9597,1060,5086,866,4511,986
0500000US28067,28067,"Jones County, Mississippi",6930,784,2970,558,3960,811
0500000US28075,28075,"Lauderdale County, Mississippi",12552,1116,5773,894,6779,1019
0500000US28081,28081,"Lee County, Mississippi",8802,840,3935,563,4867,905
0500000US28089,28089,"Madison County, Mississippi",12875,980,6697,893,6178,974
0500000US28121,28121,"Rankin County, Mississippi",8632,1121,5296,906,3336,772
0500000US29019,29019,"Boone County, Missouri",3927,898,1213,623,2714,791
0500000US29021,29021,"Buchanan County, Missouri",1251,485,411,274,840,480
0500000US29031,29031,"Cape Girardeau County, Missouri",1971,469,904,394,1067,526
0500000US29037,29037,"Cass County, Missouri",1565,425,866,528,699,843
0500000US29047,29047,"Clay County, Missouri",4620,800,1470,453,3150,969
0500000US29051,29051,"Cole County, Missouri",2114,584,452,269,1662,506
0500000US29077,29077,"Greene County, Missouri",3017,771,551,333,2466,763
0500000US29095,29095,"Jackson County, Missouri",63823,1855,24400,1830,39423,2379
0500000US29097,29097,"Jasper County, Missouri",952,273,141,117,811,297
0500000US29099,29099,"Jefferson County, Missouri",387,246,231,197,156,168
0500000US29165,29165,"Platte County, Missouri",2997,469,460,330,2537,596
0500000US29183,29183,"St. Charles County, Missouri",5094,642,2486,456,2608,771
0500000US29189,29189,"St. Louis County, Missouri",91304,2842,43920,2559,47384,2449
0500000US29510,29510,"St. Louis city, Missouri",63108,2071,20668,1748,42440,2042
0500000US31055,31055,"Douglas County, Nebraska",23289,1207,7546,939,15743,1194
0500000US31109,31109,"Lancaster County, Nebraska",3328,561,689,393,2639,631
0500000US31153,31153,"Sarpy County, Nebraska",2636,726,1512,655,1124,508
0500000US32003,32003,"Clark County, Nevada",76433,3267,24656,2271,51777,3227
0500000US32031,32031,"Washoe County, Nevada",4274,838,1284,475,2990,944
0500000US33011,33011,"Hillsborough County, New Hampshire",2697,700,1001,565,1696,635
0500000US33013,33013,"Merrimack County, New Hampshire",378,267,123,125,255,247
0500000US33015,33015,"Rockingham County, New Hampshire",744,275,501,262,243,263
0500000US34001,34001,"Atlantic County, New Jersey",15688,1400,5954,818,9734,1462
0500000US34003,34003,"Bergen County, New Jersey",18557,1468,8675,1312,9882,1588
0500000US34005,34005,"Burlington County, New Jersey",24789,1525,14572,1486,10217,1596
0500000US34007,34007,"Camden County, New Jersey",35525,2069,17772,1530,17753,2097
0500000US34009,34009,"Cape May County, New Jersey",1149,449,380,242,769,417
0500000US34011,34011,"Cumberland County, New Jersey",8101,902,4186,703,3915,927
0500000US34013,34013,"Essex County, New Jersey",114684,2866,32759,1982,81925,3218
0500000US34015,34015,"Gloucester County, New Jersey",10833,926,6127,767,4706,798
0500000US34017,34017,"Hudson County, New Jersey",31128,2054,7558,1097,23570,2078
0500000US34019,34019,"Hunterdon County, New Jersey",502,280,419,284,83,97
0500000US34021,34021,"Mercer County, New Jersey",26415,1705,10916,1487,15499,1868
0500000US34023,34023,"Middlesex County, New Jersey",27409,1513,13731,1267,13678,1708
0500000US34025,34025,"Monmouth County, New Jersey",18015,1159,7995,812,10020,1391
0500000US34027,34027,"Morris County, New Jersey",5311,900,2797,731,2514,667
0500000US34029,34029,"Ocean County, New Jersey",5808,725,3523,539,2285,877
0500000US34031,34031,"Passaic County, New Jersey",21371,1540,4946,907,16425,1521
0500000US34033,34033,"Salem County, New Jersey",3548,503,1555,364,1993,602
0500000US34035,34035,"Somerset County, New Jersey",9736,694,5565,675,4171,794
0500000US34037,34037,"Sussex County, New Jersey",883,295,594,234,289,223
0500000US34039,34039,"Union County, New Jersey",41379,1740,19115,1669,22264,2131
0500000US34041,34041,"Warren County, New Jersey",1374,401,652,278,722,444
0500000US35001,35001,"Bernalillo County, New Mexico",7750,953,3347,797,4403,855
0500000US35005,35005,"Chaves County, New Mexico",539,231,273,236,266,219
0500000US35013,35013,"Doña Ana County, New Mexico",1070,414,773,433,297,246
0500000US35025,35025,"Lea County, New Mexico",639,352,155,163,484,376
0500000US35035,35035,"Otero County, New Mexico",757,399,283,145,474,476
0500000US35049,35049,"Santa Fe County, New Mexico",601,296,198,95,403,306
0500000US36001,36001,"Albany County, New York",13539,1021,3933,765,9606,1140
0500000US36005,36005,"Bronx County, New York",166391,3591,30748,2530,135643,3947
0500000US36007,36007,"Broome County, New York",3180,570,796,358,2384,584
0500000US36009,36009,"Cattaraugus County, New York",241,120,187,133,54,60
0500000US36013,36013,"Chautauqua County, New York",631,349,304,220,327,302
0500000US36015,36015,"Chemung County, New York",1578,606,334,246,1244,599
0500000US36027,36027,"Dutchess County, New York",8851,1088,3815,653,5036,1053
0500000US36029,36029,"Erie County, New York",49747,1888,16856,1343,32891,2207
0500000US36045,36045,"Jefferson County, New York",2152,483,290,241,1862,460
0500000US36047,36047,"Kings County, New York",318529,4213,83405,3243,235124,4910
0500000US36055,36055,"Monroe County, New York",42048,1884,13615,1274,28433,1907
0500000US36059,36059,"Nassau County, New York",44695,1727,28195,1497,16500,1746
0500000US36061,36061,"New York County, New York",98560,4059,9379,1435,89181,3935
0500000US36063,36063,"Niagara County, New York",5222,981,1422,484,3800,886
0500000US36065,36065,"Oneida County, New York",4049,718,756,335,3293,805
0500000US36067,36067,"Onondaga County, New York",18781,1085,5369,750,13412,1207
0500000US36069,36069,"Ontario County, New York",613,277,290,190,323,274
0500000US36071,36071,"Orange County, New York",12717,1041,7067,955,5650,1131
0500000US36079,36079,"Putnam County, New York",780,366,478,252,302,273
0500000US36081,36081,"Queens County, New York",135800,3327,63683,2598,72117,3340
0500000US36083,36083,"Rensselaer County, New York",2940,633,799,352,2141,500
0500000US36085,36085,"Richmond County, New York",16651,1349,5585,1051,11066,1576
0500000US36087,36087,"Rockland County, New York",11401,995,6233,909,5168,1116
0500000US36091,36091,"Saratoga County, New York",885,401,564,380,321,206
0500000US36093,36093,"Schenectady County, New York",5254,908,1846,699,3408,881
0500000US36101,36101,"Steuben County, New York",528,235,220,187,308,220
0500000US36103,36103,"Suffolk County, New York",31562,1852,18941,1715,12621,1535
0500000US36105,36105,"Sullivan County, New York",2039,607,663,372,1376,656
0500000US36109,36109,"Tompkins County, New York",999,407,262,178,737,414
0500000US36111,36111,"Ulster County, New York",2866,587,1659,518,1207,541
0500000US36117,36117,"Wayne County, New York",895,295,473,231,422,258
0500000US36119,36119,"Westchester County, New York",48954,2637,17389,1280,31565,2599
0500000US37001,37001,"Alamance County, North Carolina",11378,964,5578,801,5800,1056
0500000US37019,37019,"Brunswick County, North Carolina",4258,749,3184,703,1074,505
0500000US37021,37021,"Buncombe County, North Carolina",6166,995,2557,742,3609,1015
0500000US37023,37023,"Burke County, North Carolina",2579,554,1421,594,1158,564
0500000US37025,37025,"Cabarrus County, North Carolina",9529,1057,4872,792,4657,875
0500000US37027,37027,"Caldwell County, North Carolina",1728,585,776,332,952,566
0500000US37031,37031,"Carteret County, North Carolina",1497,399,615,272,882,440
0500000US37035,37035,"Catawba County, North Carolina",5095,866,1859,457,3236,881
0500000US37037,37037,"Chatham County, North Carolina",3725,601,2443,626,1282,552
0500000US37045,37045,"Cleveland County, North Carolina",7309,725,3657,607,3652,759
0500000US37049,37049,"Craven County, North Carolina",8600,853,3899,643,4701,858
0500000US37051,37051,"Cumberland County, North Carolina",45844,1447,21829,1487,24015,1649
0500000US37057,37057,"Davidson County, North Carolina",6250,751,2604,776,3646,955
0500000US37063,37063,"Durham County, North Carolina",42207,1716,18090,1546,24117,1954
0500000US37067,37067,"Forsyth County, North Carolina",36611,1387,14754,1350,21857,1504
0500000US37071,37071,"Gaston County, North Carolina",11406,915,4424,584,6982,834
0500000US37081,37081,"Guilford County, North Carolina",63855,1997,27037,2319,36818,2687
0500000US37085,37085,"Harnett County, North Carolina",8602,797,4638,608,3964,810
0500000US37089,37089,"Henderson County, North Carolina",1390,437,572,373,818,393
0500000US37097,37097,"Iredell County, North Carolina",7043,923,2496,614,4547,1089
0500000US37101,37101,"Johnston County, North Carolina",9509,1078,5920,755,3589,990
0500000US37109,37109,"Lincoln County, North Carolina",1293,488,473,213,820,504
0500000US37119,37119,"Mecklenburg County, North Carolina",109323,3174,47306,2767,62017,3031
0500000US37125,37125,"Moore County, North Carolina",5296,842,3322,860,1974,659
0500000US37127,37127,"Nash County, North Carolina",12718,1083,5856,975,6862,1160
0500000US37129,37129,"New Hanover County, North Carolina",11152,999,4514,985,6638,1266
0500000US37133,37133,"Onslow County, North Carolina",11068,1178,4413,921,6655,1389
0500000US37135,37135,"Orange County, North Carolina",5876,823,2510,599,3366,856
0500000US37147,37147,"Pitt County, North Carolina",23297,1321,7224,1110,16073,1396
0500000US37151,37151,"Randolph County, North Carolina",3432,419,2018,548,1414,472
0500000US37155,37155,"Robeson County, North Carolina",10836,665,5358,639,5478,762
0500000US37157,37157,"Rockingham County, North Carolina",7063,709,3824,818,3239,911
0500000US37159,37159,"Rowan County, North Carolina",6846,943,2838,580,4008,953
0500000US37161,37161,"Rutherford County, North Carolina",3216,572,1661,651,1555,826
0500000US37171,37171,"Surry County, North Carolina",1293,255,695,286,598,272
0500000US37179,37179,"Union County, North Carolina",7632,746,4943,650,2689,630
0500000US37183,37183,"Wake County, North Carolina",73880,2899,33287,2100,40593,2560
0500000US37191,37191,"Wayne County, North Carolina",15117,1016,6221,697,8896,1040
0500000US37193,37193,"Wilkes County, North Carolina",1418,511,532,322,886,443
0500000US37195,37195,"Wilson County, North Carolina",11900,1070,4475,774,7425,1061
0500000US39003,39003,"Allen County, Ohio",5053,628,1837,503,3216,793
0500000US39007,39007,"Ashtabula County, Ohio",1110,307,626,279,484,237
0500000US39013,39013,"Belmont County, Ohio",712,364,446,298,266,222
0500000US39017,39017,"Butler County, Ohio",9769,950,4238,870,5531,990
0500000US39023,39023,"Clark County, Ohio",4841,588,2004,422,2837,717
0500000US39025,39025,"Clermont County, Ohio",1175,511,282,282,893,578
0500000US39035,39035,"Cuyahoga County, Ohio",152050,3204,56775,2575,95275,3213
0500000US39041,39041,"Delaware County, Ohio",2054,513,1288,479,766,522
0500000US39043,39043,"Erie County, Ohio",2397,559,702,310,1695,550
0500000US39045,39045,"Fairfield County, Ohio",2851,591,1938,561,913,658
0500000US39049,39049,"Franklin County, Ohio",93519,3223,29988,2016,63531,3608
0500000US39057,39057,"Greene County, Ohio",3788,795,1413,281,2375,747
0500000US39061,39061,"Hamilton County, Ohio",86824,2247,25584,1807,61240,2388
0500000US39063,39063,"Hancock County, Ohio",586,228,174,244,412,194
0500000US39081,39081,"Jefferson County, Ohio",1427,358,555,202,872,400
0500000US39085,39085,"Lake County, Ohio",3522,568,924,327,2598,645
0500000US39089,39089,"Licking County, Ohio",1943,451,942,312,1001,476
0500000US39093,39093,"Lorain County, Ohio",7918,935,3356,678,4562,841
0500000US39095,39095,"Lucas County, Ohio",33787,1800,13230,1362,20557,1973
0500000US39099,39099,"Mahoning County, Ohio",14302,1041,5869,784,8433,1017
0500000US39103,39103,"Medina County, Ohio",563,357,319,245,244,298
0500000US39113,39113,"Montgomery County, Ohio",47267,1830,18777,1375,28490,2133
0500000US39119,39119,"Muskingum County, Ohio",1101,405,481,339,620,391
0500000US39133,39133,"Portage County, Ohio",2643,593,781,527,1862,792
0500000US39139,39139,"Richland County, Ohio",3101,784,1126,429,1975,653
0500000US39141,39141,"Ross County, Ohio",559,278,305,179,254,192
0500000US39145,39145,"Scioto County, Ohio",704,337,176,179,528,391
0500000US39151,39151,"Stark County, Ohio",9888,1033,3863,692,6025,1116
0500000US39153,39153,"Summit County, Ohio",31326,1476,11315,1300,20011,1737
0500000US39155,39155,"Trumbull County, Ohio",7206,736,2611,658,4595,726
0500000US39157,39157,"Tuscarawas County, Ohio",494,242,83,110,411,252
0500000US39165,39165,"Warren County, Ohio",1558,491,1046,586,512,316
0500000US39169,39169,"Wayne County, Ohio",642,290,85,103,557,310
0500000US40017,40017,"Canadian County, Oklahoma",537,314,212,130,325,308
0500000US40027,40027,"Cleveland County, Oklahoma",3730,784,2150,748,1580,571
0500000US40031,40031,"Comanche County, Oklahoma",6842,716,2946,598,3896,876
0500000US40037,40037,"Creek County, Oklahoma",535,181,237,143,298,148
0500000US40101,40101,"Muskogee County, Oklahoma",3153,385,1392,371,1761,402
0500000US40109,40109,"Oklahoma County, Oklahoma",44361,1936,17935,1379,26426,2067
0500000US40119,40119,"Payne County, Oklahoma",690,282,111,100,579,278
0500000US40125,40125,"Pottawatomie County, Oklahoma",419,249,129,86,290,214
0500000US40143,40143,"Tulsa County, Oklahoma",24060,980,8604,740,15456,1107
0500000US40145,40145,"Wagoner County, Oklahoma",1171,238,683,183,488,287
0500000US41005,41005,"Clackamas County, Oregon",827,433,338,270,489,387
0500000US41035,41035,"Klamath County, Oregon",338,149,181,129,157,150
0500000US41039,41039,"Lane County, Oregon",824,561,180,153,644,528
0500000US41047,41047,"Marion County, Oregon",869,354,120,146,749,354
0500000US41051,41051,"Multnomah County, Oregon",16042,1393,4848,897,11194,1472
0500000US41067,41067,"Washington County, Oregon",3306,665,1035,575,2271,780
0500000US42001,42001,"Adams County, Pennsylvania",368,239,180,142,188,197
0500000US42003,42003,"Allegheny County, Pennsylvania",66274,2076,23591,1404,42683,2333
0500000US42007,42007,"Beaver County, Pennsylvania",4251,534,1943,491,2308,637
0500000US42011,42011,"Berks County, Pennsylvania",7698,947,2807,654,4891,1053
0500000US42013,42013,"Blair County, Pennsylvania",379,212,62,52,317,209
0500000US42017,42017,"Bucks County, Pennsylvania",8231,869,3094,773,5137,986
0500000US42019,42019,"Butler County, Pennsylvania",437,171,159,111,278,145
0500000US42021,42021,"Cambria County, Pennsylvania",1028,425,312,162,716,458
0500000US42027,42027,"Centre County, Pennsylvania",1092,503,93,129,999,570
0500000US42029,42029,"Chester County, Pennsylvania",9152,867,4904,810,4248,917
0500000US42041,42041,"Cumberland County, Pennsylvania",2039,457,343,256,1696,426
0500000US42043,42043,"Dauphin County, Pennsylvania",18084,1299,6913,951,11171,1478
0500000US42045,42045,"Delaware County, Pennsylvania",38308,1351,16110,1308,22198,1614
0500000US42049,42049,"Erie County, Pennsylvania",6675,711,2157,657,4518,716
0500000US42051,42051,"Fayette County, Pennsylvania",2145,469,848,330,1297,423
0500000US42055,42055,"Franklin County, Pennsylvania",1815,421,427,252,1388,450
0500000US42069,42069,"Lackawanna County, Pennsylvania",1508,572,82,91,1426,584
0500000US42071,42071,"Lancaster County, Pennsylvania",6646,834,1908,748,4738,919
0500000US42073,42073,"Lawrence County, Pennsylvania",1416,263,505,295,911,288
0500000US42075,42075,"Lebanon County, Pennsylvania",624,299,133,115,491,332
0500000US42077,42077,"Lehigh County, Pennsylvania",8132,1072,2981,898,5151,1147
0500000US42079,42079,"Luzerne County, Pennsylvania",3439,556,300,150,3139,553
0500000US42081,42081,"Lycoming County, Pennsylvania",1455,487,106,110,1349,461
0500000US42085,42085,"Mercer County, Pennsylvania",2598,382,1137,473,1461,412
0500000US42089,42089,"Monroe County, Pennsylvania",6704,1025,5055,1024,1649,815
0500000US42091,42091,"Montgomery County, Pennsylvania",25887,1587,10952,1222,14935,1494
0500000US42095,42095,"Northampton County, Pennsylvania",4175,659,1498,637,2677,816
0500000US42101,42101,"Philadelphia County, Pennsylvania",245024,4198,117332,4211,127692,4846
0500000US42125,42125,"Washington County, Pennsylvania",1714,465,609,285,1105,440
0500000US42129,42129,"Westmoreland County, Pennsylvania",3335,821,1427,564,1908,760
0500000US42133,42133,"York County, Pennsylvania",8326,791,3897,523,4429,873
0500000US44003,44003,"Kent County, Rhode Island",745,238,631,208,114,146
0500000US44005,44005,"Newport County, Rhode Island",1120,418,378,271,742,372
0500000US44007,44007,"Providence County, Rhode Island",20858,1565,6358,1140,14500,1786
0500000US44009,44009,"Washington County, Rhode Island",720,251,201,204,519,281
0500000US45003,45003,"Aiken County, South Carolina",13156,1025,8655,1118,4501,1057
0500000US45007,45007,"Anderson County, South Carolina",12062,1110,5340,896,6722,1056
0500000US45013,45013,"Beaufort County, South Carolina",10756,1109,7160,1132,3596,950
0500000US45015,45015,"Berkeley County, South Carolina",16148,1349,9239,1247,6909,1294
0500000US45019,45019,"Charleston County, South Carolina",38052,2007,17946,1464,20106,1811
0500000US45031,45031,"Darlington County, South Carolina",11095,824,5950,826,5145,950
0500000US45035,45035,"Dorchester County, South Carolina",12532,962,7172,1074,5360,1023
0500000US45041,45041,"Florence County, South Carolina",20051,1311,10165,896,9886,1443
0500000US45045,45045,"Greenville County, South Carolina",31135,1630,13350,1530,17785,1815
0500000US45047,45047,"Greenwood County, South Carolina",8296,800,2835,556,5461,875
0500000US45051,45051,"Horry County, South Carolina",13193,1168,6871,777,6322,1324
0500000US45057,45057,"Lancaster County, South Carolina",6066,784,3228,770,2838,847
0500000US45059,45059,"Laurens County, South Carolina",5781,620,3131,593,2650,643
0500000US45063,45063,"Lexington County, South Carolina",14996,873,7308,837,7688,1093
0500000US45073,45073,"Oconee County, South Carolina",2080,431,805,350,1275,425
0500000US45075,45075,"Orangeburg County, South Carolina",20565,1296,13008,1208,7557,1144
0500000US45077,45077,"Pickens County, South Carolina",2970,582,1157,298,1813,650
0500000US45079,45079,"Richland County, South Carolina",62761,2422,31049,2181,31712,2386
0500000US45083,45083,"Spartanburg County, South Carolina",23771,1401,10894,1197,12877,1507
0500000US45085,45085,"Sumter County, South Carolina",16657,1144,9283,1005,7374,1076
0500000US45091,45091,"York County, South Carolina",16112,1345,7419,1048,8693,1372
0500000US46099,46099,"Minnehaha County, South Dakota",2352,565,299,224,2053,627
0500000US47001,47001,"Anderson County, Tennessee",1299,363,589,267,710,434
0500000US47009,47009,"Blount County, Tennessee",1344,578,659,346,685,491
0500000US47011,47011,"Bradley County, Tennessee",1984,532,1255,559,729,364
0500000US47037,47037,"Davidson County, Tennessee",69826,2241,25376,1564,44450,2563
0500000US47065,47065,"Hamilton County, Tennessee",27024,1455,11274,1179,15750,1621
0500000US47093,47093,"Knox County, Tennessee",17430,1196,5556,970,11874,1332
0500000US47113,47113,"Madison County, Tennessee",12527,966,5631,713,6896,994
0500000US47119,47119,"Maury County, Tennessee",4176,495,2340,491,1836,558
0500000US47125,47125,"Montgomery County, Tennessee",11669,1330,5343,887,6326,1194
0500000US47147,47147,"Robertson County, Tennessee",1935,348,1430,385,505,297
0500000US47149,47149,"Rutherford County, Tennessee",11907,1038,5306,1045,6601,1038
0500000US47157,47157,"Shelby County, Tennessee",171192,3560,80060,3121,91132,3840
0500000US47163,47163,"Sullivan County, Tennessee",1363,497,573,285,790,533
0500000US47165,47165,"Sumner County, Tennessee",3519,737,1681,508,1838,623
0500000US47179,47179,"Washington County, Tennessee",1191,521,346,264,845,524
0500000US47187,47187,"Williamson County, Tennessee",2498,399,1497,498,1001,535
0500000US47189,47189,"Wilson County, Tennessee",2695,485,1559,486,1136,522
0500000US48005,48005,"Angelina County, Texas",4770,600,1766,513,3004,632
0500000US48021,48021,"Bastrop County, Texas",1530,662,1148,608,382,382
0500000US48027,48027,"Bell County, Texas",22893,1584,10208,1359,12685,1537
0500000US48029,48029,"Bexar County, Texas",50154,2431,20104,1748,30050,2561
0500000US48037,48037,"Bowie County, Texas",8375,774,3555,884,4820,832
0500000US48039,48039,"Brazoria County, Texas",14238,1497,8360,1309,5878,1640
0500000US48041,48041,"Brazos County, Texas",6538,792,2925,638,3613,751
0500000US48061,48061,"Cameron County, Texas",903,356,281,219,622,316
0500000US48085,48085,"Collin County, Texas",25964,2018,12363,1507,13601,1925
0500000US48091,48091,"Comal County, Texas",769,260,445,145,324,263
0500000US48099,48099,"Coryell County, Texas",2644,503,913,371,1731,563
0500000US48113,48113,"Dallas County, Texas",204636,4182,75759,3727,128877,4686
0500000US48121,48121,"Denton County, Texas",23350,1479,6908,1076,16442,1680
0500000US48135,48135,"Ector County, Texas",1711,585,922,411,789,478
0500000US48139,48139,"Ellis County, Texas",4778,619,2695,523,2083,645
0500000US48141,48141,"El Paso County, Texas",10307,1022,4216,859,6091,974
0500000US48157,48157,"Fort Bend County, Texas",40873,1772,29156,2317,11717,2181
0500000US48167,48167,"Galveston County, Texas",15640,1243,7755,1044,7885,1387
0500000US48181,48181,"Grayson County, Texas",2942,514,1132,432,1810,561
0500000US48183,48183,"Gregg County, Texas",8573,1019,3958,552,4615,946
0500000US48187,48187,"Guadalupe County, Texas",3018,425,2280,379,738,407
0500000US48201,48201,"Harris County, Texas",294665,5104,109460,3789,185205,5876
0500000US48203,48203,"Harrison County, Texas",5745,822,3503,598,2242,764
0500000US48209,48209,"Hays County, Texas",1749,694,833,500,916,555
0500000US48213,48213,"Henderson County, Texas",1759,605,667,207,1092,646
0500000US48215,48215,"Hidalgo County, Texas",1182,399,926,472,256,209
0500000US48231,48231,"Hunt County, Texas",3015,630,1116,451,1899,737
0500000US48245,48245,"Jefferson County, Texas",29893,1358,14358,1122,15535,1562
0500000US48251,48251,"Johnson County, Texas",1107,316,650,319,457,246
0500000US48257,48257,"Kaufman County, Texas",4209,694,2236,600,1973,684
0500000US48291,48291,"Liberty County, Texas",2887,683,1698,455,1189,655
0500000US48303,48303,"Lubbock County, Texas",6375,963,3136,864,3239,1003
0500000US48309,48309,"McLennan County, Texas",12699,784,5725,894,6974,1023
0500000US48329,48329,"Midland County, Texas",3694,675,1891,519,1803,658
0500000US48339,48339,"Montgomery County, Texas",6595,1394,2217,801,4378,1286
0500000US48347,48347,"Nacogdoches County, Texas",3594,694,1663,415,1931,661
0500000US48355,48355,"Nueces County, Texas",5042,868,1651,425,3391,887
0500000US48361,48361,"Orange County, Texas",2669,463,1598,364,1071,453
0500000US48375,48375,"Potter County, Texas",3760,615,1638,516,2122,602
0500000US48381,48381,"Randall County, Texas",947,283,247,250,700,422
0500000US48397,48397,"Rockwall County, Texas",1294,272,1043,323,251,227
0500000US48409,48409,"San Patricio County, Texas",648,294,537,291,111,128
0500000US48423,48423,"Smith County, Texas",13565,1288,6715,813,6850,1172
0500000US48439,48439,"Tarrant County, Texas",100832,3251,38709,2410,62123,3536
0500000US48441,48441,"Taylor County, Texas",3040,734,942,385,2098,709
0500000US48451,48451,"Tom Green County, Texas",2144,815,756,390,1388,866
0500000US48453,48453,"Travis County, Texas",33673,1941,13320,1717,20353,2463
0500000US48469,48469,"Victoria County, Texas",1671,439,422,172,1249,449
0500000US48471,48471,"Walker County, Texas",2873,891,789,401,2084,801
0500000US48485,48485,"Wichita County, Texas",4792,640,1416,309,3376,681
0500000US48491,48491,"Williamson County, Texas",8893,857,4246,730,4647,1082
0500000US49011,49011,"Davis County, Utah",1255,403,495,298,760,467
0500000US49035,49035,"Salt Lake County, Utah",5484,807,2047,722,3437,820
0500000US49049,49049,"Utah County, Utah",852,281,494,322,358,206
0500000US49057,49057,"Weber County, Utah",1191,315,353,187,838,318
0500000US50007,50007,"Chittenden County, Vermont",1185,378,140,127,1045,413
0500000US51003,51003,"Albemarle County, Virginia",3041,523,1130,328,1911,517
0500000US51013,51013,"Arlington County, Virginia",8427,1078,1659,553,6768,1082
0500000US51015,51015,"Augusta County, Virginia",710,253,264,274,446,261
0500000US51019,51019,"Bedford County, Virginia",1533,275,1380,326,153,248
0500000US51041,51041,"Chesterfield County, Virginia",23709,1328,15700,1141,8009,1285
0500000US51059,51059,"Fairfax County, Virginia",35306,2074,15675,1582,19631,1860
0500000US51061,51061,"Fauquier County, Virginia",1794,545,1485,502,309,266
0500000US51069,51069,"Frederick County, Virginia",1593,429,1057,500,536,418
0500000US51085,51085,"Hanover County, Virginia",2993,439,2523,489,470,273
0500000US51087,51087,"Henrico County, Virginia",35790,1376,16907,1545,18883,1635
0500000US51095,51095,"James City County, Virginia",2992,534,2501,520,491,367
0500000US51107,51107,"Loudoun County, Virginia",7639,861,4896,815,2743,770
0500000US51121,51121,"Montgomery County, Virginia",1252,510,438,344,814,449
0500000US51153,51153,"Prince William County, Virginia",28877,1666,16481,1468,12396,1624
0500000US51161,51161,"Roanoke County, Virginia",1659,533,566,293,1093,524
0500000US51177,51177,"Spotsylvania County, Virginia",6368,617,3798,588,2570,649
0500000US51179,51179,"Stafford County, Virginia",6850,598,4914,699,1936,618
0500000US51199,51199,"York County, Virginia",3160,483,1545,403,1615,504
0500000US51510,51510,"Alexandria city, Virginia",14414,1325,2344,708,12070,1481
0500000US51550,51550,"Chesapeake city, Virginia",24472,1320,13101,1149,11371,1674
0500000US51650,51650,"Hampton city, Virginia",26687,1436,12706,1092,13981,1588
0500000US51680,51680,"Lynchburg city, Virginia",8644,942,3396,832,5248,923
0500000US51700,51700,"Newport News city, Virginia",28986,1364,9745,1232,19241,1647
0500000US51710,51710,"Norfolk city, Virginia",34907,1535,9551,936,25356,1587
0500000US51740,51740,"Portsmouth city, Virginia",18373,1126,7033,1014,11340,1121
0500000US51760,51760,"Richmond city, Virginia",40175,1725,15223,1345,24952,1882
0500000US51770,51770,"Roanoke city, Virginia",10134,1146,4707,857,5427,1012
0500000US51800,51800,"Suffolk city, Virginia",12774,694,7204,917,5570,910
0500000US51810,51810,"Virginia Beach city, Virginia",29043,1725,12709,1476,16334,1774
0500000US53011,53011,"Clark County, Washington",2869,593,511,309,2358,553
0500000US53029,53029,"Island County, Washington",648,320,104,143,544,294
0500000US53033,53033,"King County, Washington",47042,2190,13026,1821,34016,2657
0500000US53035,53035,"Kitsap County, Washington",2213,699,925,422,1288,597
0500000US53053,53053,"Pierce County, Washington",20967,1658,6698,886,14269,1789
0500000US53061,53061,"Snohomish County, Washington",7071,1222,3194,627,3877,1167
0500000US53063,53063,"Spokane County, Washington",2738,744,595,275,2143,760
0500000US53067,53067,"Thurston County, Washington",2864,543,1089,499,1775,641
0500000US53073,53073,"Whatcom County, Washington",736,275,401,273,335,235
0500000US53077,53077,"Yakima County, Washington",331,219,119,111,212,209
0500000US54003,54003,"Berkeley County, West Virginia",3383,834,1347,601,2036,793
0500000US54011,54011,"Cabell County, West Virginia",2032,507,412,236,1620,537
0500000US54033,54033,"Harrison County, West Virginia",662,267,322,218,340,364
0500000US54039,54039,"Kanawha County, West Virginia",2895,526,960,280,1935,473
0500000US54061,54061,"Monongalia County, West Virginia",825,405,332,140,493,419
0500000US54081,54081,"Raleigh County, West Virginia",2571,769,954,369,1617,721
0500000US54107,54107,"Wood County, West Virginia",527,267,325,219,202,225
0500000US55009,55009,"Brown County, Wisconsin",1870,529,391,331,1479,480
0500000US55025,55025,"Dane County, Wisconsin",10094,1125,1120,470,8974,1108
0500000US55059,55059,"Kenosha County, Wisconsin",3644,548,894,411,2750,773
0500000US55073,55073,"Marathon County, Wisconsin",194,112,26,28,168,113
0500000US55079,55079,"Milwaukee County, Wisconsin",93848,2233,27790,1996,66058,2760
0500000US55101,55101,"Racine County, Wisconsin",7097,747,2217,562,4880,879
0500000US55105,55105,"Rock County, Wisconsin",1510,326,528,219,982,284
0500000US55133,55133,"Waukesha County, Wisconsin",2208,538,610,301,1598,535
