GEO.id,GEO.id2,GEO.display-label,HD01_VD01,HD02_VD01,HD01_VD02,HD02_VD02,HD01_VD03,HD02_VD03
Id,Id2,Geography,Estimate; Total:,Margin of Error; Total:,Estimate; Total: - Owner occupied,Margin of Error; Total: - Owner occupied,Estimate; Total: - Renter occupied,Margin of Error; Total: - Renter occupied
0500000US01003,01003,"Baldwin County, Alabama",5095,1096,2424,834,2671,1054
0500000US01015,01015,"Calhoun County, Alabama",8912,889,4238,801,4674,936
0500000US01049,01049,"DeKalb County, Alabama",297,140,192,104,105,105
0500000US01051,01051,"Elmore County, Alabama",5955,808,3346,986,2609,870
0500000US01055,01055,"Etowah County, Alabama",6146,763,2784,734,3362,722
0500000US01069,01069,"Houston County, Alabama",10353,657,4243,477,6110,604
0500000US01073,01073,"Jefferson County, Alabama",109168,3317,51036,2438,58132,3228
0500000US01077,01077,"Lauderdale County, Alabama",3918,730,1768,528,2150,836
0500000US01081,01081,"Lee County, Alabama",14654,1218,6115,1184,8539,1571
0500000US01083,01083,"Limestone County, Alabama",3880,785,1782,615,2098,824
0500000US01089,01089,"Madison County, Alabama",36738,1966,17551,1380,19187,1982
0500000US01095,01095,"Marshall County, Alabama",923,216,282,85,641,219
0500000US01097,01097,"Mobile County, Alabama",54059,1774,25707,1749,28352,2033
0500000US01101,01101,"Montgomery County, Alabama",52182,1908,23846,2064,28336,2480
0500000US01103,01103,"Morgan County, Alabama",5329,751,2889,715,2440,857
0500000US01115,01115,"St. Clair County, Alabama",2213,794,1958,741,255,290
0500000US01117,01117,"Shelby County, Alabama",8931,1190,6369,824,2562,918
0500000US01121,01121,"Talladega County, Alabama",9925,1263,5941,990,3984,1333
0500000US01125,01125,"Tuscaloosa County, Alabama",23138,1424,10123,1229,13015,1518
0500000US01127,01127,"Walker County, Alabama",888,311,316,145,572,284
0500000US02020,02020,"Anchorage Municipality, Alaska",4687,927,2441,739,2246,820
0500000US02090,02090,"Fairbanks North Star Borough, Alaska",1794,778,304,350,1490,708
0500000US02170,02170,"Matanuska-Susitna Borough, Alaska",226,163,109,87,117,119
0500000US04003,04003,"Cochise County, Arizona",1756,494,712,481,1044,451
0500000US04005,04005,"Coconino County, Arizona",342,219,97,112,245,204
0500000US04013,04013,"Maricopa County, Arizona",81274,3230,23536,2047,57738,3574
0500000US04019,04019,"Pima County, Arizona",11631,1148,3964,726,7667,1191
0500000US04021,04021,"Pinal County, Arizona",4569,980,2683,761,1886,822
0500000US04025,04025,"Yavapai County, Arizona",550,251,155,151,395,244
0500000US04027,04027,"Yuma County, Arizona",1292,499,664,389,628,414
0500000US05007,05007,"Benton County, Arkansas",1454,395,392,193,1062,382
0500000US05031,05031,"Craighead County, Arkansas",5497,745,970,399,4527,708
0500000US05045,05045,"Faulkner County, Arkansas",4646,909,1423,508,3223,835
0500000US05051,05051,"Garland County, Arkansas",3092,543,1216,583,1876,674
0500000US05069,05069,"Jefferson County, Arkansas",14836,1166,6393,826,8443,1199
0500000US05085,05085,"Lonoke County, Arkansas",1097,255,757,241,340,209
0500000US05119,05119,"Pulaski County, Arkansas",56617,2188,21604,2124,35013,2916
0500000US05125,05125,"Saline County, Arkansas",3280,430,1602,552,1678,619
0500000US05131,05131,"Sebastian County, Arkansas",3584,588,900,378,2684,707
0500000US05143,05143,"Washington County, Arkansas",3299,618,100,112,3199,607
0500000US05145,05145,"White County, Arkansas",737,490,176,180,561,453
0500000US06001,06001,"Alameda County, California",73297,3216,20542,2002,52755,3383
0500000US06007,06007,"Butte County, California",869,382,165,209,704,364
0500000US06013,06013,"Contra Costa County, California",33417,2040,13919,1636,19498,2235
0500000US06017,06017,"El Dorado County, California",409,236,291,229,118,141
0500000US06019,06019,"Fresno County, California",16242,1418,4079,772,12163,1411
0500000US06025,06025,"Imperial County, California",1098,631,253,202,845,621
0500000US06029,06029,"Kern County, California",15057,1655,4202,1093,10855,1803
0500000US06031,06031,"Kings County, California",2357,574,421,331,1936,609
0500000US06037,06037,"Los Angeles County, California",320261,5363,105145,3714,215116,5436
0500000US06039,06039,"Madera County, California",1630,630,430,405,1200,790
0500000US06041,06041,"Marin County, California",1811,662,508,388,1303,589
0500000US06047,06047,"Merced County, California",2392,494,482,280,1910,414
0500000US06053,06053,"Monterey County, California",2839,671,617,274,2222,678
0500000US06055,06055,"Napa County, California",594,172,309,121,285,158
0500000US06059,06059,"Orange County, California",18090,1556,5085,934,13005,1729
0500000US06061,06061,"Placer County, California",2100,566,1004,323,1096,485
0500000US06065,06065,"Riverside County, California",47953,2725,21519,2151,26434,2862
0500000US06067,06067,"Sacramento County, California",54160,2521,17240,1729,36920,2447
0500000US06071,06071,"San Bernardino County, California",59029,2963,20020,1949,39009,3140
0500000US06073,06073,"San Diego County, California",57186,3055,17155,1720,40031,2685
0500000US06075,06075,"San Francisco County, California",17940,1677,3966,713,13974,1691
0500000US06077,06077,"San Joaquin County, California",19174,1126,5396,1264,13778,1496
0500000US06079,06079,"San Luis Obispo County, California",1034,520,277,231,757,483
0500000US06081,06081,"San Mateo County, California",7041,1073,2664,692,4377,1084
0500000US06083,06083,"Santa Barbara County, California",2755,580,866,441,1889,558
0500000US06085,06085,"Santa Clara County, California",16016,1454,4858,974,11158,1639
0500000US06087,06087,"Santa Cruz County, California",880,462,359,227,521,427
0500000US06089,06089,"Shasta County, California",531,326,105,124,426,289
0500000US06095,06095,"Solano County, California",20092,1513,9108,1322,10984,1557
0500000US06097,06097,"Sonoma County, California",2196,719,710,565,1486,599
0500000US06099,06099,"Stanislaus County, California",4684,692,1563,606,3121,860
0500000US06107,06107,"Tulare County, California",2202,700,373,345,1829,734
0500000US06111,06111,"Ventura County, California",4721,776,2495,628,2226,656
0500000US06113,06113,"Yolo County, California",2475,651,669,322,1806,670
0500000US06115,06115,"Yuba County, California",853,352,685,286,168,188
0500000US08001,08001,"Adams County, Colorado",5002,616,1301,404,3701,560
0500000US08005,08005,"Arapahoe County, Colorado",24580,1741,8094,1311,16486,1961
0500000US08013,08013,"Boulder County, Colorado",1552,571,499,357,1053,585
0500000US08014,08014,"Broomfield County, Colorado",362,245,164,168,198,162
0500000US08031,08031,"Denver County, Colorado",23645,1721,9868,1195,13777,1679
0500000US08035,08035,"Douglas County, Colorado",1541,379,764,312,777,472
0500000US08041,08041,"El Paso County, Colorado",15516,1768,5825,970,9691,1662
0500000US08059,08059,"Jefferson County, Colorado",1610,489,818,354,792,418
0500000US08069,08069,"Larimer County, Colorado",669,307,172,210,497,281
0500000US08101,08101,"Pueblo County, Colorado",1427,493,902,528,525,445
0500000US08123,08123,"Weld County, Colorado",643,310,159,166,484,299
0500000US09001,09001,"Fairfield County, Connecticut",36896,2134,12482,1794,24414,2101
0500000US09003,09003,"Hartford County, Connecticut",42540,2136,16863,1726,25677,2322
0500000US09005,09005,"Litchfield County, Connecticut",885,380,264,210,621,370
0500000US09007,09007,"Middlesex County, Connecticut",4035,650,1207,395,2828,699
0500000US09009,09009,"New Haven County, Connecticut",42051,1784,15709,1847,26342,2361
0500000US09011,09011,"New London County, Connecticut",4529,841,1442,411,3087,822
0500000US09013,09013,"Tolland County, Connecticut",2648,602,489,421,2159,627
0500000US09015,09015,"Windham County, Connecticut",689,425,251,238,438,342
0500000US10001,10001,"Kent County, Delaware",14181,1324,7279,993,6902,1250
0500000US10003,10003,"New Castle County, Delaware",48118,1846,23631,2000,24487,2384
0500000US10005,10005,"Sussex County, Delaware",8674,1009,4705,811,3969,915
0500000US11001,11001,"District of Columbia, District of Columbia",125034,3067,41199,2164,83835,3279
0500000US12001,12001,"Alachua County, Florida",16900,1691,5736,1121,11164,1876
0500000US12005,12005,"Bay County, Florida",7123,967,2725,660,4398,1012
0500000US12009,12009,"Brevard County, Florida",18885,1761,9257,1320,9628,1857
0500000US12011,12011,"Broward County, Florida",164844,4614,76223,3632,88621,5013
0500000US12015,12015,"Charlotte County, Florida",2813,732,2184,654,629,470
0500000US12017,12017,"Citrus County, Florida",2200,1053,1116,398,1084,1148
0500000US12019,12019,"Clay County, Florida",7625,1237,4583,1252,3042,1113
0500000US12021,12021,"Collier County, Florida",6374,1056,3575,875,2799,942
0500000US12023,12023,"Columbia County, Florida",3356,684,2148,722,1208,527
0500000US12031,12031,"Duval County, Florida",95691,3365,40871,2232,54820,3695
0500000US12033,12033,"Escambia County, Florida",24700,1589,11506,1382,13194,1734
0500000US12035,12035,"Flagler County, Florida",4855,673,3208,881,1647,642
0500000US12053,12053,"Hernando County, Florida",3571,680,2053,633,1518,658
0500000US12055,12055,"Highlands County, Florida",3275,916,1440,564,1835,883
0500000US12057,12057,"Hillsborough County, Florida",80491,3569,29991,2534,50500,3134
0500000US12061,12061,"Indian River County, Florida",3359,816,1989,804,1370,809
0500000US12069,12069,"Lake County, Florida",11972,1327,5977,1331,5995,1350
0500000US12071,12071,"Lee County, Florida",16243,1942,5478,1191,10765,1497
0500000US12073,12073,"Leon County, Florida",32367,1710,10617,1145,21750,1843
0500000US12081,12081,"Manatee County, Florida",9624,1287,3674,857,5950,1411
0500000US12083,12083,"Marion County, Florida",13392,1673,5686,1200,7706,1735
0500000US12085,12085,"Martin County, Florida",1515,715,588,289,927,659
0500000US12086,12086,"Miami-Dade County, Florida",140820,4374,62059,3221,78761,4243
0500000US12087,12087,"Monroe County, Florida",1848,536,415,312,1433,588
0500000US12089,12089,"Nassau County, Florida",2619,818,1543,907,1076,747
0500000US12091,12091,"Okaloosa County, Florida",6890,910,3499,830,3391,681
0500000US12095,12095,"Orange County, Florida",89498,3696,37706,3576,51792,3595
0500000US12097,12097,"Osceola County, Florida",11406,1566,7148,1514,4258,1410
0500000US12099,12099,"Palm Beach County, Florida",74524,3528,32974,2650,41550,3092
0500000US12101,12101,"Pasco County, Florida",7777,847,3868,712,3909,906
0500000US12103,12103,"Pinellas County, Florida",35627,2120,12795,1536,22832,2136
0500000US12105,12105,"Polk County, Florida",28022,1774,13097,1283,14925,1585
0500000US12107,12107,"Putnam County, Florida",4637,620,2353,614,2284,650
0500000US12109,12109,"St. Johns County, Florida",3275,628,1637,463,1638,643
0500000US12111,12111,"St. Lucie County, Florida",18429,1660,10557,2004,7872,1842
0500000US12113,12113,"Santa Rosa County, Florida",2660,712,1706,730,954,759
0500000US12115,12115,"Sarasota County, Florida",4943,894,2816,914,2127,692
0500000US12117,12117,"Seminole County, Florida",20074,1845,7834,1364,12240,1836
0500000US12119,12119,"Sumter County, Florida",1500,573,1057,478,443,367
0500000US12127,12127,"Volusia County, Florida",19838,1534,8929,1299,10909,1871
0500000US12131,12131,"Walton County, Florida",1156,407,190,197,966,444
0500000US13013,13013,"Barrow County, Georgia",2632,527,1646,500,986,473
0500000US13015,13015,"Bartow County, Georgia",4500,660,1100,429,3400,751
0500000US13021,13021,"Bibb County, Georgia",28869,1359,10855,1278,18014,1629
0500000US13031,13031,"Bulloch County, Georgia",7160,826,2863,650,4297,1046
0500000US13045,13045,"Carroll County, Georgia",6440,1259,3941,1121,2499,956
0500000US13047,13047,"Catoosa County, Georgia",764,419,411,368,353,333
0500000US13051,13051,"Chatham County, Georgia",39634,1680,15890,1624,23744,1861
0500000US13057,13057,"Cherokee County, Georgia",6132,1094,3341,1219,2791,939
0500000US13059,13059,"Clarke County, Georgia",13223,1134,3745,826,9478,1297
0500000US13063,13063,"Clayton County, Georgia",65898,2491,28241,2256,37657,2386
0500000US13067,13067,"Cobb County, Georgia",77187,3083,32502,3189,44685,3455
0500000US13073,13073,"Columbia County, Georgia",7941,858,5609,1117,2332,838
0500000US13077,13077,"Coweta County, Georgia",8989,855,3343,814,5646,1152
0500000US13089,13089,"DeKalb County, Georgia",149914,2916,66148,3146,83766,3972
0500000US13095,13095,"Dougherty County, Georgia",22284,1304,8289,985,13995,1362
0500000US13097,13097,"Douglas County, Georgia",22705,1164,11794,1533,10911,1476
0500000US13113,13113,"Fayette County, Georgia",8587,915,6284,760,2303,850
0500000US13115,13115,"Floyd County, Georgia",5146,706,2082,625,3064,783
0500000US13117,13117,"Forsyth County, Georgia",1873,368,1290,264,583,386
0500000US13121,13121,"Fulton County, Georgia",165592,4465,58499,3497,107093,4513
0500000US13127,13127,"Glynn County, Georgia",6914,1172,3089,981,3825,1145
0500000US13135,13135,"Gwinnett County, Georgia",80617,2928,41062,3158,39555,3180
0500000US13139,13139,"Hall County, Georgia",4402,653,1460,574,2942,612
0500000US13151,13151,"Henry County, Georgia",32068,1284,18299,1941,13769,1974
0500000US13153,13153,"Houston County, Georgia",17732,1432,7461,1241,10271,1808
0500000US13179,13179,"Liberty County, Georgia",10682,753,3860,584,6822,882
0500000US13185,13185,"Lowndes County, Georgia",14488,1158,5385,1032,9103,1307
0500000US13215,13215,"Muscogee County, Georgia",33568,1788,12159,1467,21409,1867
0500000US13217,13217,"Newton County, Georgia",15404,1327,7926,1411,7478,1432
0500000US13223,13223,"Paulding County, Georgia",10821,1524,6239,1101,4582,1571
0500000US13245,13245,"Richmond County, Georgia",41177,1934,19457,1729,21720,2195
0500000US13247,13247,"Rockdale County, Georgia",15710,1059,10028,1146,5682,1273
0500000US13285,13285,"Troup County, Georgia",7616,990,2969,647,4647,1022
0500000US13295,13295,"Walker County, Georgia",520,272,297,245,223,234
0500000US13297,13297,"Walton County, Georgia",4385,488,1737,637,2648,665
0500000US13313,13313,"Whitfield County, Georgia",1560,454,638,390,922,324
0500000US15001,15001,"Hawaii County, Hawaii",616,409,199,170,417,387
0500000US15003,15003,"Honolulu County, Hawaii",8791,1306,1375,642,7416,1202
0500000US16001,16001,"Ada County, Idaho",1904,952,815,592,1089,825
0500000US17001,17001,"Adams County, Illinois",1206,502,515,381,691,507
0500000US17019,17019,"Champaign County, Illinois",10299,989,2728,632,7571,1180
0500000US17031,17031,"Cook County, Illinois",474856,6457,183827,5959,291029,7542
0500000US17037,17037,"DeKalb County, Illinois",1867,617,95,97,1772,627
0500000US17043,17043,"DuPage County, Illinois",18530,1428,4844,952,13686,1623
0500000US17089,17089,"Kane County, Illinois",9414,1220,2824,645,6590,1341
0500000US17091,17091,"Kankakee County, Illinois",5856,570,2147,556,3709,664
0500000US17093,17093,"Kendall County, Illinois",2625,579,1834,624,791,614
0500000US17097,17097,"Lake County, Illinois",17638,1196,6568,1091,11070,1462
0500000US17099,17099,"LaSalle County, Illinois",604,331,118,152,486,330
0500000US17111,17111,"McHenry County, Illinois",929,315,582,418,347,271
0500000US17113,17113,"McLean County, Illinois",5218,524,1303,403,3915,709
0500000US17115,17115,"Macon County, Illinois",5337,774,1928,475,3409,742
0500000US17119,17119,"Madison County, Illinois",8176,901,2551,692,5625,1113
0500000US17143,17143,"Peoria County, Illinois",12058,865,3288,753,8770,1197
0500000US17161,17161,"Rock Island County, Illinois",5001,760,1819,478,3182,695
0500000US17163,17163,"St. Clair County, Illinois",30868,1433,12817,1462,18051,1821
0500000US17167,17167,"Sangamon County, Illinois",9195,844,3223,596,5972,994
0500000US17183,17183,"Vermilion County, Illinois",3951,665,1038,382,2913,594
0500000US17197,17197,"Will County, Illinois",25817,1448,14120,1189,11697,1378
0500000US17199,17199,"Williamson County, Illinois",1838,558,344,378,1494,691
0500000US17201,17201,"Winnebago County, Illinois",13451,1109,3224,732,10227,1165
0500000US18003,18003,"Allen County, Indiana",17396,1289,5923,910,11473,1445
0500000US18005,18005,"Bartholomew County, Indiana",525,264,251,198,274,202
0500000US18019,18019,"Clark County, Indiana",2420,441,1282,376,1138,437
0500000US18035,18035,"Delaware County, Indiana",2994,545,1429,551,1565,610
0500000US18039,18039,"Elkhart County, Indiana",3937,774,1399,530,2538,968
0500000US18043,18043,"Floyd County, Indiana",1294,330,418,246,876,290
0500000US18053,18053,"Grant County, Indiana",2277,628,847,341,1430,628
0500000US18057,18057,"Hamilton County, Indiana",5104,723,2623,759,2481,835
0500000US18063,18063,"Hendricks County, Indiana",4632,1194,1503,767,3129,1416
0500000US18067,18067,"Howard County, Indiana",2122,466,780,301,1342,576
0500000US18089,18089,"Lake County, Indiana",48388,1542,19992,1659,28396,1994
0500000US18091,18091,"LaPorte County, Indiana",3767,725,1403,583,2364,783
0500000US18095,18095,"Madison County, Indiana",3777,696,1972,628,1805,715
0500000US18097,18097,"Marion County, Indiana",97101,3160,33458,2455,63643,3577
0500000US18105,18105,"Monroe County, Indiana",1034,509,118,164,916,457
0500000US18127,18127,"Porter County, Indiana",2193,752,694,527,1499,712
0500000US18141,18141,"St. Joseph County, Indiana",12478,1117,4295,1052,8183,1345
0500000US18157,18157,"Tippecanoe County, Indiana",3698,573,732,539,2966,685
0500000US18163,18163,"Vanderburgh County, Indiana",6150,702,2327,694,3823,789
0500000US18167,18167,"Vigo County, Indiana",2183,576,555,303,1628,577
0500000US18177,18177,"Wayne County, Indiana",1052,446,527,322,525,375
0500000US19013,19013,"Black Hawk County, Iowa",4674,611,1231,428,3443,786
0500000US19061,19061,"Dubuque County, Iowa",1071,355,170,151,901,364
0500000US19103,19103,"Johnson County, Iowa",3219,448,421,366,2798,447
0500000US19113,19113,"Linn County, Iowa",3464,861,583,327,2881,897
0500000US19153,19153,"Polk County, Iowa",10757,1158,2983,808,7774,1107
0500000US19163,19163,"Scott County, Iowa",4928,746,999,345,3929,794
0500000US19193,19193,"Woodbury County, Iowa",1367,498,41,58,1326,494
0500000US20045,20045,"Douglas County, Kansas",1865,609,634,407,1231,700
0500000US20091,20091,"Johnson County, Kansas",10193,1061,3117,733,7076,1042
0500000US20103,20103,"Leavenworth County, Kansas",1875,500,407,282,1468,560
0500000US20173,20173,"Sedgwick County, Kansas",17676,1330,5062,830,12614,1376
0500000US20177,20177,"Shawnee County, Kansas",6066,768,2322,641,3744,852
0500000US20209,20209,"Wyandotte County, Kansas",15221,1049,5992,671,9229,1093
0500000US21037,21037,"Campbell County, Kentucky",835,183,118,107,717,216
0500000US21047,21047,"Christian County, Kentucky",6026,671,1402,441,4624,741
0500000US21059,21059,"Daviess County, Kentucky",2397,406,818,509,1579,608
0500000US21067,21067,"Fayette County, Kentucky",17715,1237,5531,824,12184,1408
0500000US21093,21093,"Hardin County, Kentucky",5346,750,2503,723,2843,853
0500000US21111,21111,"Jefferson County, Kentucky",65871,2232,21916,1923,43955,2835
0500000US21117,21117,"Kenton County, Kentucky",3483,484,605,446,2878,565
0500000US21145,21145,"McCracken County, Kentucky",3036,517,823,400,2213,578
0500000US21151,21151,"Madison County, Kentucky",1688,793,924,479,764,959
0500000US21227,21227,"Warren County, Kentucky",4226,909,1313,504,2913,943
0500000US22005,22005,"Ascension Parish, Louisiana",7368,1321,4571,982,2797,1215
0500000US22015,22015,"Bossier Parish, Louisiana",10073,1031,4573,1064,5500,1392
0500000US22017,22017,"Caddo Parish, Louisiana",44110,1813,17894,1817,26216,2200
0500000US22019,22019,"Calcasieu Parish, Louisiana",19471,1521,8706,1299,10765,1933
0500000US22033,22033,"East Baton Rouge Parish, Louisiana",68662,2396,29216,2390,39446,2962
0500000US22045,22045,"Iberia Parish, Louisiana",8200,806,4416,968,3784,1104
0500000US22051,22051,"Jefferson Parish, Louisiana",43953,1742,16566,1645,27387,2312
0500000US22055,22055,"Lafayette Parish, Louisiana",21171,1727,8466,1446,12705,1659
0500000US22057,22057,"Lafourche Parish, Louisiana",5257,874,1626,599,3631,968
0500000US22063,22063,"Livingston Parish, Louisiana",2677,451,1870,740,807,612
0500000US22071,22071,"Orleans Parish, Louisiana",85170,2600,34858,1923,50312,2565
0500000US22073,22073,"Ouachita Parish, Louisiana",18281,1369,5653,871,12628,1309
0500000US22079,22079,"Rapides Parish, Louisiana",14096,1291,5735,856,8361,1412
0500000US22097,22097,"St. Landry Parish, Louisiana",12733,768,7463,849,5270,901
0500000US22103,22103,"St. Tammany Parish, Louisiana",9822,1050,6167,1074,3655,998
0500000US22105,22105,"Tangipahoa Parish, Louisiana",12249,1367,6620,1232,5629,1462
0500000US22109,22109,"Terrebonne Parish, Louisiana",7470,910,4033,897,3437,1150
0500000US23001,23001,"Androscoggin County, Maine",1092,532,190,236,902,516
0500000US24001,24001,"Allegany County, Maryland",581,344,158,120,423,300
0500000US24003,24003,"Anne Arundel County, Maryland",32628,1618,16473,1596,16155,1956
0500000US24005,24005,"Baltimore County, Maryland",85817,2555,40329,2242,45488,2738
0500000US24009,24009,"Calvert County, Maryland",4247,592,2278,559,1969,669
0500000US24013,24013,"Carroll County, Maryland",1926,597,1349,606,577,351
0500000US24015,24015,"Cecil County, Maryland",1981,737,341,298,1640,817
0500000US24017,24017,"Charles County, Maryland",25067,1199,17771,1432,7296,1305
0500000US24021,24021,"Frederick County, Maryland",8382,778,3450,751,4932,983
0500000US24025,24025,"Harford County, Maryland",11969,899,7039,1095,4930,1060
0500000US24027,24027,"Howard County, Maryland",20809,1085,10266,1319,10543,1598
0500000US24031,24031,"Montgomery County, Maryland",68240,2231,26658,2121,41582,2542
0500000US24033,24033,"Prince George's County, Maryland",209213,2883,124970,3079,84243,3661
0500000US24037,24037,"St. Mary's County, Maryland",6495,1073,2970,796,3525,1089
0500000US24043,24043,"Washington County, Maryland",4192,1018,1044,747,3148,938
0500000US24045,24045,"Wicomico County, Maryland",10161,1198,3100,906,7061,1315
0500000US24510,24510,"Baltimore city, Maryland",146845,3468,58287,2908,88558,3150
0500000US25001,25001,"Barnstable County, Massachusetts",1739,710,774,462,965,529
0500000US25003,25003,"Berkshire County, Massachusetts",1025,492,373,275,652,428
0500000US25005,25005,"Bristol County, Massachusetts",7644,1240,1810,487,5834,1373
0500000US25009,25009,"Essex County, Massachusetts",11211,1278,3335,748,7876,1327
0500000US25013,25013,"Hampden County, Massachusetts",13613,1235,5269,790,8344,1174
0500000US25015,25015,"Hampshire County, Massachusetts",1338,539,614,420,724,449
0500000US25017,25017,"Middlesex County, Massachusetts",27475,1948,8470,1393,19005,2169
0500000US25021,25021,"Norfolk County, Massachusetts",13336,1410,6461,1137,6875,1494
0500000US25023,25023,"Plymouth County, Massachusetts",12533,1293,5896,1187,6637,1390
0500000US25025,25025,"Suffolk County, Massachusetts",63226,2492,18892,1735,44334,2775
0500000US25027,25027,"Worcester County, Massachusetts",13253,1155,4425,720,8828,1164
0500000US26005,26005,"Allegan County, Michigan",448,163,201,116,247,210
0500000US26017,26017,"Bay County, Michigan",1056,418,487,315,569,386
0500000US26021,26021,"Berrien County, Michigan",7789,757,2712,546,5077,876
0500000US26025,26025,"Calhoun County, Michigan",6145,647,1942,617,4203,629
0500000US26037,26037,"Clinton County, Michigan",420,150,227,102,193,113
0500000US26045,26045,"Eaton County, Michigan",2875,651,600,306,2275,682
0500000US26049,26049,"Genesee County, Michigan",33278,1400,15328,1698,17950,1779
0500000US26065,26065,"Ingham County, Michigan",12811,1136,4505,925,8306,1196
0500000US26075,26075,"Jackson County, Michigan",3468,727,1154,400,2314,679
0500000US26077,26077,"Kalamazoo County, Michigan",9855,888,3426,858,6429,1201
0500000US26081,26081,"Kent County, Michigan",21435,1703,8275,1363,13160,1743
0500000US26091,26091,"Lenawee County, Michigan",495,259,374,220,121,124
0500000US26099,26099,"Macomb County, Michigan",37488,1555,11918,1529,25570,2006
0500000US26115,26115,"Monroe County, Michigan",1435,232,551,352,884,425
0500000US26121,26121,"Muskegon County, Michigan",8273,776,3172,516,5101,836
0500000US26125,26125,"Oakland County, Michigan",71326,2354,27395,2065,43931,2575
0500000US26139,26139,"Ottawa County, Michigan",655,378,195,201,460,324
0500000US26145,26145,"Saginaw County, Michigan",13820,1054,7101,922,6719,1242
0500000US26147,26147,"St. Clair County, Michigan",1535,347,415,314,1120,495
0500000US26159,26159,"Van Buren County, Michigan",698,346,410,284,288,219
0500000US26161,26161,"Washtenaw County, Michigan",16886,1336,6357,917,10529,1319
0500000US26163,26163,"Wayne County, Michigan",264759,4345,111310,3491,153449,4403
0500000US27003,27003,"Anoka County, Minnesota",5181,632,1755,537,3426,615
0500000US27019,27019,"Carver County, Minnesota",701,355,361,365,340,337
0500000US27037,27037,"Dakota County, Minnesota",7574,1056,2984,710,4590,1067
0500000US27053,27053,"Hennepin County, Minnesota",52321,2484,10392,1390,41929,2873
0500000US27109,27109,"Olmsted County, Minnesota",2472,481,331,327,2141,523
0500000US27123,27123,"Ramsey County, Minnesota",20241,1504,3578,667,16663,1540
0500000US27137,27137,"St. Louis County, Minnesota",987,277,198,162,789,276
0500000US27139,27139,"Scott County, Minnesota",1398,538,806,508,592,476
0500000US27145,27145,"Stearns County, Minnesota",2422,654,168,153,2254,639
0500000US27163,27163,"Washington County, Minnesota",2472,556,1713,505,759,381
0500000US28033,28033,"DeSoto County, Mississippi",14575,1041,7194,1234,7381,1290
0500000US28035,28035,"Forrest County, Mississippi",9224,1019,3387,861,5837,1147
0500000US28047,28047,"Harrison County, Mississippi",17652,1271,6279,1068,11373,1320
0500000US28049,28049,"Hinds County, Mississippi",62808,1823,32933,2314,29875,1935
0500000US28059,28059,"Jackson County, Mississippi",12059,1076,5383,854,6676,985
0500000US28067,28067,"Jones County, Mississippi",6980,981,3657,940,3323,1031
0500000US28075,28075,"Lauderdale County, Mississippi",11930,1250,6685,911,5245,1113
0500000US28081,28081,"Lee County, Mississippi",9997,814,3761,713,6236,1007
0500000US28089,28089,"Madison County, Mississippi",14033,1170,8120,1052,5913,1269
0500000US28121,28121,"Rankin County, Mississippi",9486,1091,5299,1018,4187,1020
0500000US29019,29019,"Boone County, Missouri",5878,916,1246,480,4632,1074
0500000US29021,29021,"Buchanan County, Missouri",1900,628,400,229,1500,662
0500000US29031,29031,"Cape Girardeau County, Missouri",1784,496,695,429,1089,482
0500000US29037,29037,"Cass County, Missouri",1316,456,1032,461,284,279
0500000US29047,29047,"Clay County, Missouri",5370,899,2264,616,3106,730
0500000US29051,29051,"Cole County, Missouri",2862,641,810,312,2052,687
0500000US29077,29077,"Greene County, Missouri",3349,613,383,302,2966,679
0500000US29095,29095,"Jackson County, Missouri",65977,2168,25242,1765,40735,2545
0500000US29097,29097,"Jasper County, Missouri",971,301,195,171,776,355
0500000US29099,29099,"Jefferson County, Missouri",504,212,107,118,397,270
0500000US29165,29165,"Platte County, Missouri",2702,577,1018,438,1684,672
0500000US29183,29183,"St. Charles County, Missouri",6722,949,3367,694,3355,1102
0500000US29189,29189,"St. Louis County, Missouri",88989,2747,40223,2825,48766,3396
0500000US29510,29510,"St. Louis city, Missouri",60200,2489,18867,1798,41333,2966
0500000US31055,31055,"Douglas County, Nebraska",24053,1305,8468,1064,15585,1537
0500000US31109,31109,"Lancaster County, Nebraska",3906,814,891,404,3015,824
0500000US31153,31153,"Sarpy County, Nebraska",1976,476,1042,331,934,501
0500000US32003,32003,"Clark County, Nevada",87774,3509,26190,2365,61584,3652
0500000US32031,32031,"Washoe County, Nevada",3642,574,1263,401,2379,527
0500000US33011,33011,"Hillsborough County, New Hampshire",3127,671,490,388,2637,712
0500000US33015,33015,"Rockingham County, New Hampshire",598,234,268,133,330,274
0500000US34001,34001,"Atlantic County, New Jersey",15868,1604,6474,1277,9394,1524
0500000US34003,34003,"Bergen County, New Jersey",19082,1918,7863,1314,11219,1625
0500000US34005,34005,"Burlington County, New Jersey",25465,1614,15788,1396,9677,1371
0500000US34007,34007,"Camden County, New Jersey",35704,2001,17044,1509,18660,1977
0500000US34009,34009,"Cape May County, New Jersey",1155,543,728,456,427,317
0500000US34011,34011,"Cumberland County, New Jersey",8345,1120,3427,685,4918,1167
0500000US34013,34013,"Essex County, New Jersey",112887,2804,27993,2387,84894,3171
0500000US34015,34015,"Gloucester County, New Jersey",10276,1008,5342,888,4934,997
0500000US34017,34017,"Hudson County, New Jersey",30751,1897,5815,972,24936,1937
0500000US34021,34021,"Mercer County, New Jersey",26511,1951,9999,1252,16512,2058
0500000US34023,34023,"Middlesex County, New Jersey",26892,1419,11498,1507,15394,1869
0500000US34025,34025,"Monmouth County, New Jersey",15422,1219,6407,867,9015,1409
0500000US34027,34027,"Morris County, New Jersey",5663,888,3152,703,2511,822
0500000US34029,34029,"Ocean County, New Jersey",6150,1197,2714,965,3436,1132
0500000US34031,34031,"Passaic County, New Jersey",18790,1343,4363,750,14427,1439
0500000US34033,34033,"Salem County, New Jersey",2442,417,1156,322,1286,510
0500000US34035,34035,"Somerset County, New Jersey",11092,1420,6260,1145,4832,1196
0500000US34037,34037,"Sussex County, New Jersey",813,305,517,326,296,215
0500000US34039,34039,"Union County, New Jersey",41103,2020,18572,1901,22531,2213
0500000US34041,34041,"Warren County, New Jersey",1693,390,548,240,1145,437
0500000US35001,35001,"Bernalillo County, New Mexico",6460,941,2142,575,4318,859
0500000US35013,35013,"Doña Ana County, New Mexico",1128,352,513,308,615,360
0500000US35025,35025,"Lea County, New Mexico",898,393,172,180,726,317
0500000US35049,35049,"Santa Fe County, New Mexico",315,210,114,112,201,159
0500000US36001,36001,"Albany County, New York",15825,1392,3567,848,12258,1593
0500000US36005,36005,"Bronx County, New York",173794,4591,35662,3333,138132,5637
0500000US36007,36007,"Broome County, New York",4050,854,940,417,3110,845
0500000US36013,36013,"Chautauqua County, New York",928,321,360,224,568,302
0500000US36015,36015,"Chemung County, New York",1796,566,652,535,1144,425
0500000US36027,36027,"Dutchess County, New York",10067,1330,3636,846,6431,1277
0500000US36029,36029,"Erie County, New York",49975,2231,14665,1518,35310,2358
0500000US36045,36045,"Jefferson County, New York",1643,554,287,313,1356,482
0500000US36047,36047,"Kings County, New York",314159,5564,79788,3381,234371,5800
0500000US36055,36055,"Monroe County, New York",41157,1679,12670,1346,28487,1933
0500000US36059,36059,"Nassau County, New York",44045,2230,30644,1650,13401,2027
0500000US36061,36061,"New York County, New York",99545,4218,8013,1497,91532,4208
0500000US36063,36063,"Niagara County, New York",5630,721,1833,517,3797,809
0500000US36065,36065,"Oneida County, New York",4294,824,530,248,3764,912
0500000US36067,36067,"Onondaga County, New York",17617,1067,5707,794,11910,1344
0500000US36069,36069,"Ontario County, New York",1253,548,97,124,1156,563
0500000US36071,36071,"Orange County, New York",13372,1323,6872,1039,6500,1395
0500000US36075,36075,"Oswego County, New York",384,313,101,92,283,306
0500000US36079,36079,"Putnam County, New York",588,355,334,260,254,261
0500000US36081,36081,"Queens County, New York",131667,3276,63228,2556,68439,3303
0500000US36083,36083,"Rensselaer County, New York",3611,543,788,402,2823,540
0500000US36085,36085,"Richmond County, New York",17124,1599,6667,1151,10457,1859
0500000US36087,36087,"Rockland County, New York",11318,962,5561,928,5757,1004
0500000US36093,36093,"Schenectady County, New York",3801,817,815,428,2986,849
0500000US36101,36101,"Steuben County, New York",416,194,70,92,346,172
0500000US36103,36103,"Suffolk County, New York",29827,1682,17481,1517,12346,1853
0500000US36105,36105,"Sullivan County, New York",1471,647,440,290,1031,698
0500000US36109,36109,"Tompkins County, New York",681,315,156,180,525,287
0500000US36111,36111,"Ulster County, New York",2763,686,1003,392,1760,704
0500000US36117,36117,"Wayne County, New York",741,250,311,124,430,218
0500000US36119,36119,"Westchester County, New York",50011,2292,18528,2085,31483,2809
0500000US37001,37001,"Alamance County, North Carolina",12874,971,5849,982,7025,1170
0500000US37019,37019,"Brunswick County, North Carolina",4612,954,3056,774,1556,698
0500000US37021,37021,"Buncombe County, North Carolina",5759,1083,1559,377,4200,1091
0500000US37023,37023,"Burke County, North Carolina",1987,539,604,403,1383,628
0500000US37025,37025,"Cabarrus County, North Carolina",11215,1125,4971,951,6244,1191
0500000US37027,37027,"Caldwell County, North Carolina",1781,913,326,264,1455,964
0500000US37031,37031,"Carteret County, North Carolina",1929,386,758,382,1171,302
0500000US37035,37035,"Catawba County, North Carolina",4815,756,2345,798,2470,586
0500000US37037,37037,"Chatham County, North Carolina",4173,559,2907,622,1266,605
0500000US37045,37045,"Cleveland County, North Carolina",6522,781,2222,583,4300,913
0500000US37049,37049,"Craven County, North Carolina",7664,1140,4020,627,3644,1038
0500000US37051,37051,"Cumberland County, North Carolina",46545,1913,20018,1242,26527,1902
0500000US37057,37057,"Davidson County, North Carolina",5417,614,1615,478,3802,709
0500000US37063,37063,"Durham County, North Carolina",45433,1902,18615,2117,26818,2557
0500000US37067,37067,"Forsyth County, North Carolina",37089,2048,14993,1421,22096,2204
0500000US37071,37071,"Gaston County, North Carolina",13186,1036,4431,713,8755,1172
0500000US37081,37081,"Guilford County, North Carolina",66615,2202,24051,2095,42564,2589
0500000US37085,37085,"Harnett County, North Carolina",8883,832,4864,712,4019,843
0500000US37089,37089,"Henderson County, North Carolina",2080,511,865,533,1215,610
0500000US37097,37097,"Iredell County, North Carolina",7395,696,3314,758,4081,850
0500000US37101,37101,"Johnston County, North Carolina",10503,1081,5599,1118,4904,1244
0500000US37109,37109,"Lincoln County, North Carolina",1268,589,578,426,690,622
0500000US37119,37119,"Mecklenburg County, North Carolina",123876,3161,47255,2647,76621,3269
0500000US37125,37125,"Moore County, North Carolina",4071,666,2754,625,1317,475
0500000US37127,37127,"Nash County, North Carolina",13969,1401,6503,1215,7466,1575
0500000US37129,37129,"New Hanover County, North Carolina",11486,934,4525,839,6961,1032
0500000US37133,37133,"Onslow County, North Carolina",8542,1297,3777,826,4765,1420
0500000US37135,37135,"Orange County, North Carolina",4827,1014,2545,645,2282,1075
0500000US37147,37147,"Pitt County, North Carolina",23358,1372,8471,1156,14887,1513
0500000US37151,37151,"Randolph County, North Carolina",3761,436,1923,479,1838,626
0500000US37155,37155,"Robeson County, North Carolina",10455,765,5822,682,4633,744
0500000US37157,37157,"Rockingham County, North Carolina",6845,831,3681,757,3164,888
0500000US37159,37159,"Rowan County, North Carolina",8431,971,3457,737,4974,981
0500000US37161,37161,"Rutherford County, North Carolina",2401,574,872,487,1529,651
0500000US37171,37171,"Surry County, North Carolina",1838,472,929,468,909,556
0500000US37179,37179,"Union County, North Carolina",7548,888,4772,868,2776,880
0500000US37183,37183,"Wake County, North Carolina",76492,3142,29338,2530,47154,3683
0500000US37191,37191,"Wayne County, North Carolina",14067,1039,5564,926,8503,1058
0500000US37193,37193,"Wilkes County, North Carolina",830,531,513,344,317,356
0500000US37195,37195,"Wilson County, North Carolina",12389,1168,4197,1038,8192,1258
0500000US38017,38017,"Cass County, North Dakota",3543,931,761,570,2782,818
0500000US39003,39003,"Allen County, Ohio",4543,709,1339,389,3204,710
0500000US39007,39007,"Ashtabula County, Ohio",1201,473,488,316,713,560
0500000US39009,39009,"Athens County, Ohio",433,233,168,166,265,136
0500000US39013,39013,"Belmont County, Ohio",1088,445,394,279,694,486
0500000US39017,39017,"Butler County, Ohio",10849,763,4893,812,5956,980
0500000US39023,39023,"Clark County, Ohio",4307,612,1592,481,2715,628
0500000US39025,39025,"Clermont County, Ohio",1068,439,622,385,446,386
0500000US39029,39029,"Columbiana County, Ohio",774,496,204,184,570,517
0500000US39035,39035,"Cuyahoga County, Ohio",156573,2986,56411,2902,100162,3839
0500000US39041,39041,"Delaware County, Ohio",1697,610,1270,481,427,337
0500000US39043,39043,"Erie County, Ohio",3616,618,1850,858,1766,718
0500000US39045,39045,"Fairfield County, Ohio",3584,722,2101,766,1483,894
0500000US39049,39049,"Franklin County, Ohio",107300,2951,34447,2820,72853,3530
0500000US39055,39055,"Geauga County, Ohio",526,208,237,145,289,268
0500000US39057,39057,"Greene County, Ohio",3638,733,1291,441,2347,687
0500000US39061,39061,"Hamilton County, Ohio",88632,2763,27989,2006,60643,3389
0500000US39081,39081,"Jefferson County, Ohio",1898,432,497,263,1401,533
0500000US39085,39085,"Lake County, Ohio",3746,583,789,232,2957,647
0500000US39089,39089,"Licking County, Ohio",2525,578,1122,536,1403,617
0500000US39093,39093,"Lorain County, Ohio",8615,987,2940,651,5675,940
0500000US39095,39095,"Lucas County, Ohio",37365,1896,11444,1403,25921,2199
0500000US39099,39099,"Mahoning County, Ohio",14058,1177,5398,879,8660,1157
0500000US39103,39103,"Medina County, Ohio",1350,451,610,457,740,458
0500000US39109,39109,"Miami County, Ohio",868,311,218,165,650,288
0500000US39113,39113,"Montgomery County, Ohio",46438,2204,17962,1710,28476,2303
0500000US39119,39119,"Muskingum County, Ohio",1600,431,533,268,1067,446
0500000US39133,39133,"Portage County, Ohio",2505,503,550,296,1955,598
0500000US39139,39139,"Richland County, Ohio",4088,734,1183,422,2905,941
0500000US39141,39141,"Ross County, Ohio",665,396,299,208,366,299
0500000US39151,39151,"Stark County, Ohio",10566,954,4119,717,6447,1117
0500000US39153,39153,"Summit County, Ohio",32671,1605,12580,1528,20091,1856
0500000US39155,39155,"Trumbull County, Ohio",8153,849,2233,583,5920,978
0500000US39165,39165,"Warren County, Ohio",1675,735,631,305,1044,701
0500000US39169,39169,"Wayne County, Ohio",646,232,225,174,421,265
0500000US39173,39173,"Wood County, Ohio",802,288,346,244,456,252
0500000US40017,40017,"Canadian County, Oklahoma",887,424,626,362,261,213
0500000US40027,40027,"Cleveland County, Oklahoma",4871,815,1431,651,3440,951
0500000US40031,40031,"Comanche County, Oklahoma",8282,945,2518,680,5764,820
0500000US40037,40037,"Creek County, Oklahoma",420,123,323,131,97,83
0500000US40101,40101,"Muskogee County, Oklahoma",2870,425,1415,347,1455,407
0500000US40109,40109,"Oklahoma County, Oklahoma",48700,1865,17995,1424,30705,2108
0500000US40119,40119,"Payne County, Oklahoma",1031,355,190,244,841,369
0500000US40125,40125,"Pottawatomie County, Oklahoma",783,229,415,131,368,206
0500000US40143,40143,"Tulsa County, Oklahoma",26254,1064,8562,776,17692,1065
0500000US40145,40145,"Wagoner County, Oklahoma",970,192,501,186,469,237
0500000US41005,41005,"Clackamas County, Oregon",1518,721,469,489,1049,645
0500000US41039,41039,"Lane County, Oregon",1396,475,166,160,1230,505
0500000US41047,41047,"Marion County, Oregon",1182,365,223,188,959,403
0500000US41051,41051,"Multnomah County, Oregon",15828,1231,3823,911,12005,1358
0500000US41067,41067,"Washington County, Oregon",4187,880,2081,723,2106,709
0500000US42003,42003,"Allegheny County, Pennsylvania",66386,2298,21596,1812,44790,2687
0500000US42007,42007,"Beaver County, Pennsylvania",3668,688,1218,302,2450,709
0500000US42011,42011,"Berks County, Pennsylvania",5207,705,2322,611,2885,769
0500000US42013,42013,"Blair County, Pennsylvania",876,406,322,263,554,372
0500000US42017,42017,"Bucks County, Pennsylvania",8331,948,2939,684,5392,1166
0500000US42019,42019,"Butler County, Pennsylvania",711,266,332,226,379,247
0500000US42021,42021,"Cambria County, Pennsylvania",1052,429,428,290,624,294
0500000US42025,42025,"Carbon County, Pennsylvania",746,436,281,214,465,386
0500000US42027,42027,"Centre County, Pennsylvania",1550,788,556,586,994,819
0500000US42029,42029,"Chester County, Pennsylvania",10291,975,3979,720,6312,1253
0500000US42037,42037,"Columbia County, Pennsylvania",539,226,209,202,330,212
0500000US42041,42041,"Cumberland County, Pennsylvania",2861,430,481,352,2380,530
0500000US42043,42043,"Dauphin County, Pennsylvania",18088,1524,6065,929,12023,1388
0500000US42045,42045,"Delaware County, Pennsylvania",42652,1908,18379,1525,24273,2156
0500000US42049,42049,"Erie County, Pennsylvania",7662,836,1663,582,5999,889
0500000US42051,42051,"Fayette County, Pennsylvania",1691,482,620,305,1071,381
0500000US42055,42055,"Franklin County, Pennsylvania",2134,554,845,383,1289,632
0500000US42069,42069,"Lackawanna County, Pennsylvania",2150,425,500,230,1650,434
0500000US42071,42071,"Lancaster County, Pennsylvania",7481,751,1751,565,5730,926
0500000US42073,42073,"Lawrence County, Pennsylvania",1417,272,470,257,947,291
0500000US42075,42075,"Lebanon County, Pennsylvania",936,327,211,241,725,339
0500000US42077,42077,"Lehigh County, Pennsylvania",8675,1471,2964,674,5711,1446
0500000US42079,42079,"Luzerne County, Pennsylvania",3482,822,570,388,2912,754
0500000US42081,42081,"Lycoming County, Pennsylvania",1306,569,62,87,1244,569
0500000US42085,42085,"Mercer County, Pennsylvania",2454,342,660,244,1794,448
0500000US42089,42089,"Monroe County, Pennsylvania",7508,1168,4975,948,2533,1133
0500000US42091,42091,"Montgomery County, Pennsylvania",26437,1788,11997,1175,14440,1806
0500000US42095,42095,"Northampton County, Pennsylvania",5376,919,2525,696,2851,841
0500000US42101,42101,"Philadelphia County, Pennsylvania",238068,4449,117094,4603,120974,4224
0500000US42107,42107,"Schuylkill County, Pennsylvania",487,273,181,181,306,191
0500000US42125,42125,"Washington County, Pennsylvania",2217,480,1085,459,1132,519
0500000US42129,42129,"Westmoreland County, Pennsylvania",3152,510,1188,459,1964,528
0500000US42133,42133,"York County, Pennsylvania",8850,1174,3884,924,4966,1305
0500000US44003,44003,"Kent County, Rhode Island",904,280,253,199,651,277
0500000US44005,44005,"Newport County, Rhode Island",1455,535,441,183,1014,527
0500000US44007,44007,"Providence County, Rhode Island",20229,1564,5973,1011,14256,1726
0500000US44009,44009,"Washington County, Rhode Island",574,187,383,266,191,197
0500000US45003,45003,"Aiken County, South Carolina",15789,1335,8979,1022,6810,1491
0500000US45007,45007,"Anderson County, South Carolina",13002,1294,4118,1119,8884,1348
0500000US45013,45013,"Beaufort County, South Carolina",11914,1412,7315,1483,4599,1249
0500000US45015,45015,"Berkeley County, South Carolina",18432,1033,11824,1189,6608,1184
0500000US45019,45019,"Charleston County, South Carolina",40269,2321,18285,1402,21984,2459
0500000US45031,45031,"Darlington County, South Carolina",9909,926,5932,888,3977,915
0500000US45035,45035,"Dorchester County, South Carolina",13001,1087,7702,968,5299,986
0500000US45041,45041,"Florence County, South Carolina",19548,1387,9637,1303,9911,1337
0500000US45045,45045,"Greenville County, South Carolina",33243,1795,12620,1493,20623,2174
0500000US45047,45047,"Greenwood County, South Carolina",7794,1014,2930,626,4864,1016
0500000US45051,45051,"Horry County, South Carolina",14469,1399,7304,1013,7165,1408
0500000US45057,45057,"Lancaster County, South Carolina",6569,1016,4146,960,2423,753
0500000US45059,45059,"Laurens County, South Carolina",5608,784,3114,695,2494,843
0500000US45063,45063,"Lexington County, South Carolina",15324,1126,7285,1016,8039,1232
0500000US45073,45073,"Oconee County, South Carolina",2589,643,816,290,1773,703
0500000US45075,45075,"Orangeburg County, South Carolina",20252,1389,10928,1257,9324,1430
0500000US45077,45077,"Pickens County, South Carolina",3215,631,1318,670,1897,580
0500000US45079,45079,"Richland County, South Carolina",71451,2272,35444,2677,36007,3459
0500000US45083,45083,"Spartanburg County, South Carolina",22732,1273,9964,1154,12768,1592
0500000US45085,45085,"Sumter County, South Carolina",19220,1277,11769,1334,7451,1255
0500000US45091,45091,"York County, South Carolina",18021,1038,8143,1105,9878,1400
0500000US46099,46099,"Minnehaha County, South Dakota",2486,542,325,228,2161,560
0500000US46103,46103,"Pennington County, South Dakota",480,272,106,123,374,260
0500000US47001,47001,"Anderson County, Tennessee",1300,329,492,381,808,362
0500000US47009,47009,"Blount County, Tennessee",1716,532,664,421,1052,505
0500000US47011,47011,"Bradley County, Tennessee",2114,517,376,219,1738,527
0500000US47037,47037,"Davidson County, Tennessee",73353,2602,28689,2012,44664,2855
0500000US47065,47065,"Hamilton County, Tennessee",27790,2056,12372,1413,15418,1981
0500000US47093,47093,"Knox County, Tennessee",17592,1566,6028,1161,11564,1371
0500000US47113,47113,"Madison County, Tennessee",13053,1043,5191,745,7862,1146
0500000US47119,47119,"Maury County, Tennessee",5051,809,2512,699,2539,854
0500000US47125,47125,"Montgomery County, Tennessee",13264,1034,7191,1364,6073,1318
0500000US47147,47147,"Robertson County, Tennessee",2108,508,1042,407,1066,450
0500000US47149,47149,"Rutherford County, Tennessee",15302,1176,6811,1177,8491,1280
0500000US47157,47157,"Shelby County, Tennessee",186451,4322,75461,3959,110990,4684
0500000US47163,47163,"Sullivan County, Tennessee",939,396,661,386,278,235
0500000US47165,47165,"Sumner County, Tennessee",4404,757,1809,619,2595,759
0500000US47179,47179,"Washington County, Tennessee",2621,573,804,501,1817,684
0500000US47187,47187,"Williamson County, Tennessee",3320,650,1771,611,1549,608
0500000US47189,47189,"Wilson County, Tennessee",3035,544,1741,487,1294,447
0500000US48005,48005,"Angelina County, Texas",3932,733,935,268,2997,677
0500000US48021,48021,"Bastrop County, Texas",2389,1030,1659,1078,730,489
0500000US48027,48027,"Bell County, Texas",29104,1850,13442,1734,15662,1978
0500000US48029,48029,"Bexar County, Texas",52006,2434,22201,2101,29805,2815
0500000US48037,48037,"Bowie County, Texas",8011,873,3363,810,4648,974
0500000US48039,48039,"Brazoria County, Texas",15990,1428,9745,1326,6245,1662
0500000US48041,48041,"Brazos County, Texas",8173,951,2427,635,5746,1080
0500000US48061,48061,"Cameron County, Texas",463,275,203,171,260,196
0500000US48085,48085,"Collin County, Texas",32926,1845,14277,1688,18649,2328
0500000US48091,48091,"Comal County, Texas",774,241,542,383,232,210
0500000US48099,48099,"Coryell County, Texas",1487,489,545,299,942,394
0500000US48113,48113,"Dallas County, Texas",225566,4583,78264,4162,147302,6104
0500000US48121,48121,"Denton County, Texas",28311,1961,8752,1388,19559,2108
0500000US48135,48135,"Ector County, Texas",2572,643,850,452,1722,719
0500000US48139,48139,"Ellis County, Texas",6020,856,3881,751,2139,844
0500000US48141,48141,"El Paso County, Texas",11947,1231,4426,1646,7521,1764
0500000US48157,48157,"Fort Bend County, Texas",47506,2508,30544,2321,16962,2653
0500000US48167,48167,"Galveston County, Texas",15375,1524,6982,1101,8393,1553
0500000US48181,48181,"Grayson County, Texas",2227,604,710,370,1517,636
0500000US48183,48183,"Gregg County, Texas",9658,877,2893,485,6765,978
0500000US48187,48187,"Guadalupe County, Texas",2913,493,1815,491,1098,429
0500000US48201,48201,"Harris County, Texas",330872,6216,120998,5185,209874,7680
0500000US48203,48203,"Harrison County, Texas",5890,659,2502,726,3388,787
0500000US48209,48209,"Hays County, Texas",2607,1009,922,561,1685,946
0500000US48213,48213,"Henderson County, Texas",1966,509,1050,521,916,627
0500000US48231,48231,"Hunt County, Texas",2523,521,801,330,1722,619
0500000US48245,48245,"Jefferson County, Texas",32744,1789,14730,1667,18014,1986
0500000US48251,48251,"Johnson County, Texas",1628,507,935,383,693,522
0500000US48257,48257,"Kaufman County, Texas",3398,439,1907,503,1491,472
0500000US48291,48291,"Liberty County, Texas",2285,766,1336,480,949,780
0500000US48303,48303,"Lubbock County, Texas",7491,1045,2396,612,5095,1015
0500000US48309,48309,"McLennan County, Texas",12263,1045,4022,702,8241,977
0500000US48329,48329,"Midland County, Texas",4670,799,1863,685,2807,647
0500000US48339,48339,"Montgomery County, Texas",11148,1442,5773,2073,5375,1653
0500000US48347,48347,"Nacogdoches County, Texas",4165,886,1369,368,2796,907
0500000US48355,48355,"Nueces County, Texas",5826,810,1730,411,4096,829
0500000US48361,48361,"Orange County, Texas",3344,478,1376,418,1968,671
0500000US48375,48375,"Potter County, Texas",3525,570,1554,503,1971,416
0500000US48409,48409,"San Patricio County, Texas",547,236,249,161,298,183
0500000US48423,48423,"Smith County, Texas",11876,1197,5453,1196,6423,1182
0500000US48439,48439,"Tarrant County, Texas",113844,3518,43377,2715,70467,3947
0500000US48441,48441,"Taylor County, Texas",2502,479,683,313,1819,487
0500000US48451,48451,"Tom Green County, Texas",1408,518,456,291,952,408
0500000US48453,48453,"Travis County, Texas",37109,1999,13879,1902,23230,2372
0500000US48469,48469,"Victoria County, Texas",2481,504,1143,545,1338,551
0500000US48471,48471,"Walker County, Texas",5163,898,2064,673,3099,886
0500000US48479,48479,"Webb County, Texas",318,150,69,74,249,146
0500000US48485,48485,"Wichita County, Texas",4660,859,1211,459,3449,962
0500000US48491,48491,"Williamson County, Texas",10489,1797,5938,1390,4551,1407
0500000US49005,49005,"Cache County, Utah",215,97,29,38,186,117
0500000US49011,49011,"Davis County, Utah",1365,647,471,393,894,545
0500000US49035,49035,"Salt Lake County, Utah",5101,799,1001,564,4100,842
0500000US49049,49049,"Utah County, Utah",906,443,249,183,657,464
0500000US49057,49057,"Weber County, Utah",815,365,431,318,384,257
0500000US50007,50007,"Chittenden County, Vermont",1407,792,228,183,1179,752
0500000US51003,51003,"Albemarle County, Virginia",3313,544,973,324,2340,566
0500000US51013,51013,"Arlington County, Virginia",9621,971,2075,539,7546,1050
0500000US51015,51015,"Augusta County, Virginia",565,265,371,213,194,224
0500000US51019,51019,"Bedford County, Virginia",1966,522,1297,291,669,461
0500000US51041,51041,"Chesterfield County, Virginia",25709,1298,15761,1356,9948,1651
0500000US51059,51059,"Fairfax County, Virginia",38962,2023,17244,1486,21718,2335
0500000US51061,51061,"Fauquier County, Virginia",1673,474,989,383,684,453
0500000US51069,51069,"Frederick County, Virginia",794,275,474,248,320,260
0500000US51085,51085,"Hanover County, Virginia",3483,505,2170,438,1313,455
0500000US51087,51087,"Henrico County, Virginia",36680,1839,18011,1644,18669,1962
0500000US51095,51095,"James City County, Virginia",3032,678,1529,574,1503,597
0500000US51107,51107,"Loudoun County, Virginia",8528,931,6033,996,2495,831
0500000US51121,51121,"Montgomery County, Virginia",1376,358,470,277,906,390
0500000US51153,51153,"Prince William County, Virginia",31982,2028,16690,1481,15292,2141
0500000US51161,51161,"Roanoke County, Virginia",2564,518,1351,473,1213,701
0500000US51177,51177,"Spotsylvania County, Virginia",7765,675,4762,723,3003,803
0500000US51179,51179,"Stafford County, Virginia",8017,874,5020,770,2997,867
0500000US51199,51199,"York County, Virginia",3390,498,1777,416,1613,603
0500000US51510,51510,"Alexandria city, Virginia",15971,1352,2674,810,13297,1328
0500000US51550,51550,"Chesapeake city, Virginia",24264,1411,12899,1615,11365,1702
0500000US51650,51650,"Hampton city, Virginia",26873,1411,12514,1243,14359,1555
0500000US51680,51680,"Lynchburg city, Virginia",7493,1157,2665,849,4828,1283
0500000US51700,51700,"Newport News city, Virginia",27719,1848,9554,1337,18165,1860
0500000US51710,51710,"Norfolk city, Virginia",34765,2231,8730,1187,26035,2382
0500000US51740,51740,"Portsmouth city, Virginia",18132,953,7869,1026,10263,1201
0500000US51760,51760,"Richmond city, Virginia",42766,1772,14957,1529,27809,1676
0500000US51770,51770,"Roanoke city, Virginia",10943,1082,4404,931,6539,1166
0500000US51800,51800,"Suffolk city, Virginia",14545,920,7109,894,7436,1062
0500000US51810,51810,"Virginia Beach city, Virginia",30561,1670,13859,1662,16702,2097
0500000US53005,53005,"Benton County, Washington",1353,640,334,405,1019,661
0500000US53011,53011,"Clark County, Washington",3342,741,990,407,2352,687
0500000US53029,53029,"Island County, Washington",868,485,443,379,425,415
0500000US53033,53033,"King County, Washington",45795,2716,12719,1773,33076,2541
0500000US53035,53035,"Kitsap County, Washington",2569,634,580,386,1989,563
0500000US53053,53053,"Pierce County, Washington",22806,2047,6140,1063,16666,2120
0500000US53057,53057,"Skagit County, Washington",229,105,13,18,216,104
0500000US53061,53061,"Snohomish County, Washington",8370,864,2918,911,5452,1072
0500000US53063,53063,"Spokane County, Washington",3018,823,482,223,2536,841
0500000US53067,53067,"Thurston County, Washington",3225,626,1365,692,1860,697
0500000US53077,53077,"Yakima County, Washington",843,520,612,463,231,222
0500000US54003,54003,"Berkeley County, West Virginia",3350,483,2101,768,1249,619
0500000US54011,54011,"Cabell County, West Virginia",1545,452,633,296,912,382
0500000US54039,54039,"Kanawha County, West Virginia",5503,1026,2212,784,3291,1028
0500000US54061,54061,"Monongalia County, West Virginia",1130,490,72,91,1058,485
0500000US54081,54081,"Raleigh County, West Virginia",1918,676,957,454,961,539
0500000US54107,54107,"Wood County, West Virginia",604,246,71,85,533,272
0500000US55009,55009,"Brown County, Wisconsin",1477,430,150,132,1327,419
0500000US55025,55025,"Dane County, Wisconsin",8540,1259,1109,421,7431,1343
0500000US55059,55059,"Kenosha County, Wisconsin",4044,657,611,320,3433,667
0500000US55079,55079,"Milwaukee County, Wisconsin",95167,2664,24730,1793,70437,3219
0500000US55087,55087,"Outagamie County, Wisconsin",507,247,149,164,358,261
0500000US55101,55101,"Racine County, Wisconsin",8481,1128,2391,783,6090,1396
0500000US55105,55105,"Rock County, Wisconsin",2988,450,1302,496,1686,617
0500000US55127,55127,"Walworth County, Wisconsin",466,244,42,50,424,262
0500000US55133,55133,"Waukesha County, Wisconsin",1514,566,847,419,667,533
0500000US55139,55139,"Winnebago County, Wisconsin",857,341,167,240,690,221
0500000US56021,56021,"Laramie County, Wyoming",1333,616,375,311,958,577
