GEO.id,GEO.id2,GEO.display-label,HD01_VD01,HD02_VD01,HD01_VD02,HD02_VD02,HD01_VD03,HD02_VD03
Id,Id2,Geography,Estimate; Total:,Margin of Error; Total:,Estimate; Owner occupied,Margin of Error; Owner occupied,Estimate; Renter occupied,Margin of Error; Renter occupied
0500000US01003,01003,"Baldwin County, Alabama",7218,920,4781,937,2437,921
0500000US01015,01015,"Calhoun County, Alabama",9416,730,4437,720,4979,924
0500000US01051,01051,"Elmore County, Alabama",4623,879,3180,706,1443,687
0500000US01055,01055,"Etowah County, Alabama",5691,832,3550,605,2141,822
0500000US01069,01069,"Houston County, Alabama",8823,660,3697,468,5126,630
0500000US01073,01073,"Jefferson County, Alabama",109878,2738,55089,2100,54789,3389
0500000US01077,01077,"Lauderdale County, Alabama",3733,594,2142,521,1591,750
0500000US01081,01081,"Lee County, Alabama",12426,994,6431,868,5995,1112
0500000US01083,01083,"Limestone County, Alabama",2578,1225,1418,522,1160,950
0500000US01089,01089,"Madison County, Alabama",29709,1584,14678,1336,15031,1518
0500000US01097,01097,"Mobile County, Alabama",53025,2191,27214,2111,25811,2536
0500000US01101,01101,"Montgomery County, Alabama",45896,2161,24507,1953,21389,2162
0500000US01103,01103,"Morgan County, Alabama",6136,1010,2575,736,3561,876
0500000US01115,01115,"St. Clair County, Alabama",1589,726,1321,728,268,247
0500000US01117,01117,"Shelby County, Alabama",8248,855,5318,710,2930,998
0500000US01121,01121,"Talladega County, Alabama",9234,920,5038,677,4196,1027
0500000US01125,01125,"Tuscaloosa County, Alabama",20035,1650,9229,1024,10806,1592
0500000US01127,01127,"Walker County, Alabama",2149,433,978,414,1171,367
0500000US02020,02020,"Anchorage Municipality, Alaska",6779,894,2458,662,4321,767
0500000US02090,02090,"Fairbanks North Star Borough, Alaska",1465,601,456,413,1009,430
0500000US04003,04003,"Cochise County, Arizona",1611,400,1045,405,566,354
0500000US04013,04013,"Maricopa County, Arizona",60044,3199,21746,2272,38298,2792
0500000US04015,04015,"Mohave County, Arizona",507,270,194,172,313,197
0500000US04019,04019,"Pima County, Arizona",12768,1095,4930,1115,7838,1384
0500000US04021,04021,"Pinal County, Arizona",3563,636,2351,625,1212,474
0500000US04027,04027,"Yuma County, Arizona",1853,685,504,249,1349,758
0500000US05007,05007,"Benton County, Arkansas",1898,700,458,485,1440,807
0500000US05031,05031,"Craighead County, Arkansas",4638,671,331,279,4307,707
0500000US05045,05045,"Faulkner County, Arkansas",3930,624,1422,577,2508,656
0500000US05051,05051,"Garland County, Arkansas",2790,665,1254,483,1536,514
0500000US05069,05069,"Jefferson County, Arkansas",14893,1214,7220,1255,7673,1211
0500000US05085,05085,"Lonoke County, Arkansas",1378,380,667,238,711,397
0500000US05119,05119,"Pulaski County, Arkansas",51989,2208,21856,2066,30133,2767
0500000US05125,05125,"Saline County, Arkansas",1657,415,732,355,925,500
0500000US05131,05131,"Sebastian County, Arkansas",2447,865,1416,532,1031,622
0500000US05143,05143,"Washington County, Arkansas",2040,540,834,438,1206,505
0500000US05145,05145,"White County, Arkansas",1430,468,498,327,932,559
0500000US06001,06001,"Alameda County, California",76037,3123,25371,2088,50666,3386
0500000US06007,06007,"Butte County, California",854,345,459,274,395,272
0500000US06013,06013,"Contra Costa County, California",34772,1797,14882,1400,19890,1800
0500000US06019,06019,"Fresno County, California",13954,1597,4754,859,9200,1483
0500000US06025,06025,"Imperial County, California",809,407,390,345,419,223
0500000US06029,06029,"Kern County, California",12363,1338,3973,939,8390,1349
0500000US06031,06031,"Kings County, California",2327,943,1013,642,1314,683
0500000US06037,06037,"Los Angeles County, California",317860,7208,112279,4358,205581,7774
0500000US06039,06039,"Madera County, California",1658,859,982,753,676,631
0500000US06041,06041,"Marin County, California",2495,941,117,177,2378,916
0500000US06047,06047,"Merced County, California",3367,557,1241,421,2126,531
0500000US06053,06053,"Monterey County, California",3485,968,1076,340,2409,1014
0500000US06059,06059,"Orange County, California",18665,1797,5304,1258,13361,1434
0500000US06061,06061,"Placer County, California",1511,563,781,361,730,508
0500000US06065,06065,"Riverside County, California",42192,2230,20427,1856,21765,2174
0500000US06067,06067,"Sacramento County, California",49342,2224,16702,1528,32640,2370
0500000US06071,06071,"San Bernardino County, California",53823,2313,22996,2150,30827,2663
0500000US06073,06073,"San Diego County, California",51957,2257,15964,2027,35993,2438
0500000US06075,06075,"San Francisco County, California",21792,1916,5310,809,16482,1986
0500000US06077,06077,"San Joaquin County, California",16841,1388,7019,1183,9822,1308
0500000US06079,06079,"San Luis Obispo County, California",1033,452,332,212,701,443
0500000US06081,06081,"San Mateo County, California",9407,1094,2991,733,6416,1158
0500000US06083,06083,"Santa Barbara County, California",2736,520,662,229,2074,509
0500000US06085,06085,"Santa Clara County, California",16650,1452,5741,1116,10909,1601
0500000US06089,06089,"Shasta County, California",665,405,417,360,248,218
0500000US06095,06095,"Solano County, California",19914,1426,9166,1032,10748,1494
0500000US06097,06097,"Sonoma County, California",2286,527,741,458,1545,529
0500000US06099,06099,"Stanislaus County, California",4526,861,1816,613,2710,993
0500000US06101,06101,"Sutter County, California",824,213,214,207,610,300
0500000US06107,06107,"Tulare County, California",2322,530,600,545,1722,701
0500000US06111,06111,"Ventura County, California",5229,810,2071,639,3158,714
0500000US06113,06113,"Yolo County, California",2126,700,689,340,1437,674
0500000US06115,06115,"Yuba County, California",631,241,468,280,163,181
0500000US08001,08001,"Adams County, Colorado",4963,683,1906,593,3057,897
0500000US08005,08005,"Arapahoe County, Colorado",20539,1387,7937,1251,12602,1671
0500000US08013,08013,"Boulder County, Colorado",770,307,357,243,413,266
0500000US08031,08031,"Denver County, Colorado",22875,1499,8229,1155,14646,1551
0500000US08035,08035,"Douglas County, Colorado",1649,668,1116,492,533,537
0500000US08041,08041,"El Paso County, Colorado",14098,1522,6910,1002,7188,1568
0500000US08059,08059,"Jefferson County, Colorado",2062,474,493,289,1569,516
0500000US08101,08101,"Pueblo County, Colorado",678,407,335,207,343,337
0500000US09001,09001,"Fairfield County, Connecticut",34020,1571,13659,1599,20361,1869
0500000US09003,09003,"Hartford County, Connecticut",39886,2073,16302,1315,23584,2125
0500000US09005,09005,"Litchfield County, Connecticut",1076,573,221,213,855,582
0500000US09007,09007,"Middlesex County, Connecticut",3730,627,1328,595,2402,852
0500000US09009,09009,"New Haven County, Connecticut",36573,2070,14300,1434,22273,2406
0500000US09011,09011,"New London County, Connecticut",4206,818,1421,541,2785,1027
0500000US09013,09013,"Tolland County, Connecticut",1337,489,634,392,703,493
0500000US09015,09015,"Windham County, Connecticut",831,541,292,242,539,613
0500000US10001,10001,"Kent County, Delaware",12265,1009,7332,1147,4933,1250
0500000US10003,10003,"New Castle County, Delaware",43191,2158,21564,2131,21627,2155
0500000US10005,10005,"Sussex County, Delaware",8017,726,5399,817,2618,718
0500000US11001,11001,"District of Columbia, District of Columbia",123326,2860,47087,2467,76239,3107
0500000US12001,12001,"Alachua County, Florida",16598,1412,7784,1079,8814,1348
0500000US12005,12005,"Bay County, Florida",6869,1248,2794,658,4075,1216
0500000US12009,12009,"Brevard County, Florida",17714,1362,10124,1392,7590,1378
0500000US12011,12011,"Broward County, Florida",132869,4135,72067,3552,60802,3885
0500000US12015,12015,"Charlotte County, Florida",3325,866,2044,508,1281,768
0500000US12017,12017,"Citrus County, Florida",1399,441,660,359,739,462
0500000US12019,12019,"Clay County, Florida",6536,582,3975,696,2561,744
0500000US12021,12021,"Collier County, Florida",3445,662,1522,457,1923,492
0500000US12023,12023,"Columbia County, Florida",4004,1144,1378,666,2626,1034
0500000US12031,12031,"Duval County, Florida",94198,3186,44071,2650,50127,3621
0500000US12033,12033,"Escambia County, Florida",23535,1523,10280,1107,13255,1840
0500000US12035,12035,"Flagler County, Florida",3265,484,2154,420,1111,537
0500000US12053,12053,"Hernando County, Florida",2697,656,1613,494,1084,529
0500000US12055,12055,"Highlands County, Florida",2442,661,1945,532,497,329
0500000US12057,12057,"Hillsborough County, Florida",73160,2736,27122,2464,46038,3073
0500000US12061,12061,"Indian River County, Florida",4630,679,2646,626,1984,527
0500000US12069,12069,"Lake County, Florida",8061,1074,4488,825,3573,930
0500000US12071,12071,"Lee County, Florida",14209,1435,7710,995,6499,1410
0500000US12073,12073,"Leon County, Florida",34142,1943,11029,1359,23113,1990
0500000US12081,12081,"Manatee County, Florida",9509,1270,3958,1018,5551,1185
0500000US12083,12083,"Marion County, Florida",13904,1386,8335,1164,5569,1371
0500000US12085,12085,"Martin County, Florida",1990,562,1011,361,979,428
0500000US12086,12086,"Miami-Dade County, Florida",142131,5013,66376,3175,75755,4045
0500000US12089,12089,"Nassau County, Florida",1981,441,1590,415,391,244
0500000US12091,12091,"Okaloosa County, Florida",7549,1058,3067,805,4482,1072
0500000US12095,12095,"Orange County, Florida",70737,2957,31830,2585,38907,2549
0500000US12097,12097,"Osceola County, Florida",9088,1230,6272,1305,2816,933
0500000US12099,12099,"Palm Beach County, Florida",66749,2861,32064,2072,34685,2740
0500000US12101,12101,"Pasco County, Florida",5286,1208,2954,803,2332,1193
0500000US12103,12103,"Pinellas County, Florida",34170,2090,14000,1266,20170,1947
0500000US12105,12105,"Polk County, Florida",27188,1630,15259,1548,11929,1860
0500000US12107,12107,"Putnam County, Florida",4125,1010,1721,787,2404,894
0500000US12109,12109,"St. Johns County, Florida",3268,800,1604,822,1664,688
0500000US12111,12111,"St. Lucie County, Florida",12974,1448,7984,1136,4990,1237
0500000US12113,12113,"Santa Rosa County, Florida",1605,465,1362,462,243,214
0500000US12115,12115,"Sarasota County, Florida",5791,795,2884,658,2907,753
0500000US12117,12117,"Seminole County, Florida",13849,1499,6023,837,7826,1414
0500000US12127,12127,"Volusia County, Florida",16311,1745,8376,1354,7935,1593
0500000US13013,13013,"Barrow County, Georgia",2592,549,1504,429,1088,438
0500000US13015,13015,"Bartow County, Georgia",3656,701,1809,628,1847,765
0500000US13021,13021,"Bibb County, Georgia",27670,1654,10408,1283,17262,1810
0500000US13031,13031,"Bulloch County, Georgia",6453,902,1728,429,4725,937
0500000US13045,13045,"Carroll County, Georgia",6077,896,3041,729,3036,805
0500000US13051,13051,"Chatham County, Georgia",35809,1904,15655,1365,20154,1806
0500000US13057,13057,"Cherokee County, Georgia",4964,671,2912,765,2052,654
0500000US13059,13059,"Clarke County, Georgia",10490,913,3319,580,7171,936
0500000US13063,13063,"Clayton County, Georgia",52455,2012,28866,2070,23589,2121
0500000US13067,13067,"Cobb County, Georgia",57946,2462,26546,2128,31400,2642
0500000US13073,13073,"Columbia County, Georgia",5540,919,4396,871,1144,787
0500000US13077,13077,"Coweta County, Georgia",6476,766,4235,810,2241,510
0500000US13089,13089,"DeKalb County, Georgia",140213,3684,75075,3363,65138,3767
0500000US13095,13095,"Dougherty County, Georgia",22246,1425,9074,1000,13172,1569
0500000US13097,13097,"Douglas County, Georgia",15375,1293,8482,1327,6893,1593
0500000US13113,13113,"Fayette County, Georgia",6724,794,5099,644,1625,732
0500000US13115,13115,"Floyd County, Georgia",4591,460,1964,428,2627,530
0500000US13117,13117,"Forsyth County, Georgia",2012,552,1454,499,558,492
0500000US13121,13121,"Fulton County, Georgia",145868,5028,66388,3488,79480,4275
0500000US13127,13127,"Glynn County, Georgia",6493,875,3252,791,3241,855
0500000US13135,13135,"Gwinnett County, Georgia",56724,2417,31538,2303,25186,2281
0500000US13139,13139,"Hall County, Georgia",4189,529,2281,556,1908,634
0500000US13151,13151,"Henry County, Georgia",19576,1185,13152,1411,6424,1483
0500000US13153,13153,"Houston County, Georgia",15212,1143,6501,1092,8711,1460
0500000US13185,13185,"Lowndes County, Georgia",13376,1355,5888,1055,7488,1493
0500000US13215,13215,"Muscogee County, Georgia",36741,1875,15632,1547,21109,1935
0500000US13217,13217,"Newton County, Georgia",11823,1181,7782,1133,4041,838
0500000US13223,13223,"Paulding County, Georgia",7580,869,5875,878,1705,855
0500000US13245,13245,"Richmond County, Georgia",38912,2024,18129,1495,20783,1935
0500000US13247,13247,"Rockdale County, Georgia",11300,1027,5701,813,5599,1008
0500000US13297,13297,"Walton County, Georgia",4777,737,2041,573,2736,998
0500000US13313,13313,"Whitfield County, Georgia",1186,371,425,201,761,314
0500000US15003,15003,"Honolulu County, Hawaii",11999,1803,3411,1453,8588,1824
0500000US16001,16001,"Ada County, Idaho",881,373,97,123,784,374
0500000US17001,17001,"Adams County, Illinois",999,297,120,138,879,344
0500000US17019,17019,"Champaign County, Illinois",9514,1084,2085,509,7429,1184
0500000US17031,17031,"Cook County, Illinois",472188,6933,192623,5081,279565,6835
0500000US17037,17037,"DeKalb County, Illinois",1575,658,385,326,1190,637
0500000US17043,17043,"DuPage County, Illinois",15668,1713,5033,1212,10635,1683
0500000US17089,17089,"Kane County, Illinois",7862,1017,3139,758,4723,967
0500000US17091,17091,"Kankakee County, Illinois",5092,633,1872,563,3220,722
0500000US17093,17093,"Kendall County, Illinois",1710,384,1224,548,486,402
0500000US17097,17097,"Lake County, Illinois",15553,1046,7150,1033,8403,1480
0500000US17111,17111,"McHenry County, Illinois",563,352,397,299,166,136
0500000US17113,17113,"McLean County, Illinois",4299,816,669,381,3630,867
0500000US17115,17115,"Macon County, Illinois",6491,766,2440,638,4051,723
0500000US17119,17119,"Madison County, Illinois",6807,740,2621,580,4186,896
0500000US17143,17143,"Peoria County, Illinois",12168,1092,4380,930,7788,1170
0500000US17161,17161,"Rock Island County, Illinois",3776,573,1745,491,2031,604
0500000US17163,17163,"St. Clair County, Illinois",28504,1536,12133,1373,16371,1452
0500000US17167,17167,"Sangamon County, Illinois",8215,796,3283,720,4932,916
0500000US17183,17183,"Vermilion County, Illinois",3856,614,880,413,2976,661
0500000US17197,17197,"Will County, Illinois",21840,1418,12520,1479,9320,1400
0500000US17199,17199,"Williamson County, Illinois",576,270,198,253,378,244
0500000US17201,17201,"Winnebago County, Illinois",12966,1030,3919,788,9047,1183
0500000US18003,18003,"Allen County, Indiana",15245,1145,5285,838,9960,1226
0500000US18005,18005,"Bartholomew County, Indiana",573,179,154,182,419,238
0500000US18019,18019,"Clark County, Indiana",3193,648,1376,588,1817,676
0500000US18035,18035,"Delaware County, Indiana",1832,477,483,259,1349,412
0500000US18039,18039,"Elkhart County, Indiana",3726,679,1504,476,2222,637
0500000US18043,18043,"Floyd County, Indiana",1065,562,842,572,223,224
0500000US18053,18053,"Grant County, Indiana",1929,462,1079,378,850,484
0500000US18057,18057,"Hamilton County, Indiana",3453,646,1945,553,1508,745
0500000US18059,18059,"Hancock County, Indiana",669,322,269,196,400,422
0500000US18063,18063,"Hendricks County, Indiana",1941,366,1771,430,170,234
0500000US18067,18067,"Howard County, Indiana",2090,901,955,559,1135,597
0500000US18081,18081,"Johnson County, Indiana",576,374,86,94,490,353
0500000US18089,18089,"Lake County, Indiana",48001,2067,21569,1472,26432,2040
0500000US18091,18091,"LaPorte County, Indiana",4007,628,1521,498,2486,759
0500000US18095,18095,"Madison County, Indiana",2782,586,1266,343,1516,531
0500000US18097,18097,"Marion County, Indiana",86687,3390,33369,2241,53318,3702
0500000US18105,18105,"Monroe County, Indiana",1947,461,312,194,1635,538
0500000US18127,18127,"Porter County, Indiana",1627,437,434,307,1193,362
0500000US18141,18141,"St. Joseph County, Indiana",10860,923,4238,834,6622,1062
0500000US18157,18157,"Tippecanoe County, Indiana",2404,724,491,280,1913,732
0500000US18163,18163,"Vanderburgh County, Indiana",6669,731,1058,403,5611,680
0500000US18167,18167,"Vigo County, Indiana",2247,540,884,389,1363,564
0500000US18177,18177,"Wayne County, Indiana",1320,457,517,266,803,478
0500000US19013,19013,"Black Hawk County, Iowa",4206,580,1370,314,2836,651
0500000US19103,19103,"Johnson County, Iowa",2331,559,596,362,1735,578
0500000US19113,19113,"Linn County, Iowa",2060,470,417,190,1643,522
0500000US19153,19153,"Polk County, Iowa",8371,876,2816,660,5555,922
0500000US19163,19163,"Scott County, Iowa",5025,624,1710,645,3315,617
0500000US19169,19169,"Story County, Iowa",727,202,152,206,575,265
0500000US19193,19193,"Woodbury County, Iowa",744,343,137,166,607,351
0500000US20045,20045,"Douglas County, Kansas",1395,601,326,258,1069,554
0500000US20091,20091,"Johnson County, Kansas",8326,887,3029,874,5297,932
0500000US20103,20103,"Leavenworth County, Kansas",1570,774,728,434,842,545
0500000US20161,20161,"Riley County, Kansas",1531,690,268,307,1263,810
0500000US20173,20173,"Sedgwick County, Kansas",17582,1439,6985,1150,10597,1478
0500000US20177,20177,"Shawnee County, Kansas",6573,702,1705,527,4868,868
0500000US20209,20209,"Wyandotte County, Kansas",15856,1122,6361,830,9495,1087
0500000US21015,21015,"Boone County, Kentucky",732,283,593,268,139,192
0500000US21047,21047,"Christian County, Kentucky",6168,773,2439,638,3729,849
0500000US21059,21059,"Daviess County, Kentucky",1463,253,546,223,917,311
0500000US21067,21067,"Fayette County, Kentucky",16879,1272,6190,953,10689,1255
0500000US21093,21093,"Hardin County, Kentucky",3638,631,1367,575,2271,714
0500000US21111,21111,"Jefferson County, Kentucky",57559,2642,22668,2078,34891,2459
0500000US21117,21117,"Kenton County, Kentucky",2771,550,1029,453,1742,494
0500000US21145,21145,"McCracken County, Kentucky",3192,556,1080,539,2112,726
0500000US21227,21227,"Warren County, Kentucky",3304,539,1062,343,2242,660
0500000US22005,22005,"Ascension Parish, Louisiana",7220,689,5393,636,1827,652
0500000US22015,22015,"Bossier Parish, Louisiana",9415,949,5611,896,3804,1168
0500000US22017,22017,"Caddo Parish, Louisiana",44164,2154,20795,1951,23369,2263
0500000US22019,22019,"Calcasieu Parish, Louisiana",17795,1324,8079,1233,9716,1622
0500000US22033,22033,"East Baton Rouge Parish, Louisiana",69056,2299,32300,2264,36756,2934
0500000US22045,22045,"Iberia Parish, Louisiana",7535,842,4497,871,3038,744
0500000US22051,22051,"Jefferson Parish, Louisiana",39209,1998,17086,1770,22123,1899
0500000US22055,22055,"Lafayette Parish, Louisiana",18759,1667,8593,1184,10166,1942
0500000US22057,22057,"Lafourche Parish, Louisiana",4373,922,2387,538,1986,1025
0500000US22063,22063,"Livingston Parish, Louisiana",2996,611,1865,761,1131,769
0500000US22071,22071,"Orleans Parish, Louisiana",70313,3079,31034,1947,39279,2919
0500000US22073,22073,"Ouachita Parish, Louisiana",18815,1307,6778,983,12037,1307
0500000US22079,22079,"Rapides Parish, Louisiana",13764,1112,6845,1025,6919,1070
0500000US22097,22097,"St. Landry Parish, Louisiana",13944,1029,7557,938,6387,1232
0500000US22103,22103,"St. Tammany Parish, Louisiana",9962,1057,7557,1149,2405,819
0500000US22105,22105,"Tangipahoa Parish, Louisiana",11688,985,7280,1096,4408,1189
0500000US22109,22109,"Terrebonne Parish, Louisiana",6625,855,3915,709,2710,1024
0500000US23005,23005,"Cumberland County, Maine",1932,485,54,89,1878,475
0500000US23011,23011,"Kennebec County, Maine",526,268,241,182,285,267
0500000US24003,24003,"Anne Arundel County, Maryland",28767,2109,13941,1400,14826,2278
0500000US24005,24005,"Baltimore County, Maryland",72223,2246,34625,2221,37598,2609
0500000US24009,24009,"Calvert County, Maryland",3636,514,2863,416,773,512
0500000US24013,24013,"Carroll County, Maryland",1802,716,1160,628,642,530
0500000US24015,24015,"Cecil County, Maryland",2190,430,1079,372,1111,458
0500000US24017,24017,"Charles County, Maryland",18621,1252,13869,1222,4752,1248
0500000US24021,24021,"Frederick County, Maryland",7232,734,3582,795,3650,803
0500000US24025,24025,"Harford County, Maryland",11297,1333,7425,1395,3872,1336
0500000US24027,24027,"Howard County, Maryland",19479,1259,10892,1234,8587,1300
0500000US24031,24031,"Montgomery County, Maryland",58599,2522,26922,1835,31677,2580
0500000US24033,24033,"Prince George's County, Maryland",199244,3237,117952,3665,81292,4289
0500000US24037,24037,"St. Mary's County, Maryland",5160,1012,2868,746,2292,912
0500000US24043,24043,"Washington County, Maryland",4297,929,1205,731,3092,834
0500000US24045,24045,"Wicomico County, Maryland",8500,1008,3785,910,4715,1167
0500000US24510,24510,"Baltimore city, Maryland",139209,3982,62153,3633,77056,4003
0500000US25001,25001,"Barnstable County, Massachusetts",1348,520,608,409,740,501
0500000US25003,25003,"Berkshire County, Massachusetts",786,296,198,179,588,318
0500000US25005,25005,"Bristol County, Massachusetts",6204,1053,1849,605,4355,1094
0500000US25009,25009,"Essex County, Massachusetts",7560,1090,2778,750,4782,1152
0500000US25013,25013,"Hampden County, Massachusetts",12985,1111,5205,1047,7780,1255
0500000US25015,25015,"Hampshire County, Massachusetts",643,354,201,96,442,335
0500000US25017,25017,"Middlesex County, Massachusetts",21815,1892,6355,1063,15460,1875
0500000US25021,25021,"Norfolk County, Massachusetts",12380,1156,4910,851,7470,1272
0500000US25023,25023,"Plymouth County, Massachusetts",10556,1020,4475,839,6081,956
0500000US25025,25025,"Suffolk County, Massachusetts",48131,2372,14942,1397,33189,2307
0500000US25027,25027,"Worcester County, Massachusetts",9861,971,3604,836,6257,1041
0500000US26017,26017,"Bay County, Michigan",577,285,225,223,352,291
0500000US26021,26021,"Berrien County, Michigan",8495,1021,3165,597,5330,1116
0500000US26025,26025,"Calhoun County, Michigan",5975,657,2641,650,3334,743
0500000US26045,26045,"Eaton County, Michigan",2532,540,1203,525,1329,629
0500000US26049,26049,"Genesee County, Michigan",31579,1705,16875,1333,14704,1735
0500000US26065,26065,"Ingham County, Michigan",9330,1072,3586,589,5744,1180
0500000US26075,26075,"Jackson County, Michigan",4744,928,2472,826,2272,790
0500000US26077,26077,"Kalamazoo County, Michigan",8646,955,3539,590,5107,985
0500000US26081,26081,"Kent County, Michigan",19071,1446,7410,1173,11661,1572
0500000US26091,26091,"Lenawee County, Michigan",767,434,146,132,621,454
0500000US26099,26099,"Macomb County, Michigan",24536,1632,7218,1250,17318,2029
0500000US26115,26115,"Monroe County, Michigan",1315,257,706,311,609,384
0500000US26121,26121,"Muskegon County, Michigan",8122,845,3383,781,4739,820
0500000US26125,26125,"Oakland County, Michigan",58855,1984,26692,1652,32163,2043
0500000US26139,26139,"Ottawa County, Michigan",910,336,463,316,447,320
0500000US26145,26145,"Saginaw County, Michigan",13419,865,6795,764,6624,1033
0500000US26147,26147,"St. Clair County, Michigan",1799,416,1224,409,575,393
0500000US26159,26159,"Van Buren County, Michigan",1054,325,753,280,301,213
0500000US26161,26161,"Washtenaw County, Michigan",15860,1358,6247,787,9613,1351
0500000US26163,26163,"Wayne County, Michigan",266141,4413,135518,4679,130623,5158
0500000US27003,27003,"Anoka County, Minnesota",2939,737,847,402,2092,670
0500000US27037,27037,"Dakota County, Minnesota",5185,797,2461,542,2724,783
0500000US27053,27053,"Hennepin County, Minnesota",42490,2097,9257,1254,33233,2281
0500000US27109,27109,"Olmsted County, Minnesota",1039,286,202,192,837,300
0500000US27123,27123,"Ramsey County, Minnesota",16958,1171,3270,711,13688,1330
0500000US27139,27139,"Scott County, Minnesota",676,281,353,201,323,324
0500000US27163,27163,"Washington County, Minnesota",2548,508,1455,539,1093,604
0500000US28033,28033,"DeSoto County, Mississippi",8597,1128,5075,966,3522,902
0500000US28035,28035,"Forrest County, Mississippi",11263,1052,3871,895,7392,1346
0500000US28047,28047,"Harrison County, Mississippi",13865,1378,7282,995,6583,1316
0500000US28049,28049,"Hinds County, Mississippi",54336,2561,23574,1967,30762,2347
0500000US28059,28059,"Jackson County, Mississippi",10017,977,5492,847,4525,1154
0500000US28067,28067,"Jones County, Mississippi",6864,983,3457,796,3407,848
0500000US28075,28075,"Lauderdale County, Mississippi",11968,1323,6491,1134,5477,1122
0500000US28081,28081,"Lee County, Mississippi",7588,859,4216,684,3372,1021
0500000US28089,28089,"Madison County, Mississippi",11412,1266,6176,1066,5236,915
0500000US28121,28121,"Rankin County, Mississippi",9151,1182,5573,1025,3578,1161
0500000US29019,29019,"Boone County, Missouri",5176,954,893,446,4283,940
0500000US29021,29021,"Buchanan County, Missouri",922,404,135,162,787,412
0500000US29031,29031,"Cape Girardeau County, Missouri",1969,661,453,254,1516,617
0500000US29037,29037,"Cass County, Missouri",1100,351,633,241,467,428
0500000US29047,29047,"Clay County, Missouri",2407,502,888,303,1519,468
0500000US29051,29051,"Cole County, Missouri",2568,730,871,518,1697,801
0500000US29077,29077,"Greene County, Missouri",2422,598,724,337,1698,634
0500000US29095,29095,"Jackson County, Missouri",59299,2274,25345,1562,33954,2642
0500000US29097,29097,"Jasper County, Missouri",568,250,249,278,319,220
0500000US29099,29099,"Jefferson County, Missouri",698,341,507,294,191,243
0500000US29165,29165,"Platte County, Missouri",2750,412,342,276,2408,506
0500000US29183,29183,"St. Charles County, Missouri",5107,908,3199,869,1908,627
0500000US29189,29189,"St. Louis County, Missouri",80074,2325,40471,1919,39603,2420
0500000US29510,29510,"St. Louis city, Missouri",65243,2807,21734,1741,43509,3055
0500000US31055,31055,"Douglas County, Nebraska",21312,1816,8082,1103,13230,1862
0500000US31109,31109,"Lancaster County, Nebraska",3289,641,904,383,2385,745
0500000US31153,31153,"Sarpy County, Nebraska",2396,491,1107,374,1289,666
0500000US32003,32003,"Clark County, Nevada",71523,2818,25548,2246,45975,3098
0500000US32031,32031,"Washoe County, Nevada",3314,687,1576,494,1738,692
0500000US33011,33011,"Hillsborough County, New Hampshire",2283,486,1078,367,1205,576
0500000US33013,33013,"Merrimack County, New Hampshire",820,415,277,290,543,354
0500000US33015,33015,"Rockingham County, New Hampshire",957,292,515,290,442,292
0500000US34001,34001,"Atlantic County, New Jersey",17389,1495,7565,1105,9824,1564
0500000US34003,34003,"Bergen County, New Jersey",20145,1494,9394,1434,10751,1475
0500000US34005,34005,"Burlington County, New Jersey",26080,1692,14720,1390,11360,1876
0500000US34007,34007,"Camden County, New Jersey",35478,2076,18110,1839,17368,2131
0500000US34009,34009,"Cape May County, New Jersey",2534,512,1101,435,1433,631
0500000US34011,34011,"Cumberland County, New Jersey",8993,1010,4484,645,4509,959
0500000US34013,34013,"Essex County, New Jersey",113647,3419,31708,2197,81939,4098
0500000US34015,34015,"Gloucester County, New Jersey",9182,931,5419,857,3763,1091
0500000US34017,34017,"Hudson County, New Jersey",30575,1747,8037,1413,22538,2115
0500000US34019,34019,"Hunterdon County, New Jersey",1273,529,853,509,420,443
0500000US34021,34021,"Mercer County, New Jersey",24528,1717,9122,1439,15406,1955
0500000US34023,34023,"Middlesex County, New Jersey",25382,1581,12841,1289,12541,1481
0500000US34025,34025,"Monmouth County, New Jersey",20304,1332,7101,1056,13203,1550
0500000US34027,34027,"Morris County, New Jersey",5624,962,2742,878,2882,1081
0500000US34029,34029,"Ocean County, New Jersey",6373,858,3694,667,2679,755
0500000US34031,34031,"Passaic County, New Jersey",18875,1393,5467,1051,13408,1339
0500000US34033,34033,"Salem County, New Jersey",4159,647,1893,569,2266,671
0500000US34035,34035,"Somerset County, New Jersey",9168,1035,5670,1011,3498,875
0500000US34037,34037,"Sussex County, New Jersey",1061,301,493,272,568,369
0500000US34039,34039,"Union County, New Jersey",38651,1612,18848,1536,19803,2028
0500000US34041,34041,"Warren County, New Jersey",1471,553,757,285,714,687
0500000US35001,35001,"Bernalillo County, New Mexico",7964,977,3121,963,4843,995
0500000US35013,35013,"Doña Ana County, New Mexico",1432,660,367,403,1065,724
0500000US35043,35043,"Sandoval County, New Mexico",719,342,271,271,448,277
0500000US35049,35049,"Santa Fe County, New Mexico",679,431,289,331,390,299
0500000US36001,36001,"Albany County, New York",12604,1706,3768,833,8836,1591
0500000US36005,36005,"Bronx County, New York",170442,3812,37181,2824,133261,4306
0500000US36007,36007,"Broome County, New York",2782,407,594,439,2188,675
0500000US36013,36013,"Chautauqua County, New York",966,381,227,189,739,396
0500000US36015,36015,"Chemung County, New York",1217,521,404,287,813,409
0500000US36027,36027,"Dutchess County, New York",8336,1021,2499,609,5837,1058
0500000US36029,36029,"Erie County, New York",48544,1833,17281,1783,31263,2323
0500000US36045,36045,"Jefferson County, New York",929,393,146,133,783,372
0500000US36047,36047,"Kings County, New York",310512,4993,80681,3357,229831,4883
0500000US36055,36055,"Monroe County, New York",36911,1872,12587,1241,24324,2077
0500000US36059,36059,"Nassau County, New York",42038,2134,26092,1877,15946,2047
0500000US36061,36061,"New York County, New York",100193,3953,12804,1890,87389,4074
0500000US36063,36063,"Niagara County, New York",5517,970,1868,525,3649,926
0500000US36065,36065,"Oneida County, New York",4105,705,642,349,3463,688
0500000US36067,36067,"Onondaga County, New York",17910,1242,5069,819,12841,1286
0500000US36069,36069,"Ontario County, New York",826,401,205,187,621,395
0500000US36071,36071,"Orange County, New York",13281,1300,7885,1299,5396,1233
0500000US36081,36081,"Queens County, New York",142484,3569,70552,3114,71932,3630
0500000US36083,36083,"Rensselaer County, New York",2216,608,286,222,1930,568
0500000US36085,36085,"Richmond County, New York",16711,1424,5425,1128,11286,1275
0500000US36087,36087,"Rockland County, New York",10457,1381,4308,839,6149,1226
0500000US36091,36091,"Saratoga County, New York",931,429,429,366,502,390
0500000US36093,36093,"Schenectady County, New York",4625,698,1579,673,3046,740
0500000US36101,36101,"Steuben County, New York",728,206,364,253,364,333
0500000US36103,36103,"Suffolk County, New York",29104,2060,18382,1676,10722,2165
0500000US36105,36105,"Sullivan County, New York",1407,627,841,464,566,419
0500000US36109,36109,"Tompkins County, New York",877,516,265,181,612,426
0500000US36111,36111,"Ulster County, New York",2795,1150,1008,443,1787,901
0500000US36117,36117,"Wayne County, New York",1029,395,461,309,568,445
0500000US36119,36119,"Westchester County, New York",44069,2349,15564,1586,28505,2555
0500000US37001,37001,"Alamance County, North Carolina",10995,1071,5322,945,5673,1278
0500000US37019,37019,"Brunswick County, North Carolina",4552,875,3024,644,1528,664
0500000US37021,37021,"Buncombe County, North Carolina",6121,1386,2980,890,3141,1083
0500000US37023,37023,"Burke County, North Carolina",2022,417,1248,498,774,332
0500000US37025,37025,"Cabarrus County, North Carolina",9147,1003,4422,939,4725,1186
0500000US37027,37027,"Caldwell County, North Carolina",1767,686,544,324,1223,698
0500000US37035,37035,"Catawba County, North Carolina",4415,793,1863,579,2552,721
0500000US37045,37045,"Cleveland County, North Carolina",8300,737,3633,650,4667,965
0500000US37049,37049,"Craven County, North Carolina",9710,934,4823,955,4887,1125
0500000US37051,37051,"Cumberland County, North Carolina",41007,1680,19121,1797,21886,2276
0500000US37057,37057,"Davidson County, North Carolina",6819,819,2770,625,4049,931
0500000US37063,37063,"Durham County, North Carolina",40170,1816,18682,1755,21488,2156
0500000US37067,37067,"Forsyth County, North Carolina",33743,1968,16035,1605,17708,2142
0500000US37071,37071,"Gaston County, North Carolina",10611,807,5491,725,5120,954
0500000US37081,37081,"Guilford County, North Carolina",58306,2961,24515,2450,33791,2698
0500000US37085,37085,"Harnett County, North Carolina",7028,945,4437,849,2591,697
0500000US37089,37089,"Henderson County, North Carolina",1432,419,636,308,796,496
0500000US37097,37097,"Iredell County, North Carolina",7207,774,4056,648,3151,788
0500000US37101,37101,"Johnston County, North Carolina",8633,1050,4405,969,4228,1008
0500000US37109,37109,"Lincoln County, North Carolina",1362,802,788,635,574,383
0500000US37119,37119,"Mecklenburg County, North Carolina",109651,2889,49894,3148,59757,3508
0500000US37125,37125,"Moore County, North Carolina",5156,559,2771,678,2385,663
0500000US37127,37127,"Nash County, North Carolina",13302,959,6049,1025,7253,1288
0500000US37129,37129,"New Hanover County, North Carolina",12864,1071,4608,805,8256,1306
0500000US37133,37133,"Onslow County, North Carolina",12206,1130,5056,1013,7150,1288
0500000US37135,37135,"Orange County, North Carolina",6911,840,2876,534,4035,1014
0500000US37147,37147,"Pitt County, North Carolina",22025,1441,7402,1090,14623,1702
0500000US37151,37151,"Randolph County, North Carolina",3641,609,1844,482,1797,695
0500000US37155,37155,"Robeson County, North Carolina",10140,1289,5478,1056,4662,1005
0500000US37157,37157,"Rockingham County, North Carolina",6914,915,4390,751,2524,745
0500000US37159,37159,"Rowan County, North Carolina",7780,1027,3131,636,4649,1016
0500000US37171,37171,"Surry County, North Carolina",1061,287,490,230,571,333
0500000US37179,37179,"Union County, North Carolina",7682,910,5443,887,2239,893
0500000US37183,37183,"Wake County, North Carolina",66338,2554,31068,2153,35270,2633
0500000US37191,37191,"Wayne County, North Carolina",15428,861,6687,884,8741,1046
0500000US37193,37193,"Wilkes County, North Carolina",1472,583,438,277,1034,566
0500000US37195,37195,"Wilson County, North Carolina",11345,869,4458,653,6887,946
0500000US38017,38017,"Cass County, North Dakota",1328,405,0,208,1328,405
0500000US38035,38035,"Grand Forks County, North Dakota",302,106,35,42,267,112
0500000US39003,39003,"Allen County, Ohio",4160,583,1953,576,2207,526
0500000US39007,39007,"Ashtabula County, Ohio",687,350,328,210,359,294
0500000US39013,39013,"Belmont County, Ohio",1023,596,446,322,577,571
0500000US39017,39017,"Butler County, Ohio",8634,1040,4359,850,4275,1105
0500000US39023,39023,"Clark County, Ohio",5141,630,2434,677,2707,769
0500000US39025,39025,"Clermont County, Ohio",916,220,797,175,119,145
0500000US39035,39035,"Cuyahoga County, Ohio",152786,4112,59948,2925,92838,3911
0500000US39041,39041,"Delaware County, Ohio",1695,534,1157,438,538,396
0500000US39043,39043,"Erie County, Ohio",1885,530,639,322,1246,486
0500000US39045,39045,"Fairfield County, Ohio",3189,580,1761,437,1428,502
0500000US39049,39049,"Franklin County, Ohio",84551,2980,29897,2429,54654,2887
0500000US39057,39057,"Greene County, Ohio",4795,845,1724,517,3071,859
0500000US39061,39061,"Hamilton County, Ohio",81809,2687,26216,2186,55593,3259
0500000US39081,39081,"Jefferson County, Ohio",1608,418,700,305,908,433
0500000US39085,39085,"Lake County, Ohio",2903,645,612,319,2291,655
0500000US39089,39089,"Licking County, Ohio",1308,284,889,280,419,308
0500000US39093,39093,"Lorain County, Ohio",8165,839,2378,657,5787,972
0500000US39095,39095,"Lucas County, Ohio",33200,2115,11641,1298,21559,2072
0500000US39099,39099,"Mahoning County, Ohio",16952,1002,7168,1050,9784,1369
0500000US39101,39101,"Marion County, Ohio",395,210,227,176,168,167
0500000US39103,39103,"Medina County, Ohio",930,358,401,242,529,451
0500000US39113,39113,"Montgomery County, Ohio",45747,1896,16523,1441,29224,2203
0500000US39119,39119,"Muskingum County, Ohio",869,290,291,189,578,273
0500000US39133,39133,"Portage County, Ohio",2747,690,861,352,1886,736
0500000US39139,39139,"Richland County, Ohio",4161,550,2293,673,1868,702
0500000US39141,39141,"Ross County, Ohio",434,245,281,171,153,138
0500000US39151,39151,"Stark County, Ohio",10698,1137,4376,954,6322,1119
0500000US39153,39153,"Summit County, Ohio",31629,1705,11027,1206,20602,2032
0500000US39155,39155,"Trumbull County, Ohio",6220,858,2672,677,3548,915
0500000US39169,39169,"Wayne County, Ohio",747,253,368,217,379,257
0500000US39173,39173,"Wood County, Ohio",800,277,271,211,529,321
0500000US40027,40027,"Cleveland County, Oklahoma",3791,980,1729,685,2062,1072
0500000US40031,40031,"Comanche County, Oklahoma",6620,706,2670,620,3950,727
0500000US40037,40037,"Creek County, Oklahoma",751,203,272,224,479,223
0500000US40101,40101,"Muskogee County, Oklahoma",3216,514,1649,492,1567,539
0500000US40109,40109,"Oklahoma County, Oklahoma",41249,1917,16234,1638,25015,2111
0500000US40119,40119,"Payne County, Oklahoma",1227,597,284,344,943,637
0500000US40143,40143,"Tulsa County, Oklahoma",24896,1684,7922,958,16974,1810
0500000US41005,41005,"Clackamas County, Oregon",996,423,644,338,352,318
0500000US41029,41029,"Jackson County, Oregon",423,215,137,156,286,240
0500000US41039,41039,"Lane County, Oregon",1184,509,152,185,1032,529
0500000US41047,41047,"Marion County, Oregon",639,366,505,354,134,158
0500000US41051,41051,"Multnomah County, Oregon",15272,1508,4231,958,11041,1592
0500000US41067,41067,"Washington County, Oregon",3462,523,1208,459,2254,546
0500000US42001,42001,"Adams County, Pennsylvania",719,227,155,112,564,250
0500000US42003,42003,"Allegheny County, Pennsylvania",65307,4671,21755,2033,43552,4143
0500000US42005,42005,"Armstrong County, Pennsylvania",322,184,169,116,153,147
0500000US42007,42007,"Beaver County, Pennsylvania",3978,965,1648,576,2330,780
0500000US42011,42011,"Berks County, Pennsylvania",6288,1161,2445,743,3843,1019
0500000US42013,42013,"Blair County, Pennsylvania",702,241,233,222,469,207
0500000US42017,42017,"Bucks County, Pennsylvania",7520,871,3142,817,4378,1021
0500000US42019,42019,"Butler County, Pennsylvania",687,184,160,186,527,302
0500000US42021,42021,"Cambria County, Pennsylvania",1373,548,578,382,795,517
0500000US42029,42029,"Chester County, Pennsylvania",10470,1419,4858,860,5612,1362
0500000US42041,42041,"Cumberland County, Pennsylvania",2353,753,632,335,1721,818
0500000US42043,42043,"Dauphin County, Pennsylvania",15210,1232,5932,876,9278,1524
0500000US42045,42045,"Delaware County, Pennsylvania",34188,1426,16954,1395,17234,1529
0500000US42049,42049,"Erie County, Pennsylvania",4369,698,1839,536,2530,770
0500000US42051,42051,"Fayette County, Pennsylvania",1470,454,751,303,719,413
0500000US42055,42055,"Franklin County, Pennsylvania",1576,414,808,318,768,442
0500000US42069,42069,"Lackawanna County, Pennsylvania",1312,494,158,139,1154,476
0500000US42071,42071,"Lancaster County, Pennsylvania",5204,865,1313,578,3891,805
0500000US42073,42073,"Lawrence County, Pennsylvania",1495,510,733,472,762,373
0500000US42075,42075,"Lebanon County, Pennsylvania",601,278,254,219,347,266
0500000US42077,42077,"Lehigh County, Pennsylvania",5604,925,1847,612,3757,988
0500000US42079,42079,"Luzerne County, Pennsylvania",2661,579,881,330,1780,571
0500000US42081,42081,"Lycoming County, Pennsylvania",1271,377,379,210,892,423
0500000US42085,42085,"Mercer County, Pennsylvania",1961,653,863,404,1098,550
0500000US42089,42089,"Monroe County, Pennsylvania",6266,887,4592,857,1674,750
0500000US42091,42091,"Montgomery County, Pennsylvania",22449,2018,11660,1599,10789,1619
0500000US42095,42095,"Northampton County, Pennsylvania",3825,672,1883,466,1942,599
0500000US42101,42101,"Philadelphia County, Pennsylvania",230912,5454,110724,4448,120188,5013
0500000US42125,42125,"Washington County, Pennsylvania",2611,434,924,358,1687,488
0500000US42129,42129,"Westmoreland County, Pennsylvania",3913,724,1584,876,2329,632
0500000US42133,42133,"York County, Pennsylvania",6317,765,3593,599,2724,803
0500000US44003,44003,"Kent County, Rhode Island",1085,266,582,325,503,278
0500000US44005,44005,"Newport County, Rhode Island",1394,531,272,265,1122,508
0500000US44007,44007,"Providence County, Rhode Island",16427,1551,5188,1039,11239,1743
0500000US45003,45003,"Aiken County, South Carolina",15346,1197,9481,952,5865,1308
0500000US45007,45007,"Anderson County, South Carolina",12040,1006,6003,1034,6037,1001
0500000US45013,45013,"Beaufort County, South Carolina",10960,1202,7150,1133,3810,1069
0500000US45015,45015,"Berkeley County, South Carolina",14727,1506,9764,1336,4963,1139
0500000US45019,45019,"Charleston County, South Carolina",40720,1947,18338,1533,22382,1982
0500000US45031,45031,"Darlington County, South Carolina",10203,1125,6529,943,3674,1014
0500000US45035,45035,"Dorchester County, South Carolina",11954,1180,6384,1067,5570,1212
0500000US45041,45041,"Florence County, South Carolina",18431,1158,9729,1198,8702,1164
0500000US45045,45045,"Greenville County, South Carolina",30149,2164,13730,1657,16419,2057
0500000US45047,45047,"Greenwood County, South Carolina",8083,867,3676,711,4407,938
0500000US45051,45051,"Horry County, South Carolina",14912,1441,8207,1079,6705,1497
0500000US45057,45057,"Lancaster County, South Carolina",5369,727,1959,573,3410,786
0500000US45059,45059,"Laurens County, South Carolina",6185,828,3957,849,2228,649
0500000US45063,45063,"Lexington County, South Carolina",13245,1106,7258,968,5987,1097
0500000US45073,45073,"Oconee County, South Carolina",2925,597,1218,445,1707,566
0500000US45075,45075,"Orangeburg County, South Carolina",20225,1347,12313,1141,7912,1297
0500000US45077,45077,"Pickens County, South Carolina",3020,663,1448,388,1572,718
0500000US45079,45079,"Richland County, South Carolina",63378,1907,31118,2569,32260,2892
0500000US45083,45083,"Spartanburg County, South Carolina",21629,1250,10040,1187,11589,1439
0500000US45085,45085,"Sumter County, South Carolina",16207,1552,10101,1214,6106,1117
0500000US45091,45091,"York County, South Carolina",14722,1262,9014,1230,5708,982
0500000US46099,46099,"Minnehaha County, South Dakota",1057,368,299,151,758,372
0500000US47001,47001,"Anderson County, Tennessee",1786,542,797,434,989,615
0500000US47009,47009,"Blount County, Tennessee",1694,559,503,293,1191,590
0500000US47011,47011,"Bradley County, Tennessee",1385,550,1219,535,166,193
0500000US47037,47037,"Davidson County, Tennessee",66211,2287,28225,2019,37986,2563
0500000US47065,47065,"Hamilton County, Tennessee",26398,1581,12375,1329,14023,1755
0500000US47093,47093,"Knox County, Tennessee",17984,1146,6897,1009,11087,1344
0500000US47113,47113,"Madison County, Tennessee",12740,997,6035,834,6705,1038
0500000US47119,47119,"Maury County, Tennessee",4360,606,2378,572,1982,701
0500000US47125,47125,"Montgomery County, Tennessee",12090,1239,5812,973,6278,1444
0500000US47147,47147,"Robertson County, Tennessee",1753,646,726,391,1027,591
0500000US47149,47149,"Rutherford County, Tennessee",10104,895,4894,725,5210,1042
0500000US47157,47157,"Shelby County, Tennessee",162060,4135,78776,3527,83284,4015
0500000US47163,47163,"Sullivan County, Tennessee",1495,449,408,279,1087,517
0500000US47165,47165,"Sumner County, Tennessee",3637,498,1895,458,1742,599
0500000US47179,47179,"Washington County, Tennessee",1997,607,724,283,1273,644
0500000US47187,47187,"Williamson County, Tennessee",2491,373,1760,383,731,318
0500000US47189,47189,"Wilson County, Tennessee",3219,510,1846,447,1373,546
0500000US48005,48005,"Angelina County, Texas",4430,860,1804,452,2626,882
0500000US48021,48021,"Bastrop County, Texas",1752,456,1229,430,523,424
0500000US48027,48027,"Bell County, Texas",20965,1376,9000,1193,11965,1643
0500000US48029,48029,"Bexar County, Texas",43203,2244,20141,1771,23062,1958
0500000US48037,48037,"Bowie County, Texas",7307,915,3210,670,4097,875
0500000US48039,48039,"Brazoria County, Texas",10154,1298,5737,1139,4417,1135
0500000US48041,48041,"Brazos County, Texas",6917,908,2395,771,4522,1070
0500000US48061,48061,"Cameron County, Texas",802,197,417,244,385,220
0500000US48085,48085,"Collin County, Texas",22656,1652,10839,1295,11817,1811
0500000US48099,48099,"Coryell County, Texas",3425,785,1813,697,1612,653
0500000US48113,48113,"Dallas County, Texas",181190,4528,73301,3373,107889,4598
0500000US48121,48121,"Denton County, Texas",17030,1629,5572,1039,11458,1417
0500000US48135,48135,"Ector County, Texas",2268,433,1084,484,1184,456
0500000US48139,48139,"Ellis County, Texas",4577,696,2549,502,2028,759
0500000US48141,48141,"El Paso County, Texas",7402,1127,3521,755,3881,940
0500000US48157,48157,"Fort Bend County, Texas",31769,1611,23635,1852,8134,1283
0500000US48167,48167,"Galveston County, Texas",15533,1461,6752,946,8781,1592
0500000US48181,48181,"Grayson County, Texas",2323,761,1173,405,1150,636
0500000US48183,48183,"Gregg County, Texas",8890,1015,3906,717,4984,977
0500000US48187,48187,"Guadalupe County, Texas",2340,620,1929,668,411,267
0500000US48201,48201,"Harris County, Texas",275879,5304,113462,4551,162417,6092
0500000US48209,48209,"Hays County, Texas",1336,724,871,525,465,409
0500000US48213,48213,"Henderson County, Texas",2065,328,656,275,1409,359
0500000US48215,48215,"Hidalgo County, Texas",1547,851,424,405,1123,758
0500000US48231,48231,"Hunt County, Texas",1800,369,983,319,817,313
0500000US48245,48245,"Jefferson County, Texas",32690,1595,13982,1373,18708,1892
0500000US48251,48251,"Johnson County, Texas",1169,713,761,498,408,505
0500000US48257,48257,"Kaufman County, Texas",2835,761,2072,580,763,439
0500000US48291,48291,"Liberty County, Texas",2641,587,1565,542,1076,551
0500000US48303,48303,"Lubbock County, Texas",7451,938,3174,790,4277,982
0500000US48309,48309,"McLennan County, Texas",11432,1180,4209,760,7223,1172
0500000US48329,48329,"Midland County, Texas",2972,530,991,340,1981,608
0500000US48339,48339,"Montgomery County, Texas",6555,982,3003,905,3552,895
0500000US48355,48355,"Nueces County, Texas",5514,735,2258,592,3256,624
0500000US48361,48361,"Orange County, Texas",3659,682,1784,603,1875,850
0500000US48375,48375,"Potter County, Texas",4352,891,1530,577,2822,874
0500000US48381,48381,"Randall County, Texas",553,246,117,113,436,225
0500000US48397,48397,"Rockwall County, Texas",1565,260,1099,321,466,300
0500000US48409,48409,"San Patricio County, Texas",1017,551,311,306,706,519
0500000US48423,48423,"Smith County, Texas",11758,1196,6337,970,5421,1037
0500000US48439,48439,"Tarrant County, Texas",93998,3185,39036,2634,54962,3337
0500000US48441,48441,"Taylor County, Texas",2655,663,1270,458,1385,637
0500000US48451,48451,"Tom Green County, Texas",1917,460,410,263,1507,512
0500000US48453,48453,"Travis County, Texas",33447,2095,11864,1481,21583,2420
0500000US48469,48469,"Victoria County, Texas",1847,554,921,378,926,537
0500000US48485,48485,"Wichita County, Texas",4499,745,1667,495,2832,871
0500000US48491,48491,"Williamson County, Texas",7440,849,4039,728,3401,786
0500000US49011,49011,"Davis County, Utah",802,448,267,237,535,356
0500000US49035,49035,"Salt Lake County, Utah",4909,956,1275,548,3634,963
0500000US49057,49057,"Weber County, Utah",939,258,548,432,391,341
0500000US51003,51003,"Albemarle County, Virginia",3264,493,1407,583,1857,512
0500000US51013,51013,"Arlington County, Virginia",6641,1477,1841,629,4800,1341
0500000US51019,51019,"Bedford County, Virginia",2059,463,1634,532,425,448
0500000US51041,51041,"Chesterfield County, Virginia",23334,1438,14507,1128,8827,1615
0500000US51059,51059,"Fairfax County, Virginia",32996,1630,16899,1776,16097,1904
0500000US51061,51061,"Fauquier County, Virginia",1909,545,1165,498,744,398
0500000US51069,51069,"Frederick County, Virginia",1024,446,550,342,474,433
0500000US51085,51085,"Hanover County, Virginia",3508,625,2498,559,1010,676
0500000US51087,51087,"Henrico County, Virginia",30592,1602,16989,1287,13603,1454
0500000US51107,51107,"Loudoun County, Virginia",8584,874,5756,989,2828,777
0500000US51121,51121,"Montgomery County, Virginia",2020,418,569,481,1451,646
0500000US51153,51153,"Prince William County, Virginia",26204,1494,16568,1651,9636,1626
0500000US51161,51161,"Roanoke County, Virginia",2246,563,1036,355,1210,616
0500000US51177,51177,"Spotsylvania County, Virginia",6971,821,4326,845,2645,886
0500000US51179,51179,"Stafford County, Virginia",6708,641,4208,585,2500,927
0500000US51510,51510,"Alexandria city, Virginia",11753,1811,1824,649,9929,1840
0500000US51550,51550,"Chesapeake city, Virginia",24473,1102,15192,1372,9281,1491
0500000US51650,51650,"Hampton city, Virginia",25055,1611,12237,1218,12818,1524
0500000US51680,51680,"Lynchburg city, Virginia",7563,1009,3801,678,3762,1010
0500000US51700,51700,"Newport News city, Virginia",32064,1730,11224,1406,20840,2052
0500000US51710,51710,"Norfolk city, Virginia",34800,1873,10957,1303,23843,2057
0500000US51740,51740,"Portsmouth city, Virginia",19863,1126,8806,1125,11057,1295
0500000US51760,51760,"Richmond city, Virginia",37149,2197,12532,1509,24617,2008
0500000US51770,51770,"Roanoke city, Virginia",10053,1397,3610,988,6443,1124
0500000US51800,51800,"Suffolk city, Virginia",12348,882,7764,992,4584,840
0500000US51810,51810,"Virginia Beach city, Virginia",31384,1847,14951,1881,16433,1720
0500000US53011,53011,"Clark County, Washington",2598,747,929,340,1669,711
0500000US53033,53033,"King County, Washington",45459,2647,14030,1582,31429,2931
0500000US53035,53035,"Kitsap County, Washington",1517,755,558,320,959,619
0500000US53053,53053,"Pierce County, Washington",20426,1989,8103,1334,12323,1922
0500000US53061,53061,"Snohomish County, Washington",5797,857,1903,590,3894,908
0500000US53063,53063,"Spokane County, Washington",2068,626,654,329,1414,574
0500000US53067,53067,"Thurston County, Washington",1823,572,1048,359,775,636
0500000US54003,54003,"Berkeley County, West Virginia",1531,683,659,267,872,590
0500000US54011,54011,"Cabell County, West Virginia",2513,448,475,396,2038,548
0500000US54039,54039,"Kanawha County, West Virginia",2808,494,1081,391,1727,451
0500000US54061,54061,"Monongalia County, West Virginia",1173,432,225,152,948,455
0500000US54081,54081,"Raleigh County, West Virginia",2409,448,1338,462,1071,493
0500000US54107,54107,"Wood County, West Virginia",345,189,155,159,190,179
0500000US55009,55009,"Brown County, Wisconsin",1610,485,344,271,1266,527
0500000US55025,55025,"Dane County, Wisconsin",8748,1225,1891,673,6857,1389
0500000US55059,55059,"Kenosha County, Wisconsin",3257,594,913,482,2344,580
0500000US55079,55079,"Milwaukee County, Wisconsin",85225,2484,25833,1839,59392,2862
0500000US55101,55101,"Racine County, Wisconsin",6902,987,1674,463,5228,1044
0500000US55105,55105,"Rock County, Wisconsin",2620,486,764,312,1856,576
0500000US55133,55133,"Waukesha County, Wisconsin",1706,318,1069,337,637,351
0500000US56021,56021,"Laramie County, Wyoming",988,304,256,201,732,311
