GEO.id,GEO.id2,GEO.display-label,HD01_VD01,HD02_VD01,HD01_VD02,HD02_VD02,HD01_VD03,HD02_VD03
Id,Id2,Geography,Estimate; Total:,Margin of Error; Total:,Estimate; Total: - Owner occupied,Margin of Error; Total: - Owner occupied,Estimate; Total: - Renter occupied,Margin of Error; Total: - Renter occupied
0500000US01003,01003,"Baldwin County, Alabama",7201,1606,3180,987,4021,1641
0500000US01015,01015,"Calhoun County, Alabama",9027,958,4347,796,4680,1099
0500000US01043,01043,"Cullman County, Alabama",707,196,434,242,273,216
0500000US01049,01049,"DeKalb County, Alabama",360,173,159,104,201,159
0500000US01051,01051,"Elmore County, Alabama",5133,907,2768,711,2365,867
0500000US01055,01055,"Etowah County, Alabama",6707,676,3008,617,3699,854
0500000US01069,01069,"Houston County, Alabama",9872,504,4182,451,5690,551
0500000US01073,01073,"Jefferson County, Alabama",105789,2964,50590,2894,55199,2875
0500000US01077,01077,"Lauderdale County, Alabama",3753,528,2084,457,1669,712
0500000US01081,01081,"Lee County, Alabama",14039,1009,6848,1235,7191,1164
0500000US01083,01083,"Limestone County, Alabama",4461,887,2686,822,1775,689
0500000US01089,01089,"Madison County, Alabama",32468,1566,13576,1539,18892,1822
0500000US01095,01095,"Marshall County, Alabama",585,218,287,167,298,152
0500000US01097,01097,"Mobile County, Alabama",48830,2010,24758,1595,24072,2109
0500000US01101,01101,"Montgomery County, Alabama",46965,1859,23145,1973,23820,2084
0500000US01103,01103,"Morgan County, Alabama",5115,965,2578,846,2537,916
0500000US01115,01115,"St. Clair County, Alabama",2953,474,2063,674,890,579
0500000US01117,01117,"Shelby County, Alabama",8420,734,5370,722,3050,1048
0500000US01121,01121,"Talladega County, Alabama",9551,956,5958,767,3593,992
0500000US01125,01125,"Tuscaloosa County, Alabama",20479,1402,8958,1294,11521,1453
0500000US01127,01127,"Walker County, Alabama",1439,426,948,312,491,322
0500000US02020,02020,"Anchorage Municipality, Alaska",5793,1008,1857,605,3936,1062
0500000US02090,02090,"Fairbanks North Star Borough, Alaska",938,442,155,152,783,499
0500000US02170,02170,"Matanuska-Susitna Borough, Alaska",288,150,250,137,38,52
0500000US04003,04003,"Cochise County, Arizona",1047,600,674,485,373,440
0500000US04013,04013,"Maricopa County, Arizona",71970,3137,21642,1931,50328,3615
0500000US04019,04019,"Pima County, Arizona",13391,1317,3930,870,9461,1471
0500000US04021,04021,"Pinal County, Arizona",4691,708,2510,709,2181,730
0500000US04027,04027,"Yuma County, Arizona",1501,472,460,243,1041,491
0500000US05007,05007,"Benton County, Arkansas",1222,399,260,219,962,429
0500000US05031,05031,"Craighead County, Arkansas",3838,902,530,484,3308,798
0500000US05045,05045,"Faulkner County, Arkansas",4485,776,1675,607,2810,697
0500000US05051,05051,"Garland County, Arkansas",3394,513,1085,323,2309,477
0500000US05069,05069,"Jefferson County, Arkansas",14662,1042,7493,891,7169,1025
0500000US05085,05085,"Lonoke County, Arkansas",1282,432,854,402,428,275
0500000US05119,05119,"Pulaski County, Arkansas",48854,2366,21271,1674,27583,2358
0500000US05125,05125,"Saline County, Arkansas",2412,1033,2004,955,408,410
0500000US05131,05131,"Sebastian County, Arkansas",2982,493,746,288,2236,536
0500000US05143,05143,"Washington County, Arkansas",3196,877,472,341,2724,885
0500000US05145,05145,"White County, Arkansas",745,381,206,270,539,221
0500000US06001,06001,"Alameda County, California",74337,2635,21884,1484,52453,2899
0500000US06007,06007,"Butte County, California",577,198,190,189,387,224
0500000US06013,06013,"Contra Costa County, California",35237,2147,14296,1644,20941,1961
0500000US06017,06017,"El Dorado County, California",482,233,202,212,280,203
0500000US06019,06019,"Fresno County, California",18799,1210,4342,832,14457,1392
0500000US06029,06029,"Kern County, California",14642,1363,4244,838,10398,1545
0500000US06031,06031,"Kings County, California",2626,662,920,403,1706,778
0500000US06037,06037,"Los Angeles County, California",320168,5260,105019,3967,215149,5730
0500000US06039,06039,"Madera County, California",1602,504,627,251,975,516
0500000US06041,06041,"Marin County, California",2027,663,357,281,1670,608
0500000US06047,06047,"Merced County, California",2908,724,709,356,2199,762
0500000US06053,06053,"Monterey County, California",3590,685,1254,647,2336,807
0500000US06055,06055,"Napa County, California",1144,315,791,376,353,362
0500000US06059,06059,"Orange County, California",17596,1436,5990,989,11606,1589
0500000US06061,06061,"Placer County, California",1409,575,552,376,857,444
0500000US06065,06065,"Riverside County, California",44467,2207,20831,1756,23636,2591
0500000US06067,06067,"Sacramento County, California",50539,2211,15813,1561,34726,2501
0500000US06071,06071,"San Bernardino County, California",57448,2649,20835,1635,36613,2630
0500000US06073,06073,"San Diego County, California",54857,2861,16506,1821,38351,3326
0500000US06075,06075,"San Francisco County, California",21972,1603,4247,851,17725,1636
0500000US06077,06077,"San Joaquin County, California",15679,1137,4974,905,10705,1361
0500000US06079,06079,"San Luis Obispo County, California",1734,601,497,548,1237,812
0500000US06081,06081,"San Mateo County, California",7069,875,2508,703,4561,942
0500000US06083,06083,"Santa Barbara County, California",2563,601,567,226,1996,632
0500000US06085,06085,"Santa Clara County, California",17911,1361,5936,1074,11975,1675
0500000US06095,06095,"Solano County, California",20817,1198,9130,1138,11687,1532
0500000US06097,06097,"Sonoma County, California",2494,802,860,330,1634,817
0500000US06099,06099,"Stanislaus County, California",4442,875,961,459,3481,885
0500000US06101,06101,"Sutter County, California",712,213,353,258,359,240
0500000US06107,06107,"Tulare County, California",2553,625,814,453,1739,529
0500000US06111,06111,"Ventura County, California",4649,758,2122,557,2527,808
0500000US06113,06113,"Yolo County, California",1780,478,564,358,1216,487
0500000US06115,06115,"Yuba County, California",919,373,203,191,716,390
0500000US08001,08001,"Adams County, Colorado",4752,632,2473,635,2279,775
0500000US08005,08005,"Arapahoe County, Colorado",22039,1252,8238,1000,13801,1524
0500000US08013,08013,"Boulder County, Colorado",1143,447,360,223,783,415
0500000US08031,08031,"Denver County, Colorado",24706,2021,9371,1056,15335,1743
0500000US08035,08035,"Douglas County, Colorado",419,313,177,151,242,269
0500000US08041,08041,"El Paso County, Colorado",12681,1139,5857,1047,6824,1375
0500000US08059,08059,"Jefferson County, Colorado",1708,528,667,294,1041,487
0500000US08069,08069,"Larimer County, Colorado",871,342,233,189,638,301
0500000US08101,08101,"Pueblo County, Colorado",1023,548,505,360,518,394
0500000US08123,08123,"Weld County, Colorado",941,383,150,159,791,356
0500000US09001,09001,"Fairfield County, Connecticut",33642,1983,13648,1692,19994,2376
0500000US09003,09003,"Hartford County, Connecticut",42405,2125,14115,1532,28290,2016
0500000US09005,09005,"Litchfield County, Connecticut",939,296,608,344,331,290
0500000US09007,09007,"Middlesex County, Connecticut",2857,506,1267,491,1590,589
0500000US09009,09009,"New Haven County, Connecticut",39921,1913,12447,1447,27474,2107
0500000US09011,09011,"New London County, Connecticut",5147,1070,2030,679,3117,915
0500000US09013,09013,"Tolland County, Connecticut",1168,559,93,128,1075,566
0500000US10001,10001,"Kent County, Delaware",12978,1037,7731,1009,5247,1014
0500000US10003,10003,"New Castle County, Delaware",45402,1887,24098,1922,21304,2173
0500000US10005,10005,"Sussex County, Delaware",7856,1058,5102,766,2754,900
0500000US11001,11001,"District of Columbia, District of Columbia",123560,3540,43895,2470,79665,3541
0500000US12001,12001,"Alachua County, Florida",18848,1582,6086,1066,12762,1783
0500000US12005,12005,"Bay County, Florida",6657,1014,2817,740,3840,1009
0500000US12009,12009,"Brevard County, Florida",18891,1688,9570,1343,9321,1670
0500000US12011,12011,"Broward County, Florida",151957,4769,72317,4041,79640,4056
0500000US12015,12015,"Charlotte County, Florida",3135,577,1984,433,1151,522
0500000US12017,12017,"Citrus County, Florida",951,353,660,296,291,230
0500000US12019,12019,"Clay County, Florida",6031,950,3688,870,2343,857
0500000US12021,12021,"Collier County, Florida",5564,1099,1433,661,4131,1137
0500000US12023,12023,"Columbia County, Florida",3371,755,1654,518,1717,607
0500000US12031,12031,"Duval County, Florida",93324,3083,41183,2480,52141,3378
0500000US12033,12033,"Escambia County, Florida",22975,1429,11191,1178,11784,1480
0500000US12035,12035,"Flagler County, Florida",3057,599,2808,600,249,202
0500000US12053,12053,"Hernando County, Florida",3291,634,1493,494,1798,724
0500000US12055,12055,"Highlands County, Florida",2943,869,1497,463,1446,822
0500000US12057,12057,"Hillsborough County, Florida",78212,2717,28187,2165,50025,3184
0500000US12061,12061,"Indian River County, Florida",4297,749,1890,685,2407,727
0500000US12069,12069,"Lake County, Florida",10741,1111,5540,919,5201,1306
0500000US12071,12071,"Lee County, Florida",13626,1295,6195,1011,7431,1079
0500000US12073,12073,"Leon County, Florida",33033,1740,10723,1150,22310,1928
0500000US12081,12081,"Manatee County, Florida",9388,930,4491,924,4897,1247
0500000US12083,12083,"Marion County, Florida",16072,1350,8428,1343,7644,1526
0500000US12085,12085,"Martin County, Florida",2914,576,663,405,2251,515
0500000US12086,12086,"Miami-Dade County, Florida",142976,4459,60219,3319,82757,4295
0500000US12087,12087,"Monroe County, Florida",1557,701,822,420,735,537
0500000US12089,12089,"Nassau County, Florida",1959,550,1077,430,882,532
0500000US12091,12091,"Okaloosa County, Florida",6019,927,3021,744,2998,866
0500000US12095,12095,"Orange County, Florida",78615,3132,31263,2358,47352,3378
0500000US12097,12097,"Osceola County, Florida",8235,1403,5624,1154,2611,1026
0500000US12099,12099,"Palm Beach County, Florida",71036,2537,31947,2071,39089,2501
0500000US12101,12101,"Pasco County, Florida",7385,970,4290,686,3095,1067
0500000US12103,12103,"Pinellas County, Florida",36647,2025,11954,1269,24693,2456
0500000US12105,12105,"Polk County, Florida",26694,1929,12620,1489,14074,1987
0500000US12107,12107,"Putnam County, Florida",3600,598,2250,443,1350,549
0500000US12109,12109,"St. Johns County, Florida",3130,835,1979,723,1151,532
0500000US12111,12111,"St. Lucie County, Florida",16742,1739,8563,1142,8179,1850
0500000US12113,12113,"Santa Rosa County, Florida",2514,874,1347,805,1167,716
0500000US12115,12115,"Sarasota County, Florida",5496,940,1842,508,3654,1085
0500000US12117,12117,"Seminole County, Florida",16692,1571,8697,1508,7995,1691
0500000US12119,12119,"Sumter County, Florida",2238,564,1462,491,776,495
0500000US12127,12127,"Volusia County, Florida",16752,1816,7877,1190,8875,1683
0500000US13013,13013,"Barrow County, Georgia",2306,647,1096,643,1210,510
0500000US13015,13015,"Bartow County, Georgia",4633,1232,1622,948,3011,1155
0500000US13021,13021,"Bibb County, Georgia",27213,1422,10568,1206,16645,1300
0500000US13031,13031,"Bulloch County, Georgia",7240,1084,1864,624,5376,1169
0500000US13045,13045,"Carroll County, Georgia",6639,971,3003,693,3636,1133
0500000US13047,13047,"Catoosa County, Georgia",623,229,375,264,248,298
0500000US13051,13051,"Chatham County, Georgia",36558,1685,16456,1663,20102,1869
0500000US13057,13057,"Cherokee County, Georgia",3692,796,2217,671,1475,702
0500000US13059,13059,"Clarke County, Georgia",12247,1054,4451,834,7796,1238
0500000US13063,13063,"Clayton County, Georgia",62188,2044,28091,2275,34097,2560
0500000US13067,13067,"Cobb County, Georgia",71783,3062,30199,2472,41584,3131
0500000US13073,13073,"Columbia County, Georgia",6309,799,4627,715,1682,794
0500000US13077,13077,"Coweta County, Georgia",8626,1096,3752,985,4874,1149
0500000US13089,13089,"DeKalb County, Georgia",137358,3368,65914,2897,71444,3494
0500000US13095,13095,"Dougherty County, Georgia",21584,1292,7126,1047,14458,1429
0500000US13097,13097,"Douglas County, Georgia",19675,1325,10858,1358,8817,1475
0500000US13113,13113,"Fayette County, Georgia",7536,752,5238,904,2298,829
0500000US13115,13115,"Floyd County, Georgia",5533,766,1644,516,3889,883
0500000US13117,13117,"Forsyth County, Georgia",1810,464,1105,366,705,416
0500000US13121,13121,"Fulton County, Georgia",160961,4338,62392,2766,98569,4587
0500000US13127,13127,"Glynn County, Georgia",7411,889,2537,661,4874,1041
0500000US13135,13135,"Gwinnett County, Georgia",68343,2510,32116,2624,36227,2805
0500000US13139,13139,"Hall County, Georgia",4359,525,1503,472,2856,539
0500000US13151,13151,"Henry County, Georgia",26783,1547,17141,1765,9642,1843
0500000US13153,13153,"Houston County, Georgia",16571,1690,8127,1544,8444,1515
0500000US13179,13179,"Liberty County, Georgia",9760,893,4669,736,5091,995
0500000US13185,13185,"Lowndes County, Georgia",14671,1066,5441,835,9230,1313
0500000US13215,13215,"Muscogee County, Georgia",31961,1786,11745,1291,20216,1950
0500000US13217,13217,"Newton County, Georgia",13810,1197,9404,1553,4406,1500
0500000US13223,13223,"Paulding County, Georgia",7172,943,5490,1103,1682,936
0500000US13245,13245,"Richmond County, Georgia",34579,1707,16550,1573,18029,1706
0500000US13247,13247,"Rockdale County, Georgia",12969,916,7926,998,5043,1062
0500000US13285,13285,"Troup County, Georgia",8306,948,2588,663,5718,948
0500000US13295,13295,"Walker County, Georgia",1448,581,996,421,452,459
0500000US13297,13297,"Walton County, Georgia",4542,858,1415,649,3127,1123
0500000US13313,13313,"Whitfield County, Georgia",1895,380,448,323,1447,554
0500000US15003,15003,"Honolulu County, Hawaii",9673,1138,1955,611,7718,1250
0500000US16001,16001,"Ada County, Idaho",1836,920,409,362,1427,1001
0500000US17001,17001,"Adams County, Illinois",1296,504,160,123,1136,513
0500000US17019,17019,"Champaign County, Illinois",8379,916,2710,552,5669,1015
0500000US17031,17031,"Cook County, Illinois",460791,5920,179946,5239,280845,6699
0500000US17037,17037,"DeKalb County, Illinois",2650,659,353,345,2297,693
0500000US17043,17043,"DuPage County, Illinois",14799,1540,4093,725,10706,1795
0500000US17089,17089,"Kane County, Illinois",8976,797,3470,762,5506,1083
0500000US17091,17091,"Kankakee County, Illinois",6005,627,2098,555,3907,851
0500000US17093,17093,"Kendall County, Illinois",2094,1014,718,707,1376,1114
0500000US17097,17097,"Lake County, Illinois",16353,1653,5811,1011,10542,1632
0500000US17099,17099,"LaSalle County, Illinois",430,212,72,65,358,218
0500000US17111,17111,"McHenry County, Illinois",1160,636,526,318,634,580
0500000US17113,17113,"McLean County, Illinois",5406,844,1436,463,3970,958
0500000US17115,17115,"Macon County, Illinois",4709,641,1671,373,3038,560
0500000US17119,17119,"Madison County, Illinois",7861,792,2443,561,5418,930
0500000US17143,17143,"Peoria County, Illinois",11873,820,3489,623,8384,932
0500000US17161,17161,"Rock Island County, Illinois",5054,621,1568,491,3486,653
0500000US17163,17163,"St. Clair County, Illinois",30564,1572,13706,1167,16858,1540
0500000US17167,17167,"Sangamon County, Illinois",8440,778,3460,550,4980,932
0500000US17183,17183,"Vermilion County, Illinois",3382,507,1381,393,2001,515
0500000US17197,17197,"Will County, Illinois",23600,1302,12581,1394,11019,1450
0500000US17199,17199,"Williamson County, Illinois",741,369,365,248,376,354
0500000US17201,17201,"Winnebago County, Illinois",11917,927,3901,684,8016,868
0500000US18003,18003,"Allen County, Indiana",16658,1208,5553,870,11105,1359
0500000US18019,18019,"Clark County, Indiana",2573,492,1045,364,1528,543
0500000US18035,18035,"Delaware County, Indiana",3206,536,930,316,2276,567
0500000US18039,18039,"Elkhart County, Indiana",3097,587,1101,347,1996,533
0500000US18043,18043,"Floyd County, Indiana",1492,332,753,337,739,273
0500000US18053,18053,"Grant County, Indiana",2170,573,588,353,1582,555
0500000US18057,18057,"Hamilton County, Indiana",5026,707,3347,902,1679,842
0500000US18063,18063,"Hendricks County, Indiana",2230,555,1109,727,1121,435
0500000US18067,18067,"Howard County, Indiana",2841,699,866,553,1975,633
0500000US18081,18081,"Johnson County, Indiana",633,207,199,211,434,231
0500000US18089,18089,"Lake County, Indiana",47831,1635,21263,1595,26568,1865
0500000US18091,18091,"LaPorte County, Indiana",3635,740,1536,401,2099,636
0500000US18095,18095,"Madison County, Indiana",3518,586,1577,512,1941,487
0500000US18097,18097,"Marion County, Indiana",94506,2813,30800,2423,63706,3252
0500000US18105,18105,"Monroe County, Indiana",1959,597,584,263,1375,710
0500000US18127,18127,"Porter County, Indiana",1970,321,594,271,1376,383
0500000US18141,18141,"St. Joseph County, Indiana",12631,943,4384,764,8247,1103
0500000US18157,18157,"Tippecanoe County, Indiana",2386,384,378,391,2008,502
0500000US18163,18163,"Vanderburgh County, Indiana",7096,930,1603,499,5493,1050
0500000US18167,18167,"Vigo County, Indiana",1916,509,335,193,1581,529
0500000US18177,18177,"Wayne County, Indiana",1713,402,503,352,1210,437
0500000US19013,19013,"Black Hawk County, Iowa",4491,515,1358,378,3133,601
0500000US19103,19103,"Johnson County, Iowa",2789,453,343,262,2446,489
0500000US19113,19113,"Linn County, Iowa",4033,619,964,490,3069,772
0500000US19153,19153,"Polk County, Iowa",10308,1041,3121,942,7187,1241
0500000US19163,19163,"Scott County, Iowa",4560,627,1131,421,3429,736
0500000US19193,19193,"Woodbury County, Iowa",1054,295,348,290,706,213
0500000US20045,20045,"Douglas County, Kansas",2132,737,282,278,1850,785
0500000US20091,20091,"Johnson County, Kansas",9092,903,2977,414,6115,975
0500000US20103,20103,"Leavenworth County, Kansas",1890,565,814,498,1076,449
0500000US20161,20161,"Riley County, Kansas",2843,702,434,499,2409,870
0500000US20173,20173,"Sedgwick County, Kansas",18097,1349,6744,816,11353,1420
0500000US20177,20177,"Shawnee County, Kansas",5946,706,2210,613,3736,818
0500000US20209,20209,"Wyandotte County, Kansas",15098,1003,6415,819,8683,934
0500000US21015,21015,"Boone County, Kentucky",1262,465,342,232,920,527
0500000US21037,21037,"Campbell County, Kentucky",540,267,137,152,403,245
0500000US21047,21047,"Christian County, Kentucky",4934,721,1535,521,3399,762
0500000US21059,21059,"Daviess County, Kentucky",1715,546,712,338,1003,436
0500000US21067,21067,"Fayette County, Kentucky",17994,1338,5457,1040,12537,1535
0500000US21093,21093,"Hardin County, Kentucky",5170,940,2329,409,2841,1022
0500000US21111,21111,"Jefferson County, Kentucky",61361,2818,20955,1856,40406,2847
0500000US21117,21117,"Kenton County, Kentucky",2890,839,892,402,1998,816
0500000US21145,21145,"McCracken County, Kentucky",2743,482,867,368,1876,538
0500000US21151,21151,"Madison County, Kentucky",1644,422,328,170,1316,398
0500000US21227,21227,"Warren County, Kentucky",4359,923,1102,421,3257,987
0500000US22005,22005,"Ascension Parish, Louisiana",8903,1024,5952,1022,2951,1065
0500000US22015,22015,"Bossier Parish, Louisiana",9432,963,4471,966,4961,1075
0500000US22017,22017,"Caddo Parish, Louisiana",44455,1812,20101,1663,24354,1991
0500000US22019,22019,"Calcasieu Parish, Louisiana",18047,1372,8416,1025,9631,1542
0500000US22033,22033,"East Baton Rouge Parish, Louisiana",72405,2150,34810,2332,37595,2941
0500000US22045,22045,"Iberia Parish, Louisiana",7568,766,4730,712,2838,747
0500000US22051,22051,"Jefferson Parish, Louisiana",41648,1961,17119,1709,24529,2443
0500000US22055,22055,"Lafayette Parish, Louisiana",20275,1702,11304,1574,8971,1529
0500000US22057,22057,"Lafourche Parish, Louisiana",3603,547,1747,565,1856,584
0500000US22063,22063,"Livingston Parish, Louisiana",2974,454,1215,539,1759,632
0500000US22071,22071,"Orleans Parish, Louisiana",87907,2137,37344,1845,50563,2176
0500000US22073,22073,"Ouachita Parish, Louisiana",18856,1409,6537,960,12319,1452
0500000US22079,22079,"Rapides Parish, Louisiana",14215,1123,5717,886,8498,1210
0500000US22097,22097,"St. Landry Parish, Louisiana",12826,972,6742,911,6084,1046
0500000US22103,22103,"St. Tammany Parish, Louisiana",9724,855,6138,981,3586,946
0500000US22105,22105,"Tangipahoa Parish, Louisiana",13004,1399,6719,1111,6285,1376
0500000US22109,22109,"Terrebonne Parish, Louisiana",6813,972,5413,909,1400,757
0500000US23005,23005,"Cumberland County, Maine",2311,590,443,248,1868,567
0500000US24001,24001,"Allegany County, Maryland",797,372,314,263,483,357
0500000US24003,24003,"Anne Arundel County, Maryland",30344,1639,15986,1762,14358,2132
0500000US24005,24005,"Baltimore County, Maryland",80836,2693,38237,2128,42599,3109
0500000US24009,24009,"Calvert County, Maryland",4556,628,2628,650,1928,788
0500000US24013,24013,"Carroll County, Maryland",1805,502,886,285,919,454
0500000US24015,24015,"Cecil County, Maryland",2308,509,689,380,1619,688
0500000US24017,24017,"Charles County, Maryland",21558,1267,14829,1284,6729,1217
0500000US24021,24021,"Frederick County, Maryland",7496,804,3416,628,4080,904
0500000US24025,24025,"Harford County, Maryland",11464,743,6972,933,4492,957
0500000US24027,24027,"Howard County, Maryland",19854,1348,10814,1314,9040,1460
0500000US24031,24031,"Montgomery County, Maryland",61535,2546,26870,2023,34665,2618
0500000US24033,24033,"Prince George's County, Maryland",206625,2903,120914,3738,85711,3501
0500000US24037,24037,"St. Mary's County, Maryland",4940,866,2253,672,2687,891
0500000US24043,24043,"Washington County, Maryland",3675,675,698,291,2977,657
0500000US24045,24045,"Wicomico County, Maryland",8350,690,3916,691,4434,870
0500000US24510,24510,"Baltimore city, Maryland",148572,3461,62177,2319,86395,3568
0500000US25001,25001,"Barnstable County, Massachusetts",1850,453,638,309,1212,472
0500000US25003,25003,"Berkshire County, Massachusetts",785,440,136,161,649,425
0500000US25005,25005,"Bristol County, Massachusetts",7066,1096,2060,631,5006,1055
0500000US25009,25009,"Essex County, Massachusetts",10266,1134,2266,536,8000,1222
0500000US25013,25013,"Hampden County, Massachusetts",14311,1222,5191,927,9120,1407
0500000US25015,25015,"Hampshire County, Massachusetts",1042,442,488,315,554,374
0500000US25017,25017,"Middlesex County, Massachusetts",23593,1530,6796,1159,16797,2026
0500000US25021,25021,"Norfolk County, Massachusetts",13017,1214,6239,1160,6778,1226
0500000US25023,25023,"Plymouth County, Massachusetts",13791,1485,6409,1160,7382,1302
0500000US25025,25025,"Suffolk County, Massachusetts",59167,2810,16350,1908,42817,3016
0500000US25027,25027,"Worcester County, Massachusetts",11583,1004,3025,591,8558,1223
0500000US26005,26005,"Allegan County, Michigan",577,173,338,256,239,184
0500000US26021,26021,"Berrien County, Michigan",8012,716,2984,567,5028,663
0500000US26025,26025,"Calhoun County, Michigan",5602,638,2980,593,2622,717
0500000US26045,26045,"Eaton County, Michigan",3415,427,841,312,2574,588
0500000US26049,26049,"Genesee County, Michigan",32939,1706,16528,1488,16411,2001
0500000US26065,26065,"Ingham County, Michigan",11639,1304,3985,749,7654,1257
0500000US26075,26075,"Jackson County, Michigan",3959,575,1380,338,2579,613
0500000US26077,26077,"Kalamazoo County, Michigan",10249,1217,3738,818,6511,1264
0500000US26081,26081,"Kent County, Michigan",20849,1503,6467,1252,14382,1946
0500000US26099,26099,"Macomb County, Michigan",32926,1739,9786,1298,23140,1815
0500000US26111,26111,"Midland County, Michigan",408,225,192,135,216,258
0500000US26115,26115,"Monroe County, Michigan",916,278,490,187,426,268
0500000US26121,26121,"Muskegon County, Michigan",7868,714,3350,620,4518,710
0500000US26125,26125,"Oakland County, Michigan",70500,2253,29143,1884,41357,2599
0500000US26145,26145,"Saginaw County, Michigan",14309,950,6881,1071,7428,1266
0500000US26147,26147,"St. Clair County, Michigan",1133,336,461,283,672,321
0500000US26159,26159,"Van Buren County, Michigan",1703,394,959,387,744,262
0500000US26161,26161,"Washtenaw County, Michigan",15934,1219,4207,932,11727,1356
0500000US26163,26163,"Wayne County, Michigan",263723,3729,122030,3694,141693,4067
0500000US27003,27003,"Anoka County, Minnesota",4950,727,2294,597,2656,790
0500000US27013,27013,"Blue Earth County, Minnesota",590,223,345,249,245,229
0500000US27037,27037,"Dakota County, Minnesota",6477,622,2416,659,4061,768
0500000US27053,27053,"Hennepin County, Minnesota",48345,2066,11205,1311,37140,2342
0500000US27109,27109,"Olmsted County, Minnesota",1980,528,319,247,1661,606
0500000US27123,27123,"Ramsey County, Minnesota",20206,1516,4253,898,15953,1597
0500000US27137,27137,"St. Louis County, Minnesota",995,292,194,235,801,319
0500000US27139,27139,"Scott County, Minnesota",882,309,281,291,601,412
0500000US27145,27145,"Stearns County, Minnesota",1094,378,136,150,958,362
0500000US27163,27163,"Washington County, Minnesota",2777,664,1262,603,1515,721
0500000US28033,28033,"DeSoto County, Mississippi",13459,804,6610,939,6849,971
0500000US28035,28035,"Forrest County, Mississippi",9957,918,3745,698,6212,947
0500000US28047,28047,"Harrison County, Mississippi",17166,1363,6399,892,10767,1365
0500000US28049,28049,"Hinds County, Mississippi",59391,1986,29451,1972,29940,2687
0500000US28059,28059,"Jackson County, Mississippi",10113,954,5362,686,4751,961
0500000US28067,28067,"Jones County, Mississippi",6816,934,4019,641,2797,1007
0500000US28075,28075,"Lauderdale County, Mississippi",12636,1050,5724,1073,6912,1176
0500000US28081,28081,"Lee County, Mississippi",8429,852,4522,903,3907,969
0500000US28089,28089,"Madison County, Mississippi",12162,894,7494,918,4668,1181
0500000US28121,28121,"Rankin County, Mississippi",9833,1006,5054,807,4779,993
0500000US29019,29019,"Boone County, Missouri",4557,876,866,449,3691,989
0500000US29021,29021,"Buchanan County, Missouri",1542,478,772,336,770,349
0500000US29031,29031,"Cape Girardeau County, Missouri",2651,567,404,297,2247,596
0500000US29037,29037,"Cass County, Missouri",1148,386,515,387,633,319
0500000US29047,29047,"Clay County, Missouri",4302,900,1469,501,2833,1010
0500000US29051,29051,"Cole County, Missouri",1875,498,362,289,1513,512
0500000US29077,29077,"Greene County, Missouri",2877,675,751,418,2126,640
0500000US29095,29095,"Jackson County, Missouri",62826,2322,24916,1828,37910,2547
0500000US29097,29097,"Jasper County, Missouri",545,155,73,86,472,151
0500000US29099,29099,"Jefferson County, Missouri",601,320,158,161,443,298
0500000US29165,29165,"Platte County, Missouri",2182,671,736,506,1446,630
0500000US29183,29183,"St. Charles County, Missouri",5062,761,2818,726,2244,576
0500000US29189,29189,"St. Louis County, Missouri",88929,2572,43447,2677,45482,2943
0500000US29510,29510,"St. Louis city, Missouri",61140,2632,19518,1598,41622,2504
0500000US31055,31055,"Douglas County, Nebraska",23579,1348,8027,1056,15552,1404
0500000US31109,31109,"Lancaster County, Nebraska",4531,886,769,298,3762,912
0500000US31153,31153,"Sarpy County, Nebraska",2721,473,1201,399,1520,534
0500000US32003,32003,"Clark County, Nevada",78884,2763,22878,2123,56006,2913
0500000US32031,32031,"Washoe County, Nevada",3219,746,941,554,2278,690
0500000US33011,33011,"Hillsborough County, New Hampshire",3989,929,2130,1056,1859,879
0500000US33013,33013,"Merrimack County, New Hampshire",405,205,142,208,263,131
0500000US33015,33015,"Rockingham County, New Hampshire",794,376,205,167,589,344
0500000US34001,34001,"Atlantic County, New Jersey",16002,1461,6304,1180,9698,1547
0500000US34003,34003,"Bergen County, New Jersey",21338,1749,9352,1404,11986,1725
0500000US34005,34005,"Burlington County, New Jersey",24060,1544,16401,1442,7659,1243
0500000US34007,34007,"Camden County, New Jersey",38668,2042,17708,1672,20960,2666
0500000US34009,34009,"Cape May County, New Jersey",1063,511,838,449,225,232
0500000US34011,34011,"Cumberland County, New Jersey",8306,1047,3333,720,4973,1030
0500000US34013,34013,"Essex County, New Jersey",113939,2937,34351,1918,79588,3180
0500000US34015,34015,"Gloucester County, New Jersey",9986,1114,5129,918,4857,1253
0500000US34017,34017,"Hudson County, New Jersey",30972,1666,6650,1130,24322,1839
0500000US34019,34019,"Hunterdon County, New Jersey",618,334,500,312,118,144
0500000US34021,34021,"Mercer County, New Jersey",26463,1561,11568,1297,14895,1933
0500000US34023,34023,"Middlesex County, New Jersey",27031,1583,11803,1463,15228,1745
0500000US34025,34025,"Monmouth County, New Jersey",17110,1521,6381,1051,10729,1626
0500000US34027,34027,"Morris County, New Jersey",5380,826,2854,760,2526,909
0500000US34029,34029,"Ocean County, New Jersey",6565,970,2493,747,4072,1104
0500000US34031,34031,"Passaic County, New Jersey",21631,1623,6136,1072,15495,1784
0500000US34033,34033,"Salem County, New Jersey",3333,464,1645,411,1688,465
0500000US34035,34035,"Somerset County, New Jersey",9682,1078,4803,980,4879,1009
0500000US34037,34037,"Sussex County, New Jersey",726,247,107,102,619,269
0500000US34039,34039,"Union County, New Jersey",41287,1666,17748,1753,23539,1916
0500000US34041,34041,"Warren County, New Jersey",1402,296,403,261,999,410
0500000US35001,35001,"Bernalillo County, New Mexico",7193,813,3388,732,3805,805
0500000US35013,35013,"Doña Ana County, New Mexico",1786,481,753,528,1033,412
0500000US35025,35025,"Lea County, New Mexico",1166,490,419,342,747,517
0500000US35035,35035,"Otero County, New Mexico",870,298,178,179,692,326
0500000US35043,35043,"Sandoval County, New Mexico",1023,332,926,339,97,107
0500000US36001,36001,"Albany County, New York",14249,1371,3635,874,10614,1492
0500000US36005,36005,"Bronx County, New York",165383,4415,30931,2381,134452,4244
0500000US36007,36007,"Broome County, New York",3067,695,588,282,2479,697
0500000US36009,36009,"Cattaraugus County, New York",278,111,180,111,98,110
0500000US36013,36013,"Chautauqua County, New York",864,431,333,230,531,360
0500000US36015,36015,"Chemung County, New York",1617,544,446,270,1171,542
0500000US36027,36027,"Dutchess County, New York",10093,795,3803,691,6290,954
0500000US36029,36029,"Erie County, New York",49797,1661,16707,1596,33090,2336
0500000US36045,36045,"Jefferson County, New York",1569,575,78,95,1491,562
0500000US36047,36047,"Kings County, New York",312283,5374,78651,3320,233632,5538
0500000US36055,36055,"Monroe County, New York",40957,2111,13855,1324,27102,2187
0500000US36059,36059,"Nassau County, New York",44213,1936,28261,1909,15952,2055
0500000US36061,36061,"New York County, New York",95700,4287,11448,2022,84252,4557
0500000US36063,36063,"Niagara County, New York",5894,719,2052,564,3842,870
0500000US36065,36065,"Oneida County, New York",3683,660,945,354,2738,636
0500000US36067,36067,"Onondaga County, New York",17869,1125,4858,751,13011,1136
0500000US36069,36069,"Ontario County, New York",1088,308,146,158,942,335
0500000US36071,36071,"Orange County, New York",11589,1144,5555,942,6034,1000
0500000US36079,36079,"Putnam County, New York",666,212,491,200,175,220
0500000US36081,36081,"Queens County, New York",138662,3039,65755,2335,72907,3205
0500000US36083,36083,"Rensselaer County, New York",3197,636,631,428,2566,574
0500000US36085,36085,"Richmond County, New York",16416,1302,6443,1027,9973,1603
0500000US36087,36087,"Rockland County, New York",11120,1111,6797,828,4323,984
0500000US36091,36091,"Saratoga County, New York",1195,444,538,368,657,422
0500000US36093,36093,"Schenectady County, New York",5273,859,1561,554,3712,795
0500000US36101,36101,"Steuben County, New York",619,221,198,207,421,232
0500000US36103,36103,"Suffolk County, New York",33131,2070,20293,1625,12838,2028
0500000US36105,36105,"Sullivan County, New York",1699,497,453,180,1246,492
0500000US36109,36109,"Tompkins County, New York",1682,569,724,319,958,686
0500000US36111,36111,"Ulster County, New York",2440,822,583,510,1857,669
0500000US36117,36117,"Wayne County, New York",1213,466,801,489,412,288
0500000US36119,36119,"Westchester County, New York",49028,2268,16588,1412,32440,2339
0500000US37001,37001,"Alamance County, North Carolina",10898,896,4641,751,6257,999
0500000US37019,37019,"Brunswick County, North Carolina",4657,667,2800,497,1857,584
0500000US37021,37021,"Buncombe County, North Carolina",6171,833,2206,589,3965,837
0500000US37023,37023,"Burke County, North Carolina",1427,406,913,308,514,348
0500000US37025,37025,"Cabarrus County, North Carolina",9587,945,5493,763,4094,1028
0500000US37027,37027,"Caldwell County, North Carolina",1150,332,892,348,258,240
0500000US37031,37031,"Carteret County, North Carolina",1651,351,1158,329,493,227
0500000US37035,37035,"Catawba County, North Carolina",4579,677,2618,580,1961,657
0500000US37037,37037,"Chatham County, North Carolina",3056,730,1797,605,1259,586
0500000US37045,37045,"Cleveland County, North Carolina",8694,840,4314,778,4380,1044
0500000US37049,37049,"Craven County, North Carolina",8046,978,3848,610,4198,1083
0500000US37051,37051,"Cumberland County, North Carolina",46559,1668,21688,1258,24871,1832
0500000US37057,37057,"Davidson County, North Carolina",5244,595,2648,662,2596,843
0500000US37063,37063,"Durham County, North Carolina",40966,2042,15996,1452,24970,2278
0500000US37067,37067,"Forsyth County, North Carolina",37813,1721,16027,1593,21786,1783
0500000US37071,37071,"Gaston County, North Carolina",12079,781,4658,712,7421,966
0500000US37081,37081,"Guilford County, North Carolina",64878,2224,25091,1784,39787,2634
0500000US37085,37085,"Harnett County, North Carolina",8875,825,4861,716,4014,671
0500000US37089,37089,"Henderson County, North Carolina",1147,390,806,408,341,250
0500000US37097,37097,"Iredell County, North Carolina",6231,738,3053,591,3178,666
0500000US37101,37101,"Johnston County, North Carolina",8499,846,4569,963,3930,997
0500000US37109,37109,"Lincoln County, North Carolina",1066,391,662,276,404,299
0500000US37119,37119,"Mecklenburg County, North Carolina",119767,3156,49264,2415,70503,3806
0500000US37125,37125,"Moore County, North Carolina",3881,569,2254,489,1627,686
0500000US37127,37127,"Nash County, North Carolina",14186,1017,7038,1187,7148,1176
0500000US37129,37129,"New Hanover County, North Carolina",10914,1212,3136,659,7778,1200
0500000US37133,37133,"Onslow County, North Carolina",10296,1600,3169,598,7127,1678
0500000US37135,37135,"Orange County, North Carolina",5570,711,2618,483,2952,777
0500000US37147,37147,"Pitt County, North Carolina",22040,1490,7169,1114,14871,1663
0500000US37151,37151,"Randolph County, North Carolina",3680,631,1813,555,1867,724
0500000US37155,37155,"Robeson County, North Carolina",10865,649,5122,637,5743,721
0500000US37157,37157,"Rockingham County, North Carolina",7065,762,3136,756,3929,893
0500000US37159,37159,"Rowan County, North Carolina",7166,987,2501,577,4665,878
0500000US37161,37161,"Rutherford County, North Carolina",2049,473,893,327,1156,527
0500000US37171,37171,"Surry County, North Carolina",1194,359,774,337,420,312
0500000US37179,37179,"Union County, North Carolina",8122,644,5232,775,2890,745
0500000US37183,37183,"Wake County, North Carolina",72544,3028,32479,3186,40065,3137
0500000US37191,37191,"Wayne County, North Carolina",15153,1150,5191,830,9962,1281
0500000US37193,37193,"Wilkes County, North Carolina",782,221,578,248,204,221
0500000US37195,37195,"Wilson County, North Carolina",11730,807,5731,950,5999,987
0500000US38017,38017,"Cass County, North Dakota",1387,397,52,88,1335,404
0500000US38035,38035,"Grand Forks County, North Dakota",659,443,157,175,502,405
0500000US39003,39003,"Allen County, Ohio",3994,566,1361,409,2633,547
0500000US39007,39007,"Ashtabula County, Ohio",891,426,489,325,402,295
0500000US39013,39013,"Belmont County, Ohio",665,371,417,213,248,307
0500000US39017,39017,"Butler County, Ohio",9463,1072,3171,730,6292,1202
0500000US39023,39023,"Clark County, Ohio",5271,612,2072,445,3199,796
0500000US39025,39025,"Clermont County, Ohio",832,238,597,268,235,291
0500000US39035,39035,"Cuyahoga County, Ohio",156225,3592,58576,2298,97649,3731
0500000US39041,39041,"Delaware County, Ohio",2048,366,1744,370,304,205
0500000US39043,39043,"Erie County, Ohio",2908,639,1273,392,1635,715
0500000US39045,39045,"Fairfield County, Ohio",2943,567,1407,497,1536,633
0500000US39049,39049,"Franklin County, Ohio",98867,2729,33122,2125,65745,2952
0500000US39055,39055,"Geauga County, Ohio",529,160,363,175,166,249
0500000US39057,39057,"Greene County, Ohio",4670,816,1441,424,3229,828
0500000US39061,39061,"Hamilton County, Ohio",88209,2326,26651,2123,61558,3364
0500000US39081,39081,"Jefferson County, Ohio",1611,388,412,201,1199,368
0500000US39085,39085,"Lake County, Ohio",3468,559,1043,551,2425,717
0500000US39089,39089,"Licking County, Ohio",1911,506,1352,550,559,363
0500000US39093,39093,"Lorain County, Ohio",8359,698,3906,794,4453,868
0500000US39095,39095,"Lucas County, Ohio",34299,1547,12645,1227,21654,1896
0500000US39099,39099,"Mahoning County, Ohio",14069,1318,6625,842,7444,1228
0500000US39103,39103,"Medina County, Ohio",887,287,251,205,636,300
0500000US39113,39113,"Montgomery County, Ohio",45702,1937,18530,1235,27172,1996
0500000US39119,39119,"Muskingum County, Ohio",1509,476,915,537,594,624
0500000US39133,39133,"Portage County, Ohio",2268,619,731,298,1537,753
0500000US39139,39139,"Richland County, Ohio",2827,735,1415,446,1412,545
0500000US39141,39141,"Ross County, Ohio",953,539,371,415,582,399
0500000US39145,39145,"Scioto County, Ohio",437,269,174,129,263,259
0500000US39151,39151,"Stark County, Ohio",10323,905,4569,786,5754,1033
0500000US39153,39153,"Summit County, Ohio",30075,1662,10638,1304,19437,1629
0500000US39155,39155,"Trumbull County, Ohio",7214,888,3031,717,4183,996
0500000US39165,39165,"Warren County, Ohio",1194,471,822,485,372,335
0500000US39173,39173,"Wood County, Ohio",1482,591,115,171,1367,679
0500000US40017,40017,"Canadian County, Oklahoma",861,383,208,140,653,431
0500000US40027,40027,"Cleveland County, Oklahoma",4394,762,1790,517,2604,850
0500000US40031,40031,"Comanche County, Oklahoma",7588,912,2160,596,5428,952
0500000US40037,40037,"Creek County, Oklahoma",538,131,365,145,173,104
0500000US40101,40101,"Muskogee County, Oklahoma",2953,385,1368,323,1585,375
0500000US40109,40109,"Oklahoma County, Oklahoma",42539,1930,16460,1818,26079,2297
0500000US40125,40125,"Pottawatomie County, Oklahoma",445,136,146,97,299,139
0500000US40143,40143,"Tulsa County, Oklahoma",25036,1083,8083,645,16953,1176
0500000US40145,40145,"Wagoner County, Oklahoma",951,204,772,192,179,132
0500000US41005,41005,"Clackamas County, Oregon",1246,573,568,369,678,461
0500000US41039,41039,"Lane County, Oregon",1069,453,207,170,862,484
0500000US41047,41047,"Marion County, Oregon",916,551,217,237,699,549
0500000US41051,41051,"Multnomah County, Oregon",15632,1720,5904,1075,9728,1716
0500000US41067,41067,"Washington County, Oregon",3018,638,1569,537,1449,703
0500000US42003,42003,"Allegheny County, Pennsylvania",64011,2293,23531,1679,40480,2289
0500000US42007,42007,"Beaver County, Pennsylvania",3875,716,1337,498,2538,768
0500000US42011,42011,"Berks County, Pennsylvania",5570,873,3440,771,2130,703
0500000US42013,42013,"Blair County, Pennsylvania",589,239,253,224,336,167
0500000US42017,42017,"Bucks County, Pennsylvania",8410,822,2829,556,5581,958
0500000US42021,42021,"Cambria County, Pennsylvania",1276,422,213,169,1063,349
0500000US42027,42027,"Centre County, Pennsylvania",819,322,98,138,721,251
0500000US42029,42029,"Chester County, Pennsylvania",10168,1017,4831,789,5337,1244
0500000US42037,42037,"Columbia County, Pennsylvania",454,167,104,130,350,210
0500000US42039,42039,"Crawford County, Pennsylvania",284,148,84,93,200,132
0500000US42041,42041,"Cumberland County, Pennsylvania",1992,564,451,325,1541,598
0500000US42043,42043,"Dauphin County, Pennsylvania",17531,1165,7733,944,9798,1313
0500000US42045,42045,"Delaware County, Pennsylvania",39279,1739,17064,1422,22215,2352
0500000US42049,42049,"Erie County, Pennsylvania",6313,981,2363,661,3950,1116
0500000US42051,42051,"Fayette County, Pennsylvania",1844,602,869,381,975,471
0500000US42055,42055,"Franklin County, Pennsylvania",1518,454,722,349,796,458
0500000US42069,42069,"Lackawanna County, Pennsylvania",1408,328,220,173,1188,303
0500000US42071,42071,"Lancaster County, Pennsylvania",6700,1018,1764,526,4936,1224
0500000US42073,42073,"Lawrence County, Pennsylvania",1721,477,660,389,1061,488
0500000US42075,42075,"Lebanon County, Pennsylvania",1029,429,142,132,887,418
0500000US42077,42077,"Lehigh County, Pennsylvania",7636,1117,2074,536,5562,1124
0500000US42079,42079,"Luzerne County, Pennsylvania",2621,486,278,187,2343,498
0500000US42081,42081,"Lycoming County, Pennsylvania",1708,526,459,230,1249,547
0500000US42085,42085,"Mercer County, Pennsylvania",2018,407,604,317,1414,374
0500000US42089,42089,"Monroe County, Pennsylvania",6530,968,4510,896,2020,781
0500000US42091,42091,"Montgomery County, Pennsylvania",23142,1648,11037,1180,12105,1596
0500000US42095,42095,"Northampton County, Pennsylvania",4877,933,2573,449,2304,883
0500000US42101,42101,"Philadelphia County, Pennsylvania",253456,4727,115209,3683,138247,5517
0500000US42125,42125,"Washington County, Pennsylvania",2167,370,956,331,1211,373
0500000US42129,42129,"Westmoreland County, Pennsylvania",3094,539,1191,332,1903,486
0500000US42133,42133,"York County, Pennsylvania",7877,905,3326,777,4551,985
0500000US44003,44003,"Kent County, Rhode Island",1357,761,570,453,787,712
0500000US44005,44005,"Newport County, Rhode Island",1040,558,162,142,878,543
0500000US44007,44007,"Providence County, Rhode Island",19066,1761,5521,897,13545,1891
0500000US45003,45003,"Aiken County, South Carolina",14956,963,8466,1045,6490,1298
0500000US45007,45007,"Anderson County, South Carolina",11438,967,5801,869,5637,1165
0500000US45013,45013,"Beaufort County, South Carolina",10678,1258,6513,1081,4165,1199
0500000US45015,45015,"Berkeley County, South Carolina",15523,1039,9245,1054,6278,1070
0500000US45019,45019,"Charleston County, South Carolina",38396,1990,17271,1552,21125,2292
0500000US45031,45031,"Darlington County, South Carolina",10621,732,5118,974,5503,1014
0500000US45035,45035,"Dorchester County, South Carolina",13889,1139,7571,1006,6318,1232
0500000US45041,45041,"Florence County, South Carolina",19372,1382,9413,1101,9959,1250
0500000US45045,45045,"Greenville County, South Carolina",32786,1510,12451,1111,20335,1614
0500000US45047,45047,"Greenwood County, South Carolina",8921,866,4102,806,4819,974
0500000US45051,45051,"Horry County, South Carolina",12871,1050,6678,986,6193,1166
0500000US45057,45057,"Lancaster County, South Carolina",6466,994,2904,840,3562,989
0500000US45059,45059,"Laurens County, South Carolina",6255,557,3502,493,2753,530
0500000US45063,45063,"Lexington County, South Carolina",13222,1144,7220,826,6002,1107
0500000US45073,45073,"Oconee County, South Carolina",2126,585,1270,547,856,784
0500000US45075,45075,"Orangeburg County, South Carolina",19294,1339,10913,1176,8381,1345
0500000US45077,45077,"Pickens County, South Carolina",2831,507,1656,401,1175,400
0500000US45079,45079,"Richland County, South Carolina",67079,2233,31923,2001,35156,2426
0500000US45083,45083,"Spartanburg County, South Carolina",22964,1421,10400,1063,12564,1392
0500000US45085,45085,"Sumter County, South Carolina",17733,1131,9913,1258,7820,1236
0500000US45091,45091,"York County, South Carolina",16922,1284,8140,1313,8782,1523
0500000US46099,46099,"Minnehaha County, South Dakota",1901,638,738,537,1163,687
0500000US47001,47001,"Anderson County, Tennessee",1115,380,292,132,823,388
0500000US47009,47009,"Blount County, Tennessee",1482,274,754,340,728,374
0500000US47011,47011,"Bradley County, Tennessee",2011,475,865,405,1146,527
0500000US47037,47037,"Davidson County, Tennessee",68657,2548,26818,2016,41839,2858
0500000US47059,47059,"Greene County, Tennessee",621,255,436,298,185,230
0500000US47065,47065,"Hamilton County, Tennessee",27224,1309,12137,1250,15087,1492
0500000US47093,47093,"Knox County, Tennessee",16449,1110,5499,942,10950,1346
0500000US47113,47113,"Madison County, Tennessee",13825,1041,6544,1032,7281,1093
0500000US47119,47119,"Maury County, Tennessee",3821,617,1689,694,2132,746
0500000US47125,47125,"Montgomery County, Tennessee",13030,819,6259,773,6771,775
0500000US47147,47147,"Robertson County, Tennessee",2108,342,816,306,1292,428
0500000US47149,47149,"Rutherford County, Tennessee",12971,1222,5957,880,7014,1291
0500000US47157,47157,"Shelby County, Tennessee",176806,3523,81425,3240,95381,4530
0500000US47163,47163,"Sullivan County, Tennessee",1637,376,851,435,786,388
0500000US47165,47165,"Sumner County, Tennessee",3666,694,1952,657,1714,702
0500000US47179,47179,"Washington County, Tennessee",1945,776,1092,590,853,622
0500000US47187,47187,"Williamson County, Tennessee",2680,769,1741,471,939,710
0500000US47189,47189,"Wilson County, Tennessee",2177,480,1023,380,1154,544
0500000US48005,48005,"Angelina County, Texas",4849,872,1496,473,3353,961
0500000US48021,48021,"Bastrop County, Texas",1987,824,1438,790,549,538
0500000US48027,48027,"Bell County, Texas",23861,1652,9980,1409,13881,1945
0500000US48029,48029,"Bexar County, Texas",51047,2549,19287,1538,31760,2381
0500000US48037,48037,"Bowie County, Texas",6966,914,2930,664,4036,977
0500000US48039,48039,"Brazoria County, Texas",14290,1228,10388,1303,3902,1296
0500000US48041,48041,"Brazos County, Texas",6870,1094,2511,561,4359,1263
0500000US48085,48085,"Collin County, Texas",28005,1645,11201,1637,16804,2010
0500000US48091,48091,"Comal County, Texas",1347,690,927,323,420,594
0500000US48099,48099,"Coryell County, Texas",2560,558,1392,523,1168,449
0500000US48113,48113,"Dallas County, Texas",211418,4348,80782,4297,130636,5287
0500000US48121,48121,"Denton County, Texas",25114,1667,8997,1346,16117,1851
0500000US48135,48135,"Ector County, Texas",2107,350,1034,423,1073,464
0500000US48139,48139,"Ellis County, Texas",4584,594,2396,397,2188,725
0500000US48141,48141,"El Paso County, Texas",9129,1034,3493,822,5636,1163
0500000US48157,48157,"Fort Bend County, Texas",42775,2406,29715,2251,13060,2396
0500000US48167,48167,"Galveston County, Texas",14829,1168,7291,956,7538,1228
0500000US48181,48181,"Grayson County, Texas",2433,588,1248,392,1185,572
0500000US48183,48183,"Gregg County, Texas",9129,1013,3518,641,5611,998
0500000US48187,48187,"Guadalupe County, Texas",3392,621,2367,473,1025,553
0500000US48201,48201,"Harris County, Texas",302017,5298,107043,4631,194974,6308
0500000US48203,48203,"Harrison County, Texas",5562,638,3208,578,2354,592
0500000US48209,48209,"Hays County, Texas",2333,713,1195,569,1138,846
0500000US48213,48213,"Henderson County, Texas",2098,462,978,342,1120,471
0500000US48215,48215,"Hidalgo County, Texas",1170,461,547,291,623,360
0500000US48231,48231,"Hunt County, Texas",2659,574,925,486,1734,657
0500000US48245,48245,"Jefferson County, Texas",32576,1703,16571,1136,16005,1923
0500000US48251,48251,"Johnson County, Texas",1210,554,214,270,996,563
0500000US48257,48257,"Kaufman County, Texas",3534,693,2191,487,1343,620
0500000US48291,48291,"Liberty County, Texas",2402,666,1485,640,917,617
0500000US48303,48303,"Lubbock County, Texas",6724,877,2775,611,3949,938
0500000US48309,48309,"McLennan County, Texas",13671,1148,4691,857,8980,1206
0500000US48329,48329,"Midland County, Texas",3526,962,1174,398,2352,926
0500000US48339,48339,"Montgomery County, Texas",7524,947,3147,926,4377,1161
0500000US48347,48347,"Nacogdoches County, Texas",3878,979,1455,660,2423,691
0500000US48355,48355,"Nueces County, Texas",5819,790,2212,490,3607,782
0500000US48361,48361,"Orange County, Texas",3157,491,1243,371,1914,552
0500000US48375,48375,"Potter County, Texas",3565,615,1337,498,2228,510
0500000US48381,48381,"Randall County, Texas",1233,353,321,214,912,400
0500000US48397,48397,"Rockwall County, Texas",2154,541,1549,688,605,579
0500000US48423,48423,"Smith County, Texas",14429,1196,7212,1219,7217,1065
0500000US48439,48439,"Tarrant County, Texas",107032,3681,41019,2606,66013,3989
0500000US48441,48441,"Taylor County, Texas",3187,636,1143,426,2044,692
0500000US48451,48451,"Tom Green County, Texas",2506,565,879,517,1627,745
0500000US48453,48453,"Travis County, Texas",35199,2726,14874,1984,20325,2279
0500000US48469,48469,"Victoria County, Texas",2426,599,946,515,1480,628
0500000US48471,48471,"Walker County, Texas",3135,1121,1047,473,2088,1076
0500000US48485,48485,"Wichita County, Texas",4296,700,1733,524,2563,698
0500000US48491,48491,"Williamson County, Texas",9797,975,3913,842,5884,1096
0500000US49011,49011,"Davis County, Utah",1103,446,363,208,740,497
0500000US49035,49035,"Salt Lake County, Utah",5170,806,893,417,4277,868
0500000US49049,49049,"Utah County, Utah",776,484,450,381,326,300
0500000US49057,49057,"Weber County, Utah",878,493,615,441,263,324
0500000US50007,50007,"Chittenden County, Vermont",933,244,84,115,849,226
0500000US51003,51003,"Albemarle County, Virginia",3374,545,1551,522,1823,631
0500000US51013,51013,"Arlington County, Virginia",8836,932,2147,701,6689,1229
0500000US51015,51015,"Augusta County, Virginia",617,329,375,295,242,240
0500000US51019,51019,"Bedford County, Virginia",1738,441,1075,401,663,412
0500000US51041,51041,"Chesterfield County, Virginia",24404,1237,15215,1206,9189,1424
0500000US51059,51059,"Fairfax County, Virginia",37304,1721,17282,1580,20022,2104
0500000US51061,51061,"Fauquier County, Virginia",1864,370,1159,398,705,372
0500000US51069,51069,"Frederick County, Virginia",872,364,528,420,344,278
0500000US51085,51085,"Hanover County, Virginia",3751,607,2238,594,1513,627
0500000US51087,51087,"Henrico County, Virginia",35113,1815,16535,1603,18578,1988
0500000US51095,51095,"James City County, Virginia",3632,493,2021,437,1611,497
0500000US51107,51107,"Loudoun County, Virginia",8661,886,4806,704,3855,908
0500000US51121,51121,"Montgomery County, Virginia",1010,447,158,188,852,410
0500000US51153,51153,"Prince William County, Virginia",28712,1534,16682,1470,12030,1438
0500000US51161,51161,"Roanoke County, Virginia",1718,320,975,267,743,347
0500000US51165,51165,"Rockingham County, Virginia",501,197,288,137,213,203
0500000US51177,51177,"Spotsylvania County, Virginia",6203,605,3925,655,2278,750
0500000US51179,51179,"Stafford County, Virginia",6990,712,4345,848,2645,940
0500000US51199,51199,"York County, Virginia",3170,415,1898,440,1272,578
0500000US51510,51510,"Alexandria city, Virginia",13238,1271,2485,887,10753,1138
0500000US51550,51550,"Chesapeake city, Virginia",24491,1409,13384,1395,11107,1570
0500000US51650,51650,"Hampton city, Virginia",25539,1351,11655,1343,13884,1300
0500000US51680,51680,"Lynchburg city, Virginia",8483,766,2756,640,5727,861
0500000US51700,51700,"Newport News city, Virginia",26326,1484,9179,1187,17147,1351
0500000US51710,51710,"Norfolk city, Virginia",35927,1475,10340,1186,25587,1618
0500000US51740,51740,"Portsmouth city, Virginia",17339,1053,7654,1121,9685,1037
0500000US51760,51760,"Richmond city, Virginia",40215,1948,13068,1383,27147,2047
0500000US51770,51770,"Roanoke city, Virginia",9980,868,5225,1037,4755,1216
0500000US51800,51800,"Suffolk city, Virginia",12606,945,7482,806,5124,704
0500000US51810,51810,"Virginia Beach city, Virginia",29639,1720,13106,1347,16533,1894
0500000US53011,53011,"Clark County, Washington",2835,527,972,425,1863,585
0500000US53021,53021,"Franklin County, Washington",743,492,167,173,576,487
0500000US53033,53033,"King County, Washington",48636,2752,11354,1567,37282,2601
0500000US53035,53035,"Kitsap County, Washington",2871,739,1343,820,1528,675
0500000US53053,53053,"Pierce County, Washington",21774,1357,8015,1054,13759,1715
0500000US53061,53061,"Snohomish County, Washington",6693,1091,2435,690,4258,1182
0500000US53063,53063,"Spokane County, Washington",3692,780,1153,453,2539,823
0500000US53067,53067,"Thurston County, Washington",3170,882,1579,672,1591,696
0500000US53077,53077,"Yakima County, Washington",820,452,108,115,712,441
0500000US54003,54003,"Berkeley County, West Virginia",2984,541,1025,461,1959,509
0500000US54011,54011,"Cabell County, West Virginia",2258,545,631,352,1627,619
0500000US54039,54039,"Kanawha County, West Virginia",3282,584,1251,321,2031,551
0500000US54061,54061,"Monongalia County, West Virginia",823,381,258,223,565,306
0500000US54081,54081,"Raleigh County, West Virginia",1819,557,720,286,1099,556
0500000US55009,55009,"Brown County, Wisconsin",1601,502,113,128,1488,507
0500000US55025,55025,"Dane County, Wisconsin",8949,879,1600,545,7349,923
0500000US55059,55059,"Kenosha County, Wisconsin",3312,682,600,284,2712,741
0500000US55079,55079,"Milwaukee County, Wisconsin",93036,2176,27670,1714,65366,2694
0500000US55089,55089,"Ozaukee County, Wisconsin",369,163,278,157,91,109
0500000US55101,55101,"Racine County, Wisconsin",7222,928,2237,747,4985,919
0500000US55105,55105,"Rock County, Wisconsin",2290,740,500,210,1790,704
0500000US55109,55109,"St. Croix County, Wisconsin",375,206,77,85,298,215
0500000US55133,55133,"Waukesha County, Wisconsin",2041,370,722,535,1319,583
0500000US55139,55139,"Winnebago County, Wisconsin",712,335,84,109,628,313
0500000US56021,56021,"Laramie County, Wyoming",1150,430,597,282,553,443
