GEO.id,GEO.id2,GEO.display-label,HD01_VD01,HD02_VD01,HD01_VD02,HD02_VD02,HD01_VD03,HD02_VD03
Id,Id2,Geography,Estimate; Total:,Margin of Error; Total:,Estimate; Total: - Owner occupied,Margin of Error; Total: - Owner occupied,Estimate; Total: - Renter occupied,Margin of Error; Total: - Renter occupied
0500000US01003,01003,"Baldwin County, Alabama",5556,853,3240,762,2316,709
0500000US01015,01015,"Calhoun County, Alabama",8308,1284,4113,749,4195,1157
0500000US01051,01051,"Elmore County, Alabama",4394,1010,3222,817,1172,518
0500000US01055,01055,"Etowah County, Alabama",5363,641,2943,571,2420,656
0500000US01069,01069,"Houston County, Alabama",9911,508,4215,529,5696,541
0500000US01073,01073,"Jefferson County, Alabama",104711,2757,53638,2630,51073,2904
0500000US01077,01077,"Lauderdale County, Alabama",3221,686,1495,439,1726,725
0500000US01081,01081,"Lee County, Alabama",12559,819,6313,803,6246,952
0500000US01083,01083,"Limestone County, Alabama",4401,456,3019,600,1382,513
0500000US01089,01089,"Madison County, Alabama",29992,1959,14045,1381,15947,1953
0500000US01097,01097,"Mobile County, Alabama",50384,1966,25210,1808,25174,2314
0500000US01101,01101,"Montgomery County, Alabama",45847,1911,20921,1700,24926,1903
0500000US01103,01103,"Morgan County, Alabama",5428,680,2247,560,3181,748
0500000US01115,01115,"St. Clair County, Alabama",2235,482,2155,468,80,131
0500000US01117,01117,"Shelby County, Alabama",7852,757,4819,681,3033,912
0500000US01121,01121,"Talladega County, Alabama",8504,761,4707,867,3797,771
0500000US01125,01125,"Tuscaloosa County, Alabama",18742,1502,9475,1018,9267,1544
0500000US01127,01127,"Walker County, Alabama",1442,523,671,389,771,524
0500000US02020,02020,"Anchorage Municipality, Alaska",6020,832,2191,555,3829,848
0500000US02090,02090,"Fairbanks North Star Borough, Alaska",1892,510,586,398,1306,606
0500000US04003,04003,"Cochise County, Arizona",1664,526,469,294,1195,533
0500000US04013,04013,"Maricopa County, Arizona",69517,2687,22939,1853,46578,2989
0500000US04019,04019,"Pima County, Arizona",13468,1114,4634,937,8834,1181
0500000US04021,04021,"Pinal County, Arizona",4809,1088,2711,898,2098,727
0500000US04027,04027,"Yuma County, Arizona",1644,423,1087,468,557,419
0500000US05007,05007,"Benton County, Arkansas",916,335,613,323,303,202
0500000US05031,05031,"Craighead County, Arkansas",3763,685,806,320,2957,776
0500000US05045,05045,"Faulkner County, Arkansas",4630,796,1808,580,2822,760
0500000US05051,05051,"Garland County, Arkansas",3389,488,1297,601,2092,606
0500000US05069,05069,"Jefferson County, Arkansas",15254,1526,8033,1088,7221,1399
0500000US05085,05085,"Lonoke County, Arkansas",1517,295,930,369,587,341
0500000US05119,05119,"Pulaski County, Arkansas",51270,2105,21134,1736,30136,2172
0500000US05125,05125,"Saline County, Arkansas",2080,619,1105,572,975,479
0500000US05131,05131,"Sebastian County, Arkansas",2740,662,763,335,1977,697
0500000US05143,05143,"Washington County, Arkansas",1699,623,394,291,1305,583
0500000US05145,05145,"White County, Arkansas",1231,429,619,392,612,306
0500000US06001,06001,"Alameda County, California",79447,2783,25786,2275,53661,3189
0500000US06013,06013,"Contra Costa County, California",34690,2044,15749,1617,18941,2103
0500000US06019,06019,"Fresno County, California",15185,1202,4235,830,10950,1201
0500000US06025,06025,"Imperial County, California",711,345,298,207,413,339
0500000US06029,06029,"Kern County, California",13882,1416,4239,898,9643,1527
0500000US06031,06031,"Kings County, California",2374,659,863,648,1511,589
0500000US06037,06037,"Los Angeles County, California",324994,6201,114471,5488,210523,6795
0500000US06039,06039,"Madera County, California",1158,513,719,361,439,410
0500000US06041,06041,"Marin County, California",2004,806,660,550,1344,798
0500000US06047,06047,"Merced County, California",3713,514,1154,529,2559,610
0500000US06053,06053,"Monterey County, California",4158,698,1819,563,2339,784
0500000US06055,06055,"Napa County, California",704,358,314,187,390,305
0500000US06059,06059,"Orange County, California",17284,1210,6379,1178,10905,1447
0500000US06061,06061,"Placer County, California",1673,522,820,407,853,484
0500000US06065,06065,"Riverside County, California",42768,2169,21522,1676,21246,2146
0500000US06067,06067,"Sacramento County, California",53529,2284,18276,1795,35253,2877
0500000US06071,06071,"San Bernardino County, California",57700,2605,23129,2420,34571,2916
0500000US06073,06073,"San Diego County, California",56591,2572,17667,1633,38924,2696
0500000US06075,06075,"San Francisco County, California",21700,1909,5518,1090,16182,2038
0500000US06077,06077,"San Joaquin County, California",16376,1467,7038,1356,9338,1437
0500000US06079,06079,"San Luis Obispo County, California",917,512,480,357,437,347
0500000US06081,06081,"San Mateo County, California",7795,1021,2684,770,5111,1132
0500000US06083,06083,"Santa Barbara County, California",2922,642,1384,403,1538,588
0500000US06085,06085,"Santa Clara County, California",14940,1703,5346,954,9594,1558
0500000US06095,06095,"Solano County, California",22066,1607,10577,1285,11489,1527
0500000US06097,06097,"Sonoma County, California",2108,508,666,346,1442,539
0500000US06099,06099,"Stanislaus County, California",4433,774,1179,554,3254,774
0500000US06107,06107,"Tulare County, California",1901,439,937,492,964,349
0500000US06111,06111,"Ventura County, California",4462,695,2156,474,2306,583
0500000US06113,06113,"Yolo County, California",1548,452,552,322,996,468
0500000US06115,06115,"Yuba County, California",713,214,400,230,313,246
0500000US08001,08001,"Adams County, Colorado",4286,648,1785,605,2501,725
0500000US08005,08005,"Arapahoe County, Colorado",21149,1276,8115,1051,13034,1593
0500000US08013,08013,"Boulder County, Colorado",1510,473,437,328,1073,452
0500000US08031,08031,"Denver County, Colorado",25289,1706,9998,1156,15291,1850
0500000US08035,08035,"Douglas County, Colorado",1245,486,1074,470,171,201
0500000US08041,08041,"El Paso County, Colorado",14347,1174,6106,874,8241,1217
0500000US08059,08059,"Jefferson County, Colorado",1575,458,632,387,943,291
0500000US08069,08069,"Larimer County, Colorado",917,349,460,282,457,326
0500000US08101,08101,"Pueblo County, Colorado",770,302,481,294,289,250
0500000US08123,08123,"Weld County, Colorado",778,342,180,211,598,280
0500000US09001,09001,"Fairfield County, Connecticut",31392,1985,13025,1628,18367,1698
0500000US09003,09003,"Hartford County, Connecticut",40428,1747,17065,1595,23363,1723
0500000US09005,09005,"Litchfield County, Connecticut",910,339,458,371,452,407
0500000US09007,09007,"Middlesex County, Connecticut",3057,720,847,448,2210,773
0500000US09009,09009,"New Haven County, Connecticut",39085,1959,12633,1435,26452,2158
0500000US09011,09011,"New London County, Connecticut",4623,858,1217,542,3406,945
0500000US09015,09015,"Windham County, Connecticut",505,289,210,180,295,284
0500000US10001,10001,"Kent County, Delaware",11686,979,7176,1129,4510,1131
0500000US10003,10003,"New Castle County, Delaware",45465,1835,22069,1705,23396,2364
0500000US10005,10005,"Sussex County, Delaware",7189,1026,3948,736,3241,840
0500000US11001,11001,"District of Columbia, District of Columbia",121175,3683,46038,2921,75137,3568
0500000US12001,12001,"Alachua County, Florida",16757,1258,6522,886,10235,1229
0500000US12005,12005,"Bay County, Florida",4920,889,2882,703,2038,675
0500000US12009,12009,"Brevard County, Florida",18799,1476,10792,1167,8007,1673
0500000US12011,12011,"Broward County, Florida",145188,4247,72440,3573,72748,4803
0500000US12015,12015,"Charlotte County, Florida",2905,559,1885,662,1020,484
0500000US12017,12017,"Citrus County, Florida",1774,476,933,477,841,472
0500000US12019,12019,"Clay County, Florida",5630,906,3477,908,2153,799
0500000US12021,12021,"Collier County, Florida",4864,954,1441,530,3423,901
0500000US12023,12023,"Columbia County, Florida",4070,917,2380,851,1690,630
0500000US12031,12031,"Duval County, Florida",92366,3045,44987,2336,47379,3158
0500000US12033,12033,"Escambia County, Florida",22062,1589,11937,1521,10125,1605
0500000US12035,12035,"Flagler County, Florida",2920,682,2104,603,816,401
0500000US12053,12053,"Hernando County, Florida",2529,700,2209,666,320,329
0500000US12055,12055,"Highlands County, Florida",3734,638,2001,498,1733,671
0500000US12057,12057,"Hillsborough County, Florida",73624,2817,30025,2317,43599,2466
0500000US12061,12061,"Indian River County, Florida",3152,930,1833,627,1319,628
0500000US12069,12069,"Lake County, Florida",7907,1223,4075,894,3832,927
0500000US12071,12071,"Lee County, Florida",14964,1444,5588,1152,9376,1516
0500000US12073,12073,"Leon County, Florida",30911,2325,12822,1313,18089,2289
0500000US12081,12081,"Manatee County, Florida",7995,1002,2513,761,5482,922
0500000US12083,12083,"Marion County, Florida",12648,1338,7399,968,5249,1270
0500000US12085,12085,"Martin County, Florida",2711,605,867,347,1844,686
0500000US12086,12086,"Miami-Dade County, Florida",134903,4388,65958,3507,68945,4178
0500000US12087,12087,"Monroe County, Florida",1369,400,735,395,634,412
0500000US12089,12089,"Nassau County, Florida",1928,468,1371,483,557,287
0500000US12091,12091,"Okaloosa County, Florida",5844,918,2606,621,3238,813
0500000US12095,12095,"Orange County, Florida",76201,3048,31077,2304,45124,3376
0500000US12097,12097,"Osceola County, Florida",9785,1280,5175,908,4610,1358
0500000US12099,12099,"Palm Beach County, Florida",66473,3231,33578,2354,32895,2823
0500000US12101,12101,"Pasco County, Florida",6748,843,3856,913,2892,914
0500000US12103,12103,"Pinellas County, Florida",33538,1962,14994,1581,18544,2474
0500000US12105,12105,"Polk County, Florida",27104,1795,12442,1661,14662,1578
0500000US12107,12107,"Putnam County, Florida",3718,617,2209,425,1509,564
0500000US12109,12109,"St. Johns County, Florida",3688,664,1794,661,1894,870
0500000US12111,12111,"St. Lucie County, Florida",16739,1449,10369,1252,6370,1190
0500000US12113,12113,"Santa Rosa County, Florida",2053,616,1213,544,840,554
0500000US12115,12115,"Sarasota County, Florida",4999,1120,1666,721,3333,904
0500000US12117,12117,"Seminole County, Florida",13504,1595,6855,1226,6649,1443
0500000US12119,12119,"Sumter County, Florida",1709,418,1117,472,592,533
0500000US12127,12127,"Volusia County, Florida",16496,1476,9107,1325,7389,1412
0500000US13013,13013,"Barrow County, Georgia",2328,761,1608,854,720,440
0500000US13015,13015,"Bartow County, Georgia",3887,926,1783,571,2104,1011
0500000US13021,13021,"Bibb County, Georgia",27161,1406,11489,1483,15672,1921
0500000US13031,13031,"Bulloch County, Georgia",6202,641,2764,662,3438,957
0500000US13045,13045,"Carroll County, Georgia",6440,1156,3083,757,3357,971
0500000US13051,13051,"Chatham County, Georgia",38229,2380,16906,2190,21323,1923
0500000US13057,13057,"Cherokee County, Georgia",4158,682,1983,505,2175,751
0500000US13059,13059,"Clarke County, Georgia",9394,1199,3843,754,5551,1122
0500000US13063,13063,"Clayton County, Georgia",59015,2392,31654,2599,27361,2696
0500000US13067,13067,"Cobb County, Georgia",65099,2282,28828,2080,36271,2922
0500000US13073,13073,"Columbia County, Georgia",7192,792,4202,1041,2990,916
0500000US13077,13077,"Coweta County, Georgia",8528,830,4294,810,4234,1103
0500000US13089,13089,"DeKalb County, Georgia",134108,3394,72203,3108,61905,3376
0500000US13095,13095,"Dougherty County, Georgia",21723,1486,6844,825,14879,1353
0500000US13097,13097,"Douglas County, Georgia",19496,1121,11125,1306,8371,1520
0500000US13113,13113,"Fayette County, Georgia",6565,698,5371,664,1194,565
0500000US13115,13115,"Floyd County, Georgia",4999,750,1985,680,3014,902
0500000US13117,13117,"Forsyth County, Georgia",1763,363,1604,386,159,203
0500000US13121,13121,"Fulton County, Georgia",148299,3491,61857,3339,86442,3810
0500000US13127,13127,"Glynn County, Georgia",8234,947,3585,932,4649,1157
0500000US13135,13135,"Gwinnett County, Georgia",65541,1944,33997,2175,31544,2293
0500000US13139,13139,"Hall County, Georgia",4128,798,1725,420,2403,855
0500000US13151,13151,"Henry County, Georgia",25487,1308,17134,1891,8353,1690
0500000US13153,13153,"Houston County, Georgia",14589,1253,7061,1131,7528,1260
0500000US13185,13185,"Lowndes County, Georgia",13378,1209,5487,967,7891,1352
0500000US13215,13215,"Muscogee County, Georgia",32192,1749,12961,1227,19231,1562
0500000US13217,13217,"Newton County, Georgia",13834,895,10235,1028,3599,832
0500000US13223,13223,"Paulding County, Georgia",8250,665,5744,999,2506,957
0500000US13245,13245,"Richmond County, Georgia",36262,2204,18076,1861,18186,1886
0500000US13247,13247,"Rockdale County, Georgia",13136,964,8155,1059,4981,1036
0500000US13285,13285,"Troup County, Georgia",8107,709,3477,753,4630,818
0500000US13295,13295,"Walker County, Georgia",1031,308,697,325,334,328
0500000US13297,13297,"Walton County, Georgia",4751,656,2360,560,2391,847
0500000US13313,13313,"Whitfield County, Georgia",1627,608,575,305,1052,603
0500000US15003,15003,"Honolulu County, Hawaii",6616,862,1758,643,4858,822
0500000US17001,17001,"Adams County, Illinois",633,270,222,240,411,284
0500000US17019,17019,"Champaign County, Illinois",9717,1110,2869,850,6848,1246
0500000US17031,17031,"Cook County, Illinois",470667,7034,191024,5252,279643,7292
0500000US17037,17037,"DeKalb County, Illinois",1465,799,384,421,1081,681
0500000US17043,17043,"DuPage County, Illinois",15609,1149,3968,964,11641,1337
0500000US17089,17089,"Kane County, Illinois",9692,1135,3783,730,5909,1288
0500000US17091,17091,"Kankakee County, Illinois",5937,510,1901,595,4036,712
0500000US17093,17093,"Kendall County, Illinois",1890,441,987,381,903,514
0500000US17097,17097,"Lake County, Illinois",16837,1499,6435,951,10402,1462
0500000US17111,17111,"McHenry County, Illinois",1063,307,632,343,431,295
0500000US17113,17113,"McLean County, Illinois",4462,846,1403,593,3059,1031
0500000US17115,17115,"Macon County, Illinois",6616,907,2285,562,4331,978
0500000US17119,17119,"Madison County, Illinois",7773,748,3356,745,4417,844
0500000US17143,17143,"Peoria County, Illinois",12426,957,4647,869,7779,1227
0500000US17161,17161,"Rock Island County, Illinois",4938,625,1951,539,2987,715
0500000US17163,17163,"St. Clair County, Illinois",30808,1648,12166,1561,18642,1659
0500000US17167,17167,"Sangamon County, Illinois",8845,1034,3036,711,5809,1181
0500000US17183,17183,"Vermilion County, Illinois",4238,988,1163,552,3075,999
0500000US17197,17197,"Will County, Illinois",24978,1347,13064,1399,11914,1549
0500000US17199,17199,"Williamson County, Illinois",906,363,212,208,694,386
0500000US17201,17201,"Winnebago County, Illinois",11629,959,4595,844,7034,1185
0500000US18003,18003,"Allen County, Indiana",16012,1145,7013,1128,8999,1436
0500000US18005,18005,"Bartholomew County, Indiana",342,201,193,193,149,137
0500000US18019,18019,"Clark County, Indiana",3459,425,1431,457,2028,511
0500000US18035,18035,"Delaware County, Indiana",2425,602,1189,399,1236,527
0500000US18039,18039,"Elkhart County, Indiana",4209,799,1461,522,2748,901
0500000US18043,18043,"Floyd County, Indiana",1507,454,568,303,939,418
0500000US18053,18053,"Grant County, Indiana",1432,408,624,302,808,341
0500000US18057,18057,"Hamilton County, Indiana",3284,652,2631,652,653,400
0500000US18063,18063,"Hendricks County, Indiana",1607,438,541,328,1066,443
0500000US18067,18067,"Howard County, Indiana",1909,905,1044,429,865,728
0500000US18089,18089,"Lake County, Indiana",48290,1972,19855,1937,28435,2131
0500000US18091,18091,"LaPorte County, Indiana",2905,871,1487,694,1418,543
0500000US18095,18095,"Madison County, Indiana",2637,474,1190,389,1447,480
0500000US18097,18097,"Marion County, Indiana",90973,2772,34307,2599,56666,3355
0500000US18105,18105,"Monroe County, Indiana",1221,370,731,315,490,296
0500000US18127,18127,"Porter County, Indiana",2077,447,369,322,1708,485
0500000US18141,18141,"St. Joseph County, Indiana",12455,930,4265,736,8190,920
0500000US18157,18157,"Tippecanoe County, Indiana",2003,559,407,274,1596,582
0500000US18163,18163,"Vanderburgh County, Indiana",6084,759,2091,512,3993,806
0500000US18167,18167,"Vigo County, Indiana",2628,623,1156,441,1472,583
0500000US18177,18177,"Wayne County, Indiana",670,286,215,112,455,266
0500000US19013,19013,"Black Hawk County, Iowa",4454,720,1314,465,3140,915
0500000US19103,19103,"Johnson County, Iowa",1709,656,97,127,1612,646
0500000US19113,19113,"Linn County, Iowa",3572,541,730,342,2842,629
0500000US19153,19153,"Polk County, Iowa",8188,1024,3057,755,5131,955
0500000US19163,19163,"Scott County, Iowa",4512,850,1699,576,2813,909
0500000US19169,19169,"Story County, Iowa",1008,490,150,186,858,465
0500000US19193,19193,"Woodbury County, Iowa",1191,348,246,226,945,341
0500000US20045,20045,"Douglas County, Kansas",1757,418,231,208,1526,400
0500000US20091,20091,"Johnson County, Kansas",7956,969,2312,545,5644,1010
0500000US20103,20103,"Leavenworth County, Kansas",2571,675,899,485,1672,646
0500000US20161,20161,"Riley County, Kansas",1310,623,168,246,1142,519
0500000US20173,20173,"Sedgwick County, Kansas",17656,1113,6252,919,11404,1354
0500000US20177,20177,"Shawnee County, Kansas",5761,816,2848,686,2913,877
0500000US20209,20209,"Wyandotte County, Kansas",14225,1172,6979,923,7246,1365
0500000US21015,21015,"Boone County, Kentucky",1079,324,222,219,857,413
0500000US21037,21037,"Campbell County, Kentucky",669,379,370,336,299,320
0500000US21047,21047,"Christian County, Kentucky",5229,1250,2132,652,3097,1191
0500000US21059,21059,"Daviess County, Kentucky",1300,345,452,242,848,416
0500000US21067,21067,"Fayette County, Kentucky",16268,1199,5266,947,11002,1558
0500000US21093,21093,"Hardin County, Kentucky",4445,763,2066,472,2379,718
0500000US21111,21111,"Jefferson County, Kentucky",59379,2053,21265,1757,38114,2192
0500000US21117,21117,"Kenton County, Kentucky",3491,639,894,327,2597,764
0500000US21145,21145,"McCracken County, Kentucky",2725,387,1094,364,1631,474
0500000US21151,21151,"Madison County, Kentucky",1280,545,387,250,893,517
0500000US21227,21227,"Warren County, Kentucky",3616,579,1293,398,2323,665
0500000US22005,22005,"Ascension Parish, Louisiana",7765,1141,5570,998,2195,961
0500000US22015,22015,"Bossier Parish, Louisiana",9745,1016,4116,911,5629,1153
0500000US22017,22017,"Caddo Parish, Louisiana",42670,1938,21101,1672,21569,2201
0500000US22019,22019,"Calcasieu Parish, Louisiana",17769,1332,10123,1225,7646,1328
0500000US22033,22033,"East Baton Rouge Parish, Louisiana",67538,2587,33586,1858,33952,2758
0500000US22045,22045,"Iberia Parish, Louisiana",6652,868,3521,765,3131,882
0500000US22051,22051,"Jefferson Parish, Louisiana",40249,1808,17826,1507,22423,2141
0500000US22055,22055,"Lafayette Parish, Louisiana",19435,1473,7840,1124,11595,1352
0500000US22057,22057,"Lafourche Parish, Louisiana",4237,588,2580,661,1657,699
0500000US22063,22063,"Livingston Parish, Louisiana",2697,451,1559,633,1138,688
0500000US22071,22071,"Orleans Parish, Louisiana",78781,2419,37811,2295,40970,2795
0500000US22073,22073,"Ouachita Parish, Louisiana",18719,1407,7555,1154,11164,1639
0500000US22079,22079,"Rapides Parish, Louisiana",13405,1477,5514,1030,7891,1207
0500000US22097,22097,"St. Landry Parish, Louisiana",11381,740,5917,772,5464,883
0500000US22103,22103,"St. Tammany Parish, Louisiana",8566,1095,4838,892,3728,958
0500000US22105,22105,"Tangipahoa Parish, Louisiana",11894,1276,6020,1224,5874,1308
0500000US22109,22109,"Terrebonne Parish, Louisiana",6973,1052,3764,902,3209,1019
0500000US23005,23005,"Cumberland County, Maine",1971,380,455,358,1516,416
0500000US24003,24003,"Anne Arundel County, Maryland",27920,1724,14337,1402,13583,1894
0500000US24005,24005,"Baltimore County, Maryland",77485,2845,36328,3102,41157,2663
0500000US24009,24009,"Calvert County, Maryland",4245,584,2845,565,1400,715
0500000US24013,24013,"Carroll County, Maryland",1595,389,875,332,720,434
0500000US24015,24015,"Cecil County, Maryland",1958,433,766,493,1192,444
0500000US24017,24017,"Charles County, Maryland",19683,1327,13579,1297,6104,1232
0500000US24021,24021,"Frederick County, Maryland",6803,1060,2959,676,3844,1179
0500000US24025,24025,"Harford County, Maryland",9653,918,6167,988,3486,1148
0500000US24027,24027,"Howard County, Maryland",16693,1571,9157,1105,7536,1595
0500000US24031,24031,"Montgomery County, Maryland",64717,2357,26802,2384,37915,2680
0500000US24033,24033,"Prince George's County, Maryland",206257,2846,123253,3597,83004,3730
0500000US24037,24037,"St. Mary's County, Maryland",5084,950,3042,882,2042,802
0500000US24043,24043,"Washington County, Maryland",3983,563,1348,515,2635,510
0500000US24045,24045,"Wicomico County, Maryland",8731,1006,3269,874,5462,882
0500000US24510,24510,"Baltimore city, Maryland",143070,4242,57207,2993,85863,3959
0500000US25001,25001,"Barnstable County, Massachusetts",1346,590,562,398,784,600
0500000US25003,25003,"Berkshire County, Massachusetts",1374,555,347,291,1027,623
0500000US25005,25005,"Bristol County, Massachusetts",5890,831,1891,657,3999,1015
0500000US25009,25009,"Essex County, Massachusetts",9162,1028,2301,509,6861,939
0500000US25013,25013,"Hampden County, Massachusetts",13897,1237,5450,744,8447,1463
0500000US25015,25015,"Hampshire County, Massachusetts",676,343,187,138,489,304
0500000US25017,25017,"Middlesex County, Massachusetts",21675,1736,5242,1100,16433,1600
0500000US25021,25021,"Norfolk County, Massachusetts",13422,1229,6224,983,7198,1398
0500000US25023,25023,"Plymouth County, Massachusetts",13223,1240,6284,1059,6939,1179
0500000US25025,25025,"Suffolk County, Massachusetts",58376,2444,15586,1592,42790,2703
0500000US25027,25027,"Worcester County, Massachusetts",9527,1443,3785,984,5742,1510
0500000US26021,26021,"Berrien County, Michigan",8533,882,3827,749,4706,851
0500000US26025,26025,"Calhoun County, Michigan",5226,702,2400,394,2826,717
0500000US26045,26045,"Eaton County, Michigan",3195,551,1211,340,1984,507
0500000US26049,26049,"Genesee County, Michigan",32667,1782,15013,1217,17654,1827
0500000US26065,26065,"Ingham County, Michigan",12778,978,4435,818,8343,1238
0500000US26073,26073,"Isabella County, Michigan",595,321,209,247,386,288
0500000US26075,26075,"Jackson County, Michigan",3391,684,1494,495,1897,763
0500000US26077,26077,"Kalamazoo County, Michigan",11014,1379,3842,821,7172,1407
0500000US26081,26081,"Kent County, Michigan",19656,1532,6506,1182,13150,1608
0500000US26099,26099,"Macomb County, Michigan",28310,1378,10346,1360,17964,1736
0500000US26115,26115,"Monroe County, Michigan",1025,244,297,150,728,256
0500000US26121,26121,"Muskegon County, Michigan",9061,1034,3977,757,5084,1012
0500000US26125,26125,"Oakland County, Michigan",66285,2319,28269,1960,38016,2647
0500000US26139,26139,"Ottawa County, Michigan",672,344,499,331,173,209
0500000US26145,26145,"Saginaw County, Michigan",12749,1002,6870,925,5879,1031
0500000US26147,26147,"St. Clair County, Michigan",1573,406,501,358,1072,327
0500000US26159,26159,"Van Buren County, Michigan",1288,232,836,256,452,247
0500000US26161,26161,"Washtenaw County, Michigan",14927,1188,6359,807,8568,1258
0500000US26163,26163,"Wayne County, Michigan",268160,5366,134766,4590,133394,4759
0500000US27003,27003,"Anoka County, Minnesota",3585,665,1911,526,1674,697
0500000US27037,27037,"Dakota County, Minnesota",5436,725,1593,658,3843,885
0500000US27053,27053,"Hennepin County, Minnesota",47933,2345,10837,1380,37096,2667
0500000US27109,27109,"Olmsted County, Minnesota",2148,529,413,388,1735,576
0500000US27123,27123,"Ramsey County, Minnesota",20044,1223,3676,680,16368,1449
0500000US27137,27137,"St. Louis County, Minnesota",650,382,243,245,407,376
0500000US27139,27139,"Scott County, Minnesota",896,118,605,250,291,267
0500000US27163,27163,"Washington County, Minnesota",1821,423,746,469,1075,617
0500000US28033,28033,"DeSoto County, Mississippi",10696,1091,6356,1029,4340,1037
0500000US28035,28035,"Forrest County, Mississippi",8705,1041,3131,876,5574,960
0500000US28047,28047,"Harrison County, Mississippi",14057,1351,7411,1054,6646,1137
0500000US28049,28049,"Hinds County, Mississippi",57193,2020,30790,2301,26403,2080
0500000US28059,28059,"Jackson County, Mississippi",9298,913,5245,891,4053,836
0500000US28067,28067,"Jones County, Mississippi",6635,996,4197,900,2438,737
0500000US28075,28075,"Lauderdale County, Mississippi",10603,1323,5648,964,4955,1101
0500000US28081,28081,"Lee County, Mississippi",7785,903,3562,721,4223,1009
0500000US28089,28089,"Madison County, Mississippi",13466,747,8404,995,5062,1158
0500000US28121,28121,"Rankin County, Mississippi",9991,896,5692,986,4299,1052
0500000US29019,29019,"Boone County, Missouri",5073,677,1283,543,3790,635
0500000US29021,29021,"Buchanan County, Missouri",1600,670,224,253,1376,631
0500000US29031,29031,"Cape Girardeau County, Missouri",1725,472,420,225,1305,474
0500000US29037,29037,"Cass County, Missouri",1478,287,682,458,796,391
0500000US29047,29047,"Clay County, Missouri",4736,551,1863,529,2873,650
0500000US29071,29071,"Franklin County, Missouri",407,126,143,91,264,162
0500000US29077,29077,"Greene County, Missouri",2669,771,603,377,2066,716
0500000US29095,29095,"Jackson County, Missouri",61472,2374,25096,2012,36376,2169
0500000US29097,29097,"Jasper County, Missouri",905,422,472,366,433,386
0500000US29165,29165,"Platte County, Missouri",1935,449,446,323,1489,451
0500000US29183,29183,"St. Charles County, Missouri",5290,792,3347,875,1943,884
0500000US29189,29189,"St. Louis County, Missouri",86741,3315,44337,2625,42404,2891
0500000US29510,29510,"St. Louis city, Missouri",64621,2086,22279,1669,42342,2269
0500000US31055,31055,"Douglas County, Nebraska",21829,1417,7236,1066,14593,1666
0500000US31109,31109,"Lancaster County, Nebraska",2657,662,441,212,2216,694
0500000US31153,31153,"Sarpy County, Nebraska",2124,432,1406,383,718,341
0500000US32003,32003,"Clark County, Nevada",74914,2624,23521,2160,51393,2766
0500000US32031,32031,"Washoe County, Nevada",4106,797,1074,508,3032,797
0500000US33011,33011,"Hillsborough County, New Hampshire",2482,412,752,387,1730,439
0500000US33015,33015,"Rockingham County, New Hampshire",691,261,387,248,304,244
0500000US34001,34001,"Atlantic County, New Jersey",15451,1389,7623,1312,7828,1541
0500000US34003,34003,"Bergen County, New Jersey",17563,1394,8229,1240,9334,1615
0500000US34005,34005,"Burlington County, New Jersey",26170,1440,17039,1479,9131,1330
0500000US34007,34007,"Camden County, New Jersey",36209,1574,18320,1808,17889,1948
0500000US34009,34009,"Cape May County, New Jersey",1805,711,1037,661,768,511
0500000US34011,34011,"Cumberland County, New Jersey",8375,905,4357,719,4018,892
0500000US34013,34013,"Essex County, New Jersey",115291,3203,35086,2332,80205,3474
0500000US34015,34015,"Gloucester County, New Jersey",10534,891,5670,717,4864,1051
0500000US34017,34017,"Hudson County, New Jersey",31679,1955,9211,1570,22468,2108
0500000US34021,34021,"Mercer County, New Jersey",26795,1412,11969,1314,14826,1831
0500000US34023,34023,"Middlesex County, New Jersey",24953,1658,11147,1276,13806,1714
0500000US34025,34025,"Monmouth County, New Jersey",14729,1458,6075,936,8654,1346
0500000US34027,34027,"Morris County, New Jersey",5426,933,2353,752,3073,833
0500000US34029,34029,"Ocean County, New Jersey",6424,929,2735,677,3689,925
0500000US34031,34031,"Passaic County, New Jersey",21300,1561,5822,1198,15478,1565
0500000US34033,34033,"Salem County, New Jersey",3807,565,1247,384,2560,634
0500000US34035,34035,"Somerset County, New Jersey",8177,1016,4687,834,3490,861
0500000US34037,34037,"Sussex County, New Jersey",792,253,530,240,262,301
0500000US34039,34039,"Union County, New Jersey",38759,1684,18347,1490,20412,2035
0500000US34041,34041,"Warren County, New Jersey",1228,290,699,243,529,350
0500000US35001,35001,"Bernalillo County, New Mexico",8118,804,3500,818,4618,1027
0500000US35013,35013,"Doña Ana County, New Mexico",1585,535,814,511,771,643
0500000US35043,35043,"Sandoval County, New Mexico",857,215,593,199,264,209
0500000US35049,35049,"Santa Fe County, New Mexico",290,200,182,160,108,117
0500000US36001,36001,"Albany County, New York",13892,1302,3126,935,10766,1289
0500000US36005,36005,"Bronx County, New York",168636,4214,30438,2528,138198,4244
0500000US36007,36007,"Broome County, New York",2871,589,639,288,2232,619
0500000US36013,36013,"Chautauqua County, New York",783,330,312,296,471,253
0500000US36015,36015,"Chemung County, New York",1794,502,711,352,1083,472
0500000US36027,36027,"Dutchess County, New York",9960,1279,4400,806,5560,1260
0500000US36029,36029,"Erie County, New York",51235,1892,18207,1999,33028,2230
0500000US36045,36045,"Jefferson County, New York",1977,663,327,268,1650,658
0500000US36047,36047,"Kings County, New York",309158,4948,83198,3613,225960,5520
0500000US36055,36055,"Monroe County, New York",40978,2034,14864,1709,26114,2041
0500000US36059,36059,"Nassau County, New York",41237,1805,27353,1577,13884,2063
0500000US36061,36061,"New York County, New York",105489,4068,10468,1611,95021,4206
0500000US36063,36063,"Niagara County, New York",6105,757,1433,575,4672,817
0500000US36065,36065,"Oneida County, New York",3184,645,399,241,2785,604
0500000US36067,36067,"Onondaga County, New York",16926,1318,4818,1087,12108,1655
0500000US36069,36069,"Ontario County, New York",1209,391,326,184,883,502
0500000US36071,36071,"Orange County, New York",13399,1397,6828,1123,6571,1199
0500000US36081,36081,"Queens County, New York",137487,3680,63211,3041,74276,3759
0500000US36083,36083,"Rensselaer County, New York",3234,643,375,234,2859,611
0500000US36085,36085,"Richmond County, New York",16938,1250,6423,1163,10515,1427
0500000US36087,36087,"Rockland County, New York",11759,1084,6301,920,5458,1174
0500000US36091,36091,"Saratoga County, New York",1139,364,339,275,800,416
0500000US36093,36093,"Schenectady County, New York",4821,743,1461,518,3360,859
0500000US36101,36101,"Steuben County, New York",622,245,179,160,443,258
0500000US36103,36103,"Suffolk County, New York",31383,1946,18354,1702,13029,1869
0500000US36105,36105,"Sullivan County, New York",2570,787,792,586,1778,608
0500000US36109,36109,"Tompkins County, New York",2131,554,550,387,1581,737
0500000US36111,36111,"Ulster County, New York",2055,851,722,296,1333,805
0500000US36119,36119,"Westchester County, New York",48662,2299,19883,2092,28779,2618
0500000US37001,37001,"Alamance County, North Carolina",12813,910,5456,882,7357,1057
0500000US37019,37019,"Brunswick County, North Carolina",5057,601,2780,594,2277,659
0500000US37021,37021,"Buncombe County, North Carolina",6264,944,1812,665,4452,866
0500000US37023,37023,"Burke County, North Carolina",2493,673,1383,550,1110,539
0500000US37025,37025,"Cabarrus County, North Carolina",8649,1066,5166,936,3483,1030
0500000US37027,37027,"Caldwell County, North Carolina",1269,438,1011,426,258,200
0500000US37031,37031,"Carteret County, North Carolina",1800,541,456,293,1344,580
0500000US37035,37035,"Catawba County, North Carolina",5650,912,2638,850,3012,919
0500000US37045,37045,"Cleveland County, North Carolina",7448,720,3474,712,3974,740
0500000US37049,37049,"Craven County, North Carolina",8182,784,4226,790,3956,905
0500000US37051,37051,"Cumberland County, North Carolina",42224,2096,22022,1882,20202,2022
0500000US37057,37057,"Davidson County, North Carolina",6016,920,2316,927,3700,912
0500000US37063,37063,"Durham County, North Carolina",40535,1871,17767,1994,22768,2115
0500000US37067,37067,"Forsyth County, North Carolina",35292,1835,16933,1814,18359,2109
0500000US37071,37071,"Gaston County, North Carolina",11586,966,5316,948,6270,1236
0500000US37081,37081,"Guilford County, North Carolina",61152,2674,23467,1911,37685,3037
0500000US37085,37085,"Harnett County, North Carolina",8796,743,4655,737,4141,761
0500000US37089,37089,"Henderson County, North Carolina",1122,371,549,432,573,396
0500000US37097,37097,"Iredell County, North Carolina",6647,970,3479,751,3168,710
0500000US37101,37101,"Johnston County, North Carolina",9178,902,5077,887,4101,947
0500000US37109,37109,"Lincoln County, North Carolina",1836,566,1201,485,635,428
0500000US37119,37119,"Mecklenburg County, North Carolina",112778,2968,50671,3012,62107,3250
0500000US37125,37125,"Moore County, North Carolina",5789,573,2498,520,3291,742
0500000US37127,37127,"Nash County, North Carolina",14451,1040,6465,1060,7986,1131
0500000US37129,37129,"New Hanover County, North Carolina",10833,1430,3988,984,6845,1265
0500000US37133,37133,"Onslow County, North Carolina",8910,933,3601,773,5309,990
0500000US37135,37135,"Orange County, North Carolina",6664,852,2667,608,3997,948
0500000US37147,37147,"Pitt County, North Carolina",19915,1605,7780,1280,12135,1403
0500000US37151,37151,"Randolph County, North Carolina",2588,474,1516,376,1072,403
0500000US37155,37155,"Robeson County, North Carolina",9590,1003,5029,770,4561,953
0500000US37157,37157,"Rockingham County, North Carolina",6902,833,3909,709,2993,905
0500000US37159,37159,"Rowan County, North Carolina",8874,986,4064,850,4810,1100
0500000US37161,37161,"Rutherford County, North Carolina",3359,636,1017,587,2342,857
0500000US37171,37171,"Surry County, North Carolina",987,279,570,279,417,268
0500000US37179,37179,"Union County, North Carolina",8384,968,4962,798,3422,992
0500000US37183,37183,"Wake County, North Carolina",67284,2611,31294,2313,35990,2722
0500000US37191,37191,"Wayne County, North Carolina",14510,985,6494,719,8016,1011
0500000US37193,37193,"Wilkes County, North Carolina",1015,298,683,353,332,315
0500000US37195,37195,"Wilson County, North Carolina",13149,736,5495,936,7654,1062
0500000US38017,38017,"Cass County, North Dakota",1225,286,226,207,999,291
0500000US39003,39003,"Allen County, Ohio",4784,768,1856,483,2928,749
0500000US39007,39007,"Ashtabula County, Ohio",1307,587,285,223,1022,611
0500000US39017,39017,"Butler County, Ohio",10155,1201,4705,860,5450,1300
0500000US39023,39023,"Clark County, Ohio",4607,629,1965,527,2642,571
0500000US39025,39025,"Clermont County, Ohio",793,368,321,247,472,450
0500000US39035,39035,"Cuyahoga County, Ohio",154499,3418,60632,2857,93867,3985
0500000US39041,39041,"Delaware County, Ohio",1970,451,1392,465,578,392
0500000US39043,39043,"Erie County, Ohio",2458,589,1625,537,833,489
0500000US39045,39045,"Fairfield County, Ohio",3010,691,1894,614,1116,560
0500000US39049,39049,"Franklin County, Ohio",97691,2710,31648,2410,66043,3334
0500000US39057,39057,"Greene County, Ohio",4103,831,1051,337,3052,884
0500000US39061,39061,"Hamilton County, Ohio",79046,2598,27950,2216,51096,3001
0500000US39081,39081,"Jefferson County, Ohio",1590,467,505,256,1085,550
0500000US39085,39085,"Lake County, Ohio",3204,385,1138,417,2066,487
0500000US39089,39089,"Licking County, Ohio",1854,389,1264,346,590,293
0500000US39093,39093,"Lorain County, Ohio",8885,913,3026,680,5859,892
0500000US39095,39095,"Lucas County, Ohio",32608,1672,12558,1361,20050,1929
0500000US39099,39099,"Mahoning County, Ohio",14699,968,7142,876,7557,864
0500000US39103,39103,"Medina County, Ohio",1618,655,388,478,1230,586
0500000US39109,39109,"Miami County, Ohio",1088,379,706,309,382,278
0500000US39113,39113,"Montgomery County, Ohio",46369,2189,20510,1563,25859,1903
0500000US39119,39119,"Muskingum County, Ohio",1514,259,831,387,683,458
0500000US39133,39133,"Portage County, Ohio",2323,623,974,540,1349,586
0500000US39139,39139,"Richland County, Ohio",3788,700,803,399,2985,657
0500000US39141,39141,"Ross County, Ohio",1066,266,529,235,537,262
0500000US39151,39151,"Stark County, Ohio",10522,860,4482,835,6040,1054
0500000US39153,39153,"Summit County, Ohio",29270,1911,11997,1306,17273,1762
0500000US39155,39155,"Trumbull County, Ohio",6571,833,2313,492,4258,805
0500000US39165,39165,"Warren County, Ohio",1651,440,966,363,685,313
0500000US39173,39173,"Wood County, Ohio",714,342,153,146,561,393
0500000US40027,40027,"Cleveland County, Oklahoma",3938,791,1495,546,2443,887
0500000US40031,40031,"Comanche County, Oklahoma",8204,1058,2983,694,5221,1240
0500000US40037,40037,"Creek County, Oklahoma",523,230,295,167,228,274
0500000US40101,40101,"Muskogee County, Oklahoma",3199,571,1803,425,1396,600
0500000US40109,40109,"Oklahoma County, Oklahoma",40903,1946,16555,1801,24348,2403
0500000US40125,40125,"Pottawatomie County, Oklahoma",927,288,363,328,564,332
0500000US40143,40143,"Tulsa County, Oklahoma",25219,1654,10160,1120,15059,1612
0500000US40145,40145,"Wagoner County, Oklahoma",948,214,574,242,374,314
0500000US41005,41005,"Clackamas County, Oregon",848,328,445,256,403,303
0500000US41039,41039,"Lane County, Oregon",796,254,558,224,238,152
0500000US41047,41047,"Marion County, Oregon",1122,452,93,118,1029,437
0500000US41051,41051,"Multnomah County, Oregon",16952,1617,5630,866,11322,1751
0500000US41067,41067,"Washington County, Oregon",3436,577,1389,645,2047,652
0500000US42001,42001,"Adams County, Pennsylvania",782,330,500,344,282,247
0500000US42003,42003,"Allegheny County, Pennsylvania",62288,2512,23843,1941,38445,2797
0500000US42007,42007,"Beaver County, Pennsylvania",3862,643,1325,376,2537,666
0500000US42011,42011,"Berks County, Pennsylvania",6159,1006,3084,614,3075,862
0500000US42017,42017,"Bucks County, Pennsylvania",6698,1083,2593,728,4105,930
0500000US42019,42019,"Butler County, Pennsylvania",572,221,353,292,219,141
0500000US42021,42021,"Cambria County, Pennsylvania",1747,590,320,209,1427,505
0500000US42027,42027,"Centre County, Pennsylvania",726,469,115,125,611,471
0500000US42029,42029,"Chester County, Pennsylvania",9787,1074,4985,865,4802,1016
0500000US42043,42043,"Dauphin County, Pennsylvania",17676,1433,7071,1270,10605,1553
0500000US42045,42045,"Delaware County, Pennsylvania",38722,1669,19174,1565,19548,1761
0500000US42049,42049,"Erie County, Pennsylvania",6699,881,1906,756,4793,992
0500000US42051,42051,"Fayette County, Pennsylvania",1960,374,641,310,1319,518
0500000US42055,42055,"Franklin County, Pennsylvania",1312,292,737,282,575,304
0500000US42063,42063,"Indiana County, Pennsylvania",856,707,120,68,736,705
0500000US42069,42069,"Lackawanna County, Pennsylvania",1795,482,504,285,1291,549
0500000US42071,42071,"Lancaster County, Pennsylvania",6816,1060,2453,856,4363,1132
0500000US42073,42073,"Lawrence County, Pennsylvania",1072,183,322,232,750,240
0500000US42075,42075,"Lebanon County, Pennsylvania",637,340,319,294,318,330
0500000US42077,42077,"Lehigh County, Pennsylvania",7123,1346,3131,895,3992,1252
0500000US42079,42079,"Luzerne County, Pennsylvania",3338,899,724,505,2614,798
0500000US42081,42081,"Lycoming County, Pennsylvania",1376,729,317,208,1059,743
0500000US42085,42085,"Mercer County, Pennsylvania",1937,437,823,391,1114,409
0500000US42089,42089,"Monroe County, Pennsylvania",6880,869,6049,984,831,592
0500000US42091,42091,"Montgomery County, Pennsylvania",23890,1382,12695,1331,11195,1427
0500000US42095,42095,"Northampton County, Pennsylvania",4557,767,1931,631,2626,883
0500000US42101,42101,"Philadelphia County, Pennsylvania",246181,5414,124115,5246,122066,5172
0500000US42125,42125,"Washington County, Pennsylvania",2835,681,1086,398,1749,709
0500000US42129,42129,"Westmoreland County, Pennsylvania",2616,584,793,320,1823,641
0500000US42133,42133,"York County, Pennsylvania",7505,850,4287,768,3218,804
0500000US44003,44003,"Kent County, Rhode Island",1084,414,541,269,543,392
0500000US44005,44005,"Newport County, Rhode Island",1303,583,234,299,1069,588
0500000US44007,44007,"Providence County, Rhode Island",19113,1693,5967,1179,13146,1796
0500000US44009,44009,"Washington County, Rhode Island",524,222,114,122,410,232
0500000US45003,45003,"Aiken County, South Carolina",14470,1242,7450,985,7020,1394
0500000US45007,45007,"Anderson County, South Carolina",12230,1077,6634,1158,5596,1297
0500000US45013,45013,"Beaufort County, South Carolina",10590,1337,5809,893,4781,1408
0500000US45015,45015,"Berkeley County, South Carolina",13686,1450,8790,1341,4896,1131
0500000US45019,45019,"Charleston County, South Carolina",39065,2232,18728,1508,20337,1944
0500000US45031,45031,"Darlington County, South Carolina",9863,998,5663,797,4200,1084
0500000US45035,45035,"Dorchester County, South Carolina",12246,1147,7372,955,4874,1182
0500000US45041,45041,"Florence County, South Carolina",21100,1432,8575,1229,12525,1366
0500000US45045,45045,"Greenville County, South Carolina",30256,1446,13804,1393,16452,1849
0500000US45047,45047,"Greenwood County, South Carolina",8012,1008,3572,832,4440,1123
0500000US45051,45051,"Horry County, South Carolina",12220,1253,6692,1263,5528,1367
0500000US45057,45057,"Lancaster County, South Carolina",6844,752,3229,733,3615,732
0500000US45059,45059,"Laurens County, South Carolina",6433,962,3650,805,2783,899
0500000US45063,45063,"Lexington County, South Carolina",13918,1238,5928,1205,7990,1342
0500000US45073,45073,"Oconee County, South Carolina",2057,467,861,397,1196,507
0500000US45075,45075,"Orangeburg County, South Carolina",19890,1525,11066,1212,8824,1715
0500000US45077,45077,"Pickens County, South Carolina",3115,725,1373,523,1742,605
0500000US45079,45079,"Richland County, South Carolina",61285,2378,31306,2418,29979,2753
0500000US45083,45083,"Spartanburg County, South Carolina",21107,1527,10269,1353,10838,1510
0500000US45085,45085,"Sumter County, South Carolina",17875,1282,9171,1050,8704,1450
0500000US45091,45091,"York County, South Carolina",14587,1098,7630,1100,6957,1105
0500000US46099,46099,"Minnehaha County, South Dakota",2360,521,202,202,2158,511
0500000US46103,46103,"Pennington County, South Dakota",604,290,353,201,251,280
0500000US47001,47001,"Anderson County, Tennessee",1028,379,667,281,361,325
0500000US47009,47009,"Blount County, Tennessee",1589,773,729,317,860,726
0500000US47011,47011,"Bradley County, Tennessee",1511,477,801,423,710,376
0500000US47037,47037,"Davidson County, Tennessee",63904,2457,25604,1907,38300,2519
0500000US47065,47065,"Hamilton County, Tennessee",26575,1460,10932,1340,15643,1491
0500000US47093,47093,"Knox County, Tennessee",16932,1592,6003,992,10929,1649
0500000US47113,47113,"Madison County, Tennessee",11411,1060,4392,853,7019,1078
0500000US47119,47119,"Maury County, Tennessee",4176,621,2176,541,2000,597
0500000US47125,47125,"Montgomery County, Tennessee",12971,970,6995,1107,5976,1164
0500000US47147,47147,"Robertson County, Tennessee",1675,383,1028,245,647,297
0500000US47149,47149,"Rutherford County, Tennessee",11490,1215,6417,1161,5073,1194
0500000US47157,47157,"Shelby County, Tennessee",167241,4313,81365,3200,85876,3652
0500000US47163,47163,"Sullivan County, Tennessee",1333,495,600,380,733,415
0500000US47165,47165,"Sumner County, Tennessee",3081,722,1100,513,1981,584
0500000US47179,47179,"Washington County, Tennessee",1841,606,466,308,1375,553
0500000US47187,47187,"Williamson County, Tennessee",2512,367,1615,433,897,395
0500000US47189,47189,"Wilson County, Tennessee",2586,465,1816,395,770,409
0500000US48005,48005,"Angelina County, Texas",4285,782,1815,638,2470,872
0500000US48021,48021,"Bastrop County, Texas",2421,678,1547,642,874,487
0500000US48027,48027,"Bell County, Texas",21764,1411,9105,1116,12659,1495
0500000US48029,48029,"Bexar County, Texas",47795,2374,21638,1813,26157,2979
0500000US48037,48037,"Bowie County, Texas",8441,1008,4483,774,3958,976
0500000US48039,48039,"Brazoria County, Texas",13129,1265,8094,1329,5035,1117
0500000US48041,48041,"Brazos County, Texas",6823,952,2096,771,4727,1039
0500000US48085,48085,"Collin County, Texas",23652,1657,10619,1603,13033,1966
0500000US48091,48091,"Comal County, Texas",640,315,424,277,216,241
0500000US48099,48099,"Coryell County, Texas",2527,1106,1082,559,1445,915
0500000US48113,48113,"Dallas County, Texas",197440,3956,78880,3352,118560,4408
0500000US48121,48121,"Denton County, Texas",20527,1410,8381,1202,12146,1962
0500000US48135,48135,"Ector County, Texas",2185,489,955,317,1230,501
0500000US48139,48139,"Ellis County, Texas",4168,832,2116,692,2052,664
0500000US48141,48141,"El Paso County, Texas",7614,1042,3302,593,4312,889
0500000US48157,48157,"Fort Bend County, Texas",42240,1552,30209,1987,12031,1758
0500000US48167,48167,"Galveston County, Texas",16239,1238,7101,1090,9138,1465
0500000US48181,48181,"Grayson County, Texas",2177,433,927,356,1250,496
0500000US48183,48183,"Gregg County, Texas",9140,1040,4223,819,4917,1066
0500000US48187,48187,"Guadalupe County, Texas",3318,612,2355,529,963,496
0500000US48201,48201,"Harris County, Texas",283163,4895,118267,4299,164896,5960
0500000US48203,48203,"Harrison County, Texas",5277,644,3041,416,2236,613
0500000US48209,48209,"Hays County, Texas",774,439,585,360,189,187
0500000US48213,48213,"Henderson County, Texas",2146,307,1166,473,980,552
0500000US48215,48215,"Hidalgo County, Texas",979,336,250,223,729,329
0500000US48231,48231,"Hunt County, Texas",3142,582,1077,395,2065,665
0500000US48245,48245,"Jefferson County, Texas",28777,1827,13259,1494,15518,1704
0500000US48251,48251,"Johnson County, Texas",616,441,473,352,143,179
0500000US48257,48257,"Kaufman County, Texas",3471,484,1774,487,1697,637
0500000US48291,48291,"Liberty County, Texas",2209,502,2077,498,132,151
0500000US48303,48303,"Lubbock County, Texas",6975,788,2618,631,4357,767
0500000US48309,48309,"McLennan County, Texas",13345,1263,5058,1043,8287,1117
0500000US48329,48329,"Midland County, Texas",2222,645,1253,412,969,533
0500000US48339,48339,"Montgomery County, Texas",4159,780,2346,557,1813,687
0500000US48355,48355,"Nueces County, Texas",4739,813,2002,411,2737,781
0500000US48361,48361,"Orange County, Texas",2781,493,1452,491,1329,648
0500000US48375,48375,"Potter County, Texas",4259,844,1387,546,2872,907
0500000US48381,48381,"Randall County, Texas",503,237,291,152,212,205
0500000US48397,48397,"Rockwall County, Texas",1176,358,1075,350,101,154
0500000US48423,48423,"Smith County, Texas",14710,1257,7998,937,6712,1227
0500000US48439,48439,"Tarrant County, Texas",102160,3652,40425,2537,61735,4281
0500000US48441,48441,"Taylor County, Texas",3204,702,1059,484,2145,615
0500000US48451,48451,"Tom Green County, Texas",1079,389,531,250,548,343
0500000US48453,48453,"Travis County, Texas",32826,1710,12492,1378,20334,2030
0500000US48469,48469,"Victoria County, Texas",1687,440,1026,365,661,391
0500000US48471,48471,"Walker County, Texas",3648,1256,1805,891,1843,828
0500000US48485,48485,"Wichita County, Texas",4070,767,1508,472,2562,737
0500000US48491,48491,"Williamson County, Texas",8684,996,3709,913,4975,1172
0500000US49011,49011,"Davis County, Utah",865,319,543,227,322,274
0500000US49035,49035,"Salt Lake County, Utah",3668,740,1035,422,2633,750
0500000US49057,49057,"Weber County, Utah",1074,269,379,220,695,249
0500000US50007,50007,"Chittenden County, Vermont",755,233,280,194,475,163
0500000US51003,51003,"Albemarle County, Virginia",3540,988,1152,457,2388,901
0500000US51013,51013,"Arlington County, Virginia",8092,899,1595,545,6497,1004
0500000US51015,51015,"Augusta County, Virginia",646,318,376,191,270,236
0500000US51019,51019,"Bedford County, Virginia",1866,427,1020,386,846,448
0500000US51041,51041,"Chesterfield County, Virginia",23634,1398,15485,1565,8149,1403
0500000US51059,51059,"Fairfax County, Virginia",36439,1748,15065,1500,21374,1986
0500000US51061,51061,"Fauquier County, Virginia",2206,422,1426,478,780,383
0500000US51069,51069,"Frederick County, Virginia",878,241,481,265,397,308
0500000US51085,51085,"Hanover County, Virginia",3301,386,2462,429,839,447
0500000US51087,51087,"Henrico County, Virginia",35140,1796,19295,1570,15845,1958
0500000US51095,51095,"James City County, Virginia",2881,759,1593,692,1288,581
0500000US51107,51107,"Loudoun County, Virginia",7779,729,4178,862,3601,894
0500000US51121,51121,"Montgomery County, Virginia",1376,389,512,279,864,474
0500000US51153,51153,"Prince William County, Virginia",27493,1721,16366,1857,11127,1563
0500000US51161,51161,"Roanoke County, Virginia",2224,493,1182,517,1042,575
0500000US51177,51177,"Spotsylvania County, Virginia",5942,832,3581,818,2361,782
0500000US51179,51179,"Stafford County, Virginia",7119,761,4788,887,2331,729
0500000US51199,51199,"York County, Virginia",2945,474,2177,549,768,590
0500000US51510,51510,"Alexandria city, Virginia",11778,1628,2049,839,9729,1323
0500000US51550,51550,"Chesapeake city, Virginia",22750,1285,15240,1311,7510,1416
0500000US51650,51650,"Hampton city, Virginia",24967,1788,13349,1337,11618,1641
0500000US51680,51680,"Lynchburg city, Virginia",7716,1011,3067,776,4649,928
0500000US51700,51700,"Newport News city, Virginia",28680,1462,10004,1081,18676,1732
0500000US51710,51710,"Norfolk city, Virginia",33000,1889,9957,1221,23043,1976
0500000US51740,51740,"Portsmouth city, Virginia",19121,1192,7742,918,11379,1311
0500000US51760,51760,"Richmond city, Virginia",38746,2012,13994,1645,24752,2301
0500000US51770,51770,"Roanoke city, Virginia",11210,1207,4769,1012,6441,1230
0500000US51800,51800,"Suffolk city, Virginia",13123,865,8081,986,5042,1086
0500000US51810,51810,"Virginia Beach city, Virginia",29381,1756,13684,1683,15697,1695
0500000US53005,53005,"Benton County, Washington",813,279,273,257,540,307
0500000US53011,53011,"Clark County, Washington",3079,532,948,357,2131,613
0500000US53033,53033,"King County, Washington",46083,2883,14243,1876,31840,2461
0500000US53035,53035,"Kitsap County, Washington",2972,931,770,465,2202,806
0500000US53053,53053,"Pierce County, Washington",21606,1348,8106,1079,13500,1406
0500000US53061,53061,"Snohomish County, Washington",5380,867,2151,597,3229,825
0500000US53063,53063,"Spokane County, Washington",2343,799,533,446,1810,1026
0500000US53067,53067,"Thurston County, Washington",2663,532,811,457,1852,650
0500000US54003,54003,"Berkeley County, West Virginia",3152,602,1636,560,1516,745
0500000US54011,54011,"Cabell County, West Virginia",2215,677,431,305,1784,593
0500000US54039,54039,"Kanawha County, West Virginia",3017,579,1139,361,1878,541
0500000US54061,54061,"Monongalia County, West Virginia",800,324,129,158,671,335
0500000US54081,54081,"Raleigh County, West Virginia",2631,900,1291,537,1340,735
0500000US55025,55025,"Dane County, Wisconsin",8956,1235,2254,724,6702,1194
0500000US55059,55059,"Kenosha County, Wisconsin",3740,592,1278,547,2462,745
0500000US55063,55063,"La Crosse County, Wisconsin",1069,524,394,378,675,388
0500000US55079,55079,"Milwaukee County, Wisconsin",91846,2599,30400,2097,61446,3242
0500000US55101,55101,"Racine County, Wisconsin",7416,849,1755,523,5661,923
0500000US55105,55105,"Rock County, Wisconsin",1763,497,619,335,1144,449
0500000US55127,55127,"Walworth County, Wisconsin",541,246,115,114,426,277
0500000US55133,55133,"Waukesha County, Wisconsin",1183,322,577,244,606,382
0500000US56021,56021,"Laramie County, Wyoming",909,511,269,255,640,499
