GEO.id,GEO.id2,GEO.display-label,HD01_VD01,HD02_VD01,HD01_VD02,HD02_VD02,HD01_VD03,HD02_VD03
Id,Id2,Geography,Estimate; Total:,Margin of Error; Total:,Estimate; Total: - Owner occupied,Margin of Error; Total: - Owner occupied,Estimate; Total: - Renter occupied,Margin of Error; Total: - Renter occupied
0500000US01003,01003,"Baldwin County, Alabama",1772,466,909,523,863,397
0500000US01015,01015,"Calhoun County, Alabama",736,357,272,279,464,178
0500000US01043,01043,"Cullman County, Alabama",777,338,292,223,485,311
0500000US01049,01049,"DeKalb County, Alabama",1664,376,1407,370,257,272
0500000US01055,01055,"Etowah County, Alabama",440,133,268,211,172,184
0500000US01069,01069,"Houston County, Alabama",824,209,340,188,484,244
0500000US01073,01073,"Jefferson County, Alabama",6421,988,666,428,5755,969
0500000US01081,01081,"Lee County, Alabama",1366,329,340,276,1026,291
0500000US01083,01083,"Limestone County, Alabama",1111,294,598,392,513,216
0500000US01089,01089,"Madison County, Alabama",3276,461,1246,462,2030,437
0500000US01095,01095,"Marshall County, Alabama",1958,625,684,417,1274,421
0500000US01097,01097,"Mobile County, Alabama",2086,609,803,506,1283,404
0500000US01101,01101,"Montgomery County, Alabama",2433,687,855,599,1578,613
0500000US01103,01103,"Morgan County, Alabama",1527,600,473,333,1054,613
0500000US01115,01115,"St. Clair County, Alabama",466,232,216,287,250,151
0500000US01117,01117,"Shelby County, Alabama",2316,591,1343,589,973,449
0500000US01121,01121,"Talladega County, Alabama",408,312,130,129,278,267
0500000US01125,01125,"Tuscaloosa County, Alabama",1022,388,195,199,827,326
0500000US02020,02020,"Anchorage Municipality, Alaska",5895,730,3341,735,2554,636
0500000US02090,02090,"Fairbanks North Star Borough, Alaska",1262,378,388,225,874,367
0500000US02170,02170,"Matanuska-Susitna Borough, Alaska",731,353,515,268,216,224
0500000US04001,04001,"Apache County, Arizona",839,251,818,257,21,31
0500000US04003,04003,"Cochise County, Arizona",11462,1276,7320,1111,4142,994
0500000US04005,04005,"Coconino County, Arizona",4171,758,2400,586,1771,669
0500000US04013,04013,"Maricopa County, Arizona",285586,5048,144177,5493,141409,5587
0500000US04015,04015,"Mohave County, Arizona",7899,1007,4181,726,3718,797
0500000US04017,04017,"Navajo County, Arizona",2298,519,1764,517,534,392
0500000US04019,04019,"Pima County, Arizona",99214,3043,56868,2762,42346,3031
0500000US04021,04021,"Pinal County, Arizona",22007,2051,15590,1930,6417,1537
0500000US04025,04025,"Yavapai County, Arizona",7738,1255,3475,953,4263,1145
0500000US04027,04027,"Yuma County, Arizona",32668,1784,21522,1791,11146,1921
0500000US05007,05007,"Benton County, Arkansas",7667,876,5485,967,2182,838
0500000US05031,05031,"Craighead County, Arkansas",1006,342,392,284,614,319
0500000US05045,05045,"Faulkner County, Arkansas",1241,302,489,278,752,340
0500000US05051,05051,"Garland County, Arkansas",1223,337,342,364,881,301
0500000US05119,05119,"Pulaski County, Arkansas",6522,1541,2331,773,4191,1596
0500000US05125,05125,"Saline County, Arkansas",846,358,444,342,402,222
0500000US05131,05131,"Sebastian County, Arkansas",4365,575,2070,691,2295,622
0500000US05143,05143,"Washington County, Arkansas",7706,844,3660,726,4046,949
0500000US05145,05145,"White County, Arkansas",1460,314,598,484,862,689
0500000US06001,06001,"Alameda County, California",85511,2820,36929,2417,48582,3009
0500000US06007,06007,"Butte County, California",9262,975,4024,912,5238,1047
0500000US06013,06013,"Contra Costa County, California",63463,2793,32407,1901,31056,2886
0500000US06017,06017,"El Dorado County, California",6448,984,3218,978,3230,789
0500000US06019,06019,"Fresno County, California",116627,3007,50043,2565,66584,3238
0500000US06023,06023,"Humboldt County, California",3384,710,1404,598,1980,649
0500000US06025,06025,"Imperial County, California",35532,1580,19271,1496,16261,1701
0500000US06029,06029,"Kern County, California",94986,2816,48589,2416,46397,3043
0500000US06031,06031,"Kings County, California",17028,1441,6134,1095,10894,1552
0500000US06033,06033,"Lake County, California",2246,546,1236,425,1010,478
0500000US06037,06037,"Los Angeles County, California",1151493,8622,453247,9712,698246,10698
0500000US06039,06039,"Madera County, California",16291,1271,7886,1050,8405,1356
0500000US06041,06041,"Marin County, California",9921,1247,2346,785,7575,1244
0500000US06045,06045,"Mendocino County, California",4995,716,1862,691,3133,796
0500000US06047,06047,"Merced County, California",34268,1564,17087,1527,17181,1824
0500000US06053,06053,"Monterey County, California",51327,2009,19580,1748,31747,2086
0500000US06055,06055,"Napa County, California",10879,980,4997,933,5882,993
0500000US06057,06057,"Nevada County, California",2334,604,1046,507,1288,603
0500000US06059,06059,"Orange County, California",229889,4823,93681,3857,136208,4613
0500000US06061,06061,"Placer County, California",11765,1413,6622,1175,5143,1195
0500000US06065,06065,"Riverside County, California",221525,4579,133578,5040,87947,4465
0500000US06067,06067,"Sacramento County, California",83670,2581,37830,2602,45840,3284
0500000US06071,06071,"San Bernardino County, California",225059,5036,126155,4965,98904,5242
0500000US06073,06073,"San Diego County, California",245773,5075,96580,3420,149193,5250
0500000US06075,06075,"San Francisco County, California",35858,2401,10597,1187,25261,2343
0500000US06077,06077,"San Joaquin County, California",66658,2211,32022,2505,34636,2587
0500000US06079,06079,"San Luis Obispo County, California",14034,1219,5405,867,8629,1291
0500000US06081,06081,"San Mateo County, California",46743,2353,16621,1963,30122,2266
0500000US06083,06083,"Santa Barbara County, California",43997,1843,17842,1887,26155,2146
0500000US06085,06085,"Santa Clara County, California",120561,3401,47497,2711,73064,3899
0500000US06087,06087,"Santa Cruz County, California",18727,2045,7685,1360,11042,1752
0500000US06089,06089,"Shasta County, California",3505,708,2190,564,1315,710
0500000US06095,06095,"Solano County, California",22906,1771,10694,1473,12212,1582
0500000US06097,06097,"Sonoma County, California",29724,2102,11548,1750,18176,1827
0500000US06099,06099,"Stanislaus County, California",52307,2033,26208,2182,26099,2231
0500000US06101,06101,"Sutter County, California",6890,726,1897,648,4993,920
0500000US06107,06107,"Tulare County, California",62723,1853,30591,1949,32132,2269
0500000US06111,06111,"Ventura County, California",74604,2845,36039,2581,38565,3273
0500000US06113,06113,"Yolo County, California",15896,1180,6536,983,9360,1224
0500000US06115,06115,"Yuba County, California",4525,589,2459,626,2066,691
0500000US08001,08001,"Adams County, Colorado",43311,2078,21643,1811,21668,2034
0500000US08005,08005,"Arapahoe County, Colorado",29681,1648,12034,1498,17647,1628
0500000US08013,08013,"Boulder County, Colorado",10896,1029,5058,1006,5838,1183
0500000US08031,08031,"Denver County, Colorado",54457,2314,23256,2225,31201,2357
0500000US08035,08035,"Douglas County, Colorado",4993,740,3708,858,1285,493
0500000US08041,08041,"El Paso County, Colorado",27163,1461,12360,1449,14803,1810
0500000US08059,08059,"Jefferson County, Colorado",23772,1543,11489,1444,12283,1572
0500000US08069,08069,"Larimer County, Colorado",8202,1301,4210,890,3992,1182
0500000US08077,08077,"Mesa County, Colorado",5806,752,2840,785,2966,841
0500000US08101,08101,"Pueblo County, Colorado",23324,1333,12889,1379,10435,1357
0500000US08123,08123,"Weld County, Colorado",17945,1487,10644,1516,7301,1328
0500000US09001,09001,"Fairfield County, Connecticut",44639,2499,15290,1697,29349,2269
0500000US09003,09003,"Hartford County, Connecticut",41097,1887,12034,1528,29063,2361
0500000US09005,09005,"Litchfield County, Connecticut",2199,540,1311,506,888,360
0500000US09007,09007,"Middlesex County, Connecticut",2138,577,977,480,1161,523
0500000US09009,09009,"New Haven County, Connecticut",37449,2025,12456,1577,24993,2152
0500000US09011,09011,"New London County, Connecticut",6268,857,3012,756,3256,793
0500000US09013,09013,"Tolland County, Connecticut",1725,488,562,366,1163,551
0500000US09015,09015,"Windham County, Connecticut",2601,572,939,418,1662,542
0500000US10001,10001,"Kent County, Delaware",1939,547,1454,534,485,251
0500000US10003,10003,"New Castle County, Delaware",11695,902,5833,1065,5862,1052
0500000US10005,10005,"Sussex County, Delaware",3602,941,1911,684,1691,537
0500000US11001,11001,"District of Columbia, District of Columbia",17109,1534,5020,962,12089,1420
0500000US12001,12001,"Alachua County, Florida",6885,1213,2126,679,4759,1003
0500000US12005,12005,"Bay County, Florida",2166,706,553,366,1613,617
0500000US12009,12009,"Brevard County, Florida",12458,1368,7834,1228,4624,1041
0500000US12011,12011,"Broward County, Florida",135950,3967,83167,3673,52783,3482
0500000US12015,12015,"Charlotte County, Florida",2359,578,1383,553,976,424
0500000US12017,12017,"Citrus County, Florida",1548,332,1217,313,331,198
0500000US12019,12019,"Clay County, Florida",4014,894,2380,611,1634,924
0500000US12021,12021,"Collier County, Florida",15753,2041,8219,1187,7534,1450
0500000US12031,12031,"Duval County, Florida",19243,1447,9646,1191,9597,1375
0500000US12033,12033,"Escambia County, Florida",3469,696,1305,480,2164,614
0500000US12035,12035,"Flagler County, Florida",2744,621,1689,585,1055,545
0500000US12053,12053,"Hernando County, Florida",5090,948,3006,798,2084,728
0500000US12055,12055,"Highlands County, Florida",3719,1050,2198,741,1521,619
0500000US12057,12057,"Hillsborough County, Florida",95027,3609,48533,3136,46494,3435
0500000US12061,12061,"Indian River County, Florida",4081,748,1930,705,2151,645
0500000US12069,12069,"Lake County, Florida",10855,1167,6955,1337,3900,1211
0500000US12071,12071,"Lee County, Florida",27423,2170,12547,1717,14876,2107
0500000US12073,12073,"Leon County, Florida",4407,914,1437,594,2970,781
0500000US12081,12081,"Manatee County, Florida",11320,1468,6190,1112,5130,1251
0500000US12083,12083,"Marion County, Florida",10172,1245,6496,1029,3676,1006
0500000US12085,12085,"Martin County, Florida",4324,721,2173,704,2151,752
0500000US12086,12086,"Miami-Dade County, Florida",527616,6036,287773,6915,239843,6129
0500000US12087,12087,"Monroe County, Florida",4740,977,2295,609,2445,730
0500000US12091,12091,"Okaloosa County, Florida",3900,901,1763,638,2137,749
0500000US12095,12095,"Orange County, Florida",92608,3075,47000,3128,45608,3644
0500000US12097,12097,"Osceola County, Florida",34033,2471,18065,1894,15968,1973
0500000US12099,12099,"Palm Beach County, Florida",70583,3208,41118,2445,29465,2838
0500000US12101,12101,"Pasco County, Florida",14919,1401,10579,1213,4340,934
0500000US12103,12103,"Pinellas County, Florida",21597,1784,10334,1688,11263,1470
0500000US12105,12105,"Polk County, Florida",29472,1990,16960,1416,12512,2050
0500000US12107,12107,"Putnam County, Florida",1713,410,921,329,792,474
0500000US12109,12109,"St. Johns County, Florida",2905,771,1355,478,1550,776
0500000US12111,12111,"St. Lucie County, Florida",11862,1165,6159,935,5703,1158
0500000US12113,12113,"Santa Rosa County, Florida",1220,397,866,474,354,325
0500000US12115,12115,"Sarasota County, Florida",7384,1017,4023,1034,3361,889
0500000US12117,12117,"Seminole County, Florida",19333,1684,12070,1374,7263,1372
0500000US12119,12119,"Sumter County, Florida",938,325,710,315,228,188
0500000US12127,12127,"Volusia County, Florida",13601,1356,9458,1317,4143,1135
0500000US13015,13015,"Bartow County, Georgia",1657,529,721,411,936,584
0500000US13021,13021,"Bibb County, Georgia",997,379,493,342,504,438
0500000US13031,13031,"Bulloch County, Georgia",793,178,61,80,732,187
0500000US13045,13045,"Carroll County, Georgia",1592,441,397,309,1195,435
0500000US13051,13051,"Chatham County, Georgia",4752,967,2290,794,2462,789
0500000US13057,13057,"Cherokee County, Georgia",5764,726,3091,861,2673,869
0500000US13059,13059,"Clarke County, Georgia",2763,574,620,445,2143,683
0500000US13063,13063,"Clayton County, Georgia",7687,1132,3309,934,4378,1084
0500000US13067,13067,"Cobb County, Georgia",20374,1558,10077,1682,10297,1603
0500000US13073,13073,"Columbia County, Georgia",1187,406,447,332,740,400
0500000US13077,13077,"Coweta County, Georgia",2073,771,825,534,1248,512
0500000US13089,13089,"DeKalb County, Georgia",17355,1923,3667,1018,13688,1608
0500000US13095,13095,"Dougherty County, Georgia",861,440,536,480,325,234
0500000US13097,13097,"Douglas County, Georgia",1943,828,1283,584,660,524
0500000US13113,13113,"Fayette County, Georgia",1922,309,1465,315,457,256
0500000US13115,13115,"Floyd County, Georgia",2038,384,1127,430,911,489
0500000US13117,13117,"Forsyth County, Georgia",2666,663,1378,574,1288,654
0500000US13121,13121,"Fulton County, Georgia",18485,1512,4777,1084,13708,1541
0500000US13127,13127,"Glynn County, Georgia",882,496,252,318,630,383
0500000US13135,13135,"Gwinnett County, Georgia",38046,2022,17318,1984,20728,2196
0500000US13139,13139,"Hall County, Georgia",10541,1152,4774,1210,5767,1416
0500000US13151,13151,"Henry County, Georgia",2554,592,1499,520,1055,541
0500000US13153,13153,"Houston County, Georgia",1994,567,674,334,1320,512
0500000US13185,13185,"Lowndes County, Georgia",942,414,320,279,622,350
0500000US13215,13215,"Muscogee County, Georgia",3580,655,1906,575,1674,622
0500000US13217,13217,"Newton County, Georgia",1211,393,916,363,295,260
0500000US13245,13245,"Richmond County, Georgia",2801,546,1112,653,1689,798
0500000US13247,13247,"Rockdale County, Georgia",1624,531,953,593,671,347
0500000US13285,13285,"Troup County, Georgia",328,117,111,123,217,131
0500000US13313,13313,"Whitfield County, Georgia",7697,840,3958,906,3739,1130
0500000US15001,15001,"Hawaii County, Hawaii",5752,785,1943,643,3809,916
0500000US15003,15003,"Honolulu County, Hawaii",19875,1799,7344,1003,12531,1718
0500000US15007,15007,"Kauai County, Hawaii",2143,455,877,311,1266,518
0500000US15009,15009,"Maui County, Hawaii",4010,638,1616,534,2394,624
0500000US16001,16001,"Ada County, Idaho",7711,915,3809,747,3902,979
0500000US16005,16005,"Bannock County, Idaho",2370,496,966,632,1404,658
0500000US16019,16019,"Bonneville County, Idaho",3015,529,1561,468,1454,631
0500000US16027,16027,"Canyon County, Idaho",10294,986,5076,708,5218,1033
0500000US16055,16055,"Kootenai County, Idaho",1614,394,711,376,903,411
0500000US16083,16083,"Twin Falls County, Idaho",3086,827,1581,605,1505,731
0500000US17019,17019,"Champaign County, Illinois",3063,698,1295,551,1768,534
0500000US17031,17031,"Cook County, Illinois",317156,5785,157607,4912,159549,5890
0500000US17037,17037,"DeKalb County, Illinois",2854,652,1408,324,1446,729
0500000US17043,17043,"DuPage County, Illinois",31018,2001,17954,1694,13064,1865
0500000US17089,17089,"Kane County, Illinois",36662,1870,23136,2267,13526,2109
0500000US17091,17091,"Kankakee County, Illinois",2177,427,841,354,1336,440
0500000US17093,17093,"Kendall County, Illinois",4536,618,2920,722,1616,720
0500000US17097,17097,"Lake County, Illinois",30998,1626,18006,1460,12992,1690
0500000US17099,17099,"LaSalle County, Illinois",1862,603,1381,703,481,267
0500000US17111,17111,"McHenry County, Illinois",7553,715,4571,875,2982,709
0500000US17113,17113,"McLean County, Illinois",1785,569,833,309,952,427
0500000US17115,17115,"Macon County, Illinois",504,232,185,160,319,305
0500000US17119,17119,"Madison County, Illinois",1967,358,1354,405,613,339
0500000US17143,17143,"Peoria County, Illinois",2268,403,1137,416,1131,353
0500000US17161,17161,"Rock Island County, Illinois",3924,496,1688,534,2236,550
0500000US17163,17163,"St. Clair County, Illinois",2206,534,1101,404,1105,495
0500000US17167,17167,"Sangamon County, Illinois",1207,328,560,344,647,387
0500000US17179,17179,"Tazewell County, Illinois",439,216,306,171,133,143
0500000US17183,17183,"Vermilion County, Illinois",764,216,481,232,283,201
0500000US17197,17197,"Will County, Illinois",24638,1467,18296,1309,6342,1214
0500000US17201,17201,"Winnebago County, Illinois",7638,817,3877,754,3761,806
0500000US18003,18003,"Allen County, Indiana",6372,821,3660,815,2712,949
0500000US18019,18019,"Clark County, Indiana",1428,222,247,165,1181,242
0500000US18035,18035,"Delaware County, Indiana",378,159,212,177,166,134
0500000US18039,18039,"Elkhart County, Indiana",6437,982,3072,905,3365,966
0500000US18053,18053,"Grant County, Indiana",636,322,350,178,286,349
0500000US18057,18057,"Hamilton County, Indiana",2296,707,1790,654,506,352
0500000US18063,18063,"Hendricks County, Indiana",947,304,700,356,247,184
0500000US18067,18067,"Howard County, Indiana",627,224,273,126,354,242
0500000US18085,18085,"Kosciusko County, Indiana",1313,388,681,374,632,389
0500000US18089,18089,"Lake County, Indiana",22338,1406,15249,1352,7089,1075
0500000US18091,18091,"LaPorte County, Indiana",1542,478,1013,411,529,495
0500000US18095,18095,"Madison County, Indiana",997,265,447,201,550,357
0500000US18097,18097,"Marion County, Indiana",22301,1554,7847,1286,14454,1637
0500000US18105,18105,"Monroe County, Indiana",1003,287,211,205,792,254
0500000US18127,18127,"Porter County, Indiana",3891,653,2823,662,1068,467
0500000US18141,18141,"St. Joseph County, Indiana",4545,659,2974,615,1571,602
0500000US18157,18157,"Tippecanoe County, Indiana",3336,444,1262,368,2074,555
0500000US18163,18163,"Vanderburgh County, Indiana",1256,385,632,307,624,376
0500000US18167,18167,"Vigo County, Indiana",256,160,184,144,72,77
0500000US18177,18177,"Wayne County, Indiana",486,326,159,168,327,308
0500000US19013,19013,"Black Hawk County, Iowa",899,379,408,161,491,361
0500000US19049,19049,"Dallas County, Iowa",884,231,423,301,461,257
0500000US19103,19103,"Johnson County, Iowa",1808,612,1123,344,685,548
0500000US19113,19113,"Linn County, Iowa",1162,401,649,253,513,318
0500000US19153,19153,"Polk County, Iowa",7872,925,3436,770,4436,773
0500000US19155,19155,"Pottawattamie County, Iowa",1055,336,680,243,375,312
0500000US19163,19163,"Scott County, Iowa",2250,422,1396,415,854,422
0500000US19169,19169,"Story County, Iowa",842,315,216,219,626,338
0500000US19193,19193,"Woodbury County, Iowa",3201,825,1341,624,1860,552
0500000US20015,20015,"Butler County, Kansas",590,312,164,137,426,313
0500000US20045,20045,"Douglas County, Kansas",1705,601,675,469,1030,524
0500000US20091,20091,"Johnson County, Kansas",10481,994,4859,987,5622,991
0500000US20103,20103,"Leavenworth County, Kansas",502,243,209,140,293,209
0500000US20161,20161,"Riley County, Kansas",1663,443,464,448,1199,477
0500000US20173,20173,"Sedgwick County, Kansas",17022,1531,9054,1104,7968,1460
0500000US20177,20177,"Shawnee County, Kansas",5215,693,3103,786,2112,768
0500000US20209,20209,"Wyandotte County, Kansas",9879,1085,5366,1011,4513,905
0500000US21015,21015,"Boone County, Kentucky",1472,501,1048,472,424,604
0500000US21059,21059,"Daviess County, Kentucky",495,266,132,144,363,301
0500000US21067,21067,"Fayette County, Kentucky",5357,663,1448,612,3909,910
0500000US21093,21093,"Hardin County, Kentucky",935,372,317,244,618,286
0500000US21111,21111,"Jefferson County, Kentucky",9267,839,3142,746,6125,874
0500000US21117,21117,"Kenton County, Kentucky",703,342,316,300,387,268
0500000US21151,21151,"Madison County, Kentucky",625,276,309,276,316,253
0500000US21227,21227,"Warren County, Kentucky",1305,368,534,360,771,252
0500000US22005,22005,"Ascension Parish, Louisiana",1618,444,867,499,751,427
0500000US22015,22015,"Bossier Parish, Louisiana",1612,459,686,444,926,561
0500000US22017,22017,"Caddo Parish, Louisiana",1766,467,545,249,1221,514
0500000US22019,22019,"Calcasieu Parish, Louisiana",1439,367,896,373,543,283
0500000US22033,22033,"East Baton Rouge Parish, Louisiana",4912,636,2010,672,2902,805
0500000US22045,22045,"Iberia Parish, Louisiana",626,227,284,236,342,237
0500000US22051,22051,"Jefferson Parish, Louisiana",17415,1445,7670,1119,9745,1491
0500000US22055,22055,"Lafayette Parish, Louisiana",2254,769,267,223,1987,732
0500000US22063,22063,"Livingston Parish, Louisiana",704,241,408,220,296,189
0500000US22071,22071,"Orleans Parish, Louisiana",7073,958,2153,497,4920,883
0500000US22073,22073,"Ouachita Parish, Louisiana",909,334,319,255,590,310
0500000US22079,22079,"Rapides Parish, Louisiana",1473,369,1010,464,463,397
0500000US22103,22103,"St. Tammany Parish, Louisiana",3847,703,1920,433,1927,669
0500000US22105,22105,"Tangipahoa Parish, Louisiana",877,296,168,163,709,258
0500000US22109,22109,"Terrebonne Parish, Louisiana",1104,334,765,423,339,305
0500000US23001,23001,"Androscoggin County, Maine",377,147,108,131,269,202
0500000US23005,23005,"Cumberland County, Maine",1271,406,722,366,549,327
0500000US23019,23019,"Penobscot County, Maine",458,204,267,178,191,162
0500000US23031,23031,"York County, Maine",415,172,253,143,162,169
0500000US24003,24003,"Anne Arundel County, Maryland",7711,1211,3561,739,4150,1182
0500000US24005,24005,"Baltimore County, Maryland",8273,921,3202,702,5071,1041
0500000US24017,24017,"Charles County, Maryland",1379,487,946,334,433,413
0500000US24021,24021,"Frederick County, Maryland",4269,664,2270,625,1999,620
0500000US24025,24025,"Harford County, Maryland",2602,499,1657,568,945,660
0500000US24027,24027,"Howard County, Maryland",3510,817,2373,575,1137,528
0500000US24031,24031,"Montgomery County, Maryland",40915,2185,21951,1882,18964,2242
0500000US24033,24033,"Prince George's County, Maryland",28955,1597,15966,1571,12989,1446
0500000US24037,24037,"St. Mary's County, Maryland",922,306,468,329,454,289
0500000US24043,24043,"Washington County, Maryland",1010,327,574,284,436,290
0500000US24510,24510,"Baltimore city, Maryland",6862,1138,2433,706,4429,994
0500000US25001,25001,"Barnstable County, Massachusetts",1226,435,696,296,530,382
0500000US25003,25003,"Berkshire County, Massachusetts",1506,383,416,307,1090,364
0500000US25005,25005,"Bristol County, Massachusetts",10811,965,1987,680,8824,1001
0500000US25009,25009,"Essex County, Massachusetts",37320,1791,9483,1595,27837,2279
0500000US25011,25011,"Franklin County, Massachusetts",522,217,286,282,236,202
0500000US25013,25013,"Hampden County, Massachusetts",32862,1643,7477,1448,25385,1913
0500000US25015,25015,"Hampshire County, Massachusetts",1637,499,413,203,1224,500
0500000US25017,25017,"Middlesex County, Massachusetts",27124,1900,9261,1301,17863,1871
0500000US25021,25021,"Norfolk County, Massachusetts",5896,1027,2464,903,3432,1038
0500000US25023,25023,"Plymouth County, Massachusetts",4352,558,1944,528,2408,618
0500000US25025,25025,"Suffolk County, Massachusetts",41763,2116,6897,1336,34866,2396
0500000US25027,25027,"Worcester County, Massachusetts",22473,1451,5085,960,17388,1641
0500000US26005,26005,"Allegan County, Michigan",2193,551,1563,561,630,385
0500000US26017,26017,"Bay County, Michigan",1455,392,633,207,822,359
0500000US26021,26021,"Berrien County, Michigan",1811,422,505,233,1306,443
0500000US26025,26025,"Calhoun County, Michigan",1426,368,1011,321,415,293
0500000US26037,26037,"Clinton County, Michigan",800,335,391,232,409,279
0500000US26045,26045,"Eaton County, Michigan",1672,284,769,299,903,357
0500000US26049,26049,"Genesee County, Michigan",4285,848,2413,677,1872,802
0500000US26055,26055,"Grand Traverse County, Michigan",718,285,268,338,450,245
0500000US26065,26065,"Ingham County, Michigan",6261,741,3403,680,2858,701
0500000US26073,26073,"Isabella County, Michigan",571,164,123,81,448,168
0500000US26075,26075,"Jackson County, Michigan",1115,360,1065,352,50,83
0500000US26077,26077,"Kalamazoo County, Michigan",3200,515,1018,381,2182,635
0500000US26081,26081,"Kent County, Michigan",15665,1238,7627,1476,8038,1256
0500000US26087,26087,"Lapeer County, Michigan",1072,287,757,266,315,212
0500000US26091,26091,"Lenawee County, Michigan",2315,451,1462,394,853,462
0500000US26099,26099,"Macomb County, Michigan",5721,768,4002,610,1719,660
0500000US26111,26111,"Midland County, Michigan",476,206,68,81,408,188
0500000US26115,26115,"Monroe County, Michigan",1019,354,421,324,598,325
0500000US26121,26121,"Muskegon County, Michigan",1084,728,708,580,376,326
0500000US26125,26125,"Oakland County, Michigan",12426,1024,6732,989,5694,919
0500000US26139,26139,"Ottawa County, Michigan",5477,661,3579,519,1898,668
0500000US26145,26145,"Saginaw County, Michigan",3815,631,2523,620,1292,561
0500000US26147,26147,"St. Clair County, Michigan",1509,283,858,320,651,344
0500000US26159,26159,"Van Buren County, Michigan",1063,317,771,203,292,219
0500000US26161,26161,"Washtenaw County, Michigan",3937,837,1534,501,2403,715
0500000US26163,26163,"Wayne County, Michigan",25293,1513,14001,1707,11292,1652
0500000US27003,27003,"Anoka County, Minnesota",2686,624,1663,561,1023,556
0500000US27019,27019,"Carver County, Minnesota",614,254,423,267,191,174
0500000US27037,27037,"Dakota County, Minnesota",6925,845,2281,601,4644,855
0500000US27053,27053,"Hennepin County, Minnesota",19645,1487,7260,1478,12385,1576
0500000US27109,27109,"Olmsted County, Minnesota",1918,402,823,511,1095,424
0500000US27123,27123,"Ramsey County, Minnesota",9615,943,3566,953,6049,1058
0500000US27137,27137,"St. Louis County, Minnesota",598,300,169,150,429,311
0500000US27139,27139,"Scott County, Minnesota",1013,345,398,234,615,418
0500000US27145,27145,"Stearns County, Minnesota",976,252,361,177,615,230
0500000US27163,27163,"Washington County, Minnesota",1854,389,1291,412,563,308
0500000US28033,28033,"DeSoto County, Mississippi",1189,602,894,530,295,365
0500000US28035,28035,"Forrest County, Mississippi",745,329,176,185,569,311
0500000US28047,28047,"Harrison County, Mississippi",2543,536,518,256,2025,606
0500000US28049,28049,"Hinds County, Mississippi",1814,680,788,736,1026,491
0500000US28059,28059,"Jackson County, Mississippi",1393,551,649,391,744,570
0500000US28081,28081,"Lee County, Mississippi",566,91,86,121,480,126
0500000US28121,28121,"Rankin County, Mississippi",1030,186,412,224,618,265
0500000US29019,29019,"Boone County, Missouri",1482,472,454,364,1028,533
0500000US29021,29021,"Buchanan County, Missouri",1362,450,352,301,1010,507
0500000US29031,29031,"Cape Girardeau County, Missouri",348,118,140,145,208,153
0500000US29037,29037,"Cass County, Missouri",913,483,649,585,264,178
0500000US29043,29043,"Christian County, Missouri",356,138,107,132,249,168
0500000US29047,29047,"Clay County, Missouri",3415,601,1581,573,1834,534
0500000US29051,29051,"Cole County, Missouri",586,173,256,222,330,262
0500000US29077,29077,"Greene County, Missouri",2956,429,1236,393,1720,512
0500000US29095,29095,"Jackson County, Missouri",15030,1309,7230,1271,7800,1086
0500000US29097,29097,"Jasper County, Missouri",2178,557,728,500,1450,562
0500000US29099,29099,"Jefferson County, Missouri",846,279,492,276,354,222
0500000US29165,29165,"Platte County, Missouri",1513,397,492,298,1021,379
0500000US29183,29183,"St. Charles County, Missouri",2273,502,1639,514,634,450
0500000US29189,29189,"St. Louis County, Missouri",8867,808,4945,819,3922,830
0500000US29510,29510,"St. Louis city, Missouri",3198,544,1219,365,1979,511
0500000US30013,30013,"Cascade County, Montana",839,197,271,231,568,248
0500000US30031,30031,"Gallatin County, Montana",809,458,533,373,276,252
0500000US30063,30063,"Missoula County, Montana",791,322,459,297,332,304
0500000US30111,30111,"Yellowstone County, Montana",1526,641,618,369,908,524
0500000US31055,31055,"Douglas County, Nebraska",14090,1356,6158,1022,7932,1290
0500000US31109,31109,"Lancaster County, Nebraska",4845,751,1530,523,3315,816
0500000US31153,31153,"Sarpy County, Nebraska",3210,560,2294,485,916,575
0500000US32003,32003,"Clark County, Nevada",145745,3538,62156,3739,83589,3889
0500000US32031,32031,"Washoe County, Nevada",24094,1766,8441,1231,15653,1880
0500000US33011,33011,"Hillsborough County, New Hampshire",5857,990,1437,683,4420,1024
0500000US33013,33013,"Merrimack County, New Hampshire",711,230,535,207,176,138
0500000US33015,33015,"Rockingham County, New Hampshire",1385,564,846,368,539,431
0500000US33017,33017,"Strafford County, New Hampshire",714,329,538,342,176,223
0500000US34001,34001,"Atlantic County, New Jersey",12251,1460,6690,1342,5561,1350
0500000US34003,34003,"Bergen County, New Jersey",44193,2311,19538,1736,24655,2485
0500000US34005,34005,"Burlington County, New Jersey",6982,707,4859,682,2123,583
0500000US34007,34007,"Camden County, New Jersey",20295,1498,8686,1270,11609,1391
0500000US34009,34009,"Cape May County, New Jersey",1591,517,416,293,1175,454
0500000US34011,34011,"Cumberland County, New Jersey",8984,1114,3101,724,5883,1153
0500000US34013,34013,"Essex County, New Jersey",46775,2444,12920,1516,33855,2905
0500000US34015,34015,"Gloucester County, New Jersey",3198,680,1693,667,1505,517
0500000US34017,34017,"Hudson County, New Jersey",88153,2658,20431,1863,67722,3099
0500000US34019,34019,"Hunterdon County, New Jersey",1772,451,1373,415,399,287
0500000US34021,34021,"Mercer County, New Jersey",13794,1350,6153,919,7641,1269
0500000US34023,34023,"Middlesex County, New Jersey",40534,1750,17894,1255,22640,2004
0500000US34025,34025,"Monmouth County, New Jersey",16084,1189,7350,842,8734,1363
0500000US34027,34027,"Morris County, New Jersey",15642,1480,7701,1288,7941,1363
0500000US34029,34029,"Ocean County, New Jersey",11558,1166,6048,1179,5510,1129
0500000US34031,34031,"Passaic County, New Jersey",49372,2196,13260,1498,36112,2191
0500000US34033,34033,"Salem County, New Jersey",1006,349,643,374,363,262
0500000US34035,34035,"Somerset County, New Jersey",10512,1244,6574,1209,3938,943
0500000US34037,34037,"Sussex County, New Jersey",3326,566,2230,755,1096,654
0500000US34039,34039,"Union County, New Jersey",41756,1909,15883,1832,25873,2240
0500000US34041,34041,"Warren County, New Jersey",2286,357,1470,415,816,500
0500000US35001,35001,"Bernalillo County, New Mexico",104651,2624,63836,3198,40815,3356
0500000US35005,35005,"Chaves County, New Mexico",9013,927,6496,905,2517,914
0500000US35013,35013,"Doña Ana County, New Mexico",42056,1818,25483,1789,16573,2089
0500000US35031,35031,"McKinley County, New Mexico",2507,610,2003,598,504,451
0500000US35043,35043,"Sandoval County, New Mexico",14127,990,10140,1073,3987,984
0500000US35045,35045,"San Juan County, New Mexico",6984,826,4143,822,2841,894
0500000US35049,35049,"Santa Fe County, New Mexico",24434,1565,16036,1291,8398,1456
0500000US35061,35061,"Valencia County, New Mexico",14786,1156,10903,1085,3883,1102
0500000US36001,36001,"Albany County, New York",3832,686,1363,550,2469,634
0500000US36005,36005,"Bronx County, New York",234999,4146,24007,2283,210992,4500
0500000US36007,36007,"Broome County, New York",2205,421,863,428,1342,462
0500000US36009,36009,"Cattaraugus County, New York",279,153,201,147,78,97
0500000US36013,36013,"Chautauqua County, New York",2504,619,861,352,1643,617
0500000US36027,36027,"Dutchess County, New York",7754,980,3367,913,4387,987
0500000US36029,36029,"Erie County, New York",12177,1188,4602,780,7575,1345
0500000US36045,36045,"Jefferson County, New York",2118,433,233,216,1885,403
0500000US36047,36047,"Kings County, New York",162923,3829,23437,2561,139486,4482
0500000US36055,36055,"Monroe County, New York",16083,1249,5849,813,10234,1322
0500000US36059,36059,"Nassau County, New York",45825,1999,24631,2164,21194,2260
0500000US36061,36061,"New York County, New York",138242,4103,8979,1624,129263,4127
0500000US36063,36063,"Niagara County, New York",976,362,619,448,357,296
0500000US36065,36065,"Oneida County, New York",2071,469,656,356,1415,347
0500000US36067,36067,"Onondaga County, New York",5878,787,1259,414,4619,834
0500000US36069,36069,"Ontario County, New York",714,215,175,130,539,240
0500000US36071,36071,"Orange County, New York",17499,1296,9303,1198,8196,1171
0500000US36075,36075,"Oswego County, New York",348,161,103,120,245,149
0500000US36079,36079,"Putnam County, New York",2638,805,1773,630,865,498
0500000US36081,36081,"Queens County, New York",184205,3485,46553,2881,137652,3794
0500000US36083,36083,"Rensselaer County, New York",1679,409,300,232,1379,410
0500000US36085,36085,"Richmond County, New York",22817,1628,11361,1404,11456,1562
0500000US36087,36087,"Rockland County, New York",12209,1048,5721,1061,6488,1184
0500000US36091,36091,"Saratoga County, New York",1496,437,821,438,675,334
0500000US36093,36093,"Schenectady County, New York",2438,422,762,262,1676,441
0500000US36103,36103,"Suffolk County, New York",57220,2847,33631,2710,23589,2801
0500000US36105,36105,"Sullivan County, New York",3247,586,1283,509,1964,668
0500000US36109,36109,"Tompkins County, New York",1023,427,269,232,754,429
0500000US36111,36111,"Ulster County, New York",3650,776,1713,637,1937,680
0500000US36113,36113,"Warren County, New York",670,278,250,255,420,224
0500000US36119,36119,"Westchester County, New York",58373,2517,19126,2088,39247,2543
0500000US37001,37001,"Alamance County, North Carolina",3788,582,2200,538,1588,602
0500000US37019,37019,"Brunswick County, North Carolina",1375,505,141,186,1234,514
0500000US37021,37021,"Buncombe County, North Carolina",3510,654,1398,676,2112,563
0500000US37023,37023,"Burke County, North Carolina",1137,248,169,197,968,233
0500000US37025,37025,"Cabarrus County, North Carolina",3926,674,2211,900,1715,629
0500000US37035,37035,"Catawba County, North Carolina",3256,586,1092,371,2164,618
0500000US37045,37045,"Cleveland County, North Carolina",748,209,379,218,369,217
0500000US37049,37049,"Craven County, North Carolina",1951,464,826,437,1125,471
0500000US37051,37051,"Cumberland County, North Carolina",8393,1307,3628,835,4765,1280
0500000US37057,37057,"Davidson County, North Carolina",2942,503,1316,413,1626,548
0500000US37063,37063,"Durham County, North Carolina",9243,1102,2912,868,6331,1171
0500000US37067,37067,"Forsyth County, North Carolina",9062,1087,3479,815,5583,909
0500000US37071,37071,"Gaston County, North Carolina",4087,697,1578,513,2509,819
0500000US37081,37081,"Guilford County, North Carolina",10029,861,3857,1020,6172,1064
0500000US37085,37085,"Harnett County, North Carolina",2509,539,1636,548,873,595
0500000US37089,37089,"Henderson County, North Carolina",2992,622,1763,758,1229,795
0500000US37097,37097,"Iredell County, North Carolina",2524,548,1394,487,1130,612
0500000US37101,37101,"Johnston County, North Carolina",4936,660,2627,880,2309,720
0500000US37109,37109,"Lincoln County, North Carolina",1130,489,763,368,367,383
0500000US37119,37119,"Mecklenburg County, North Carolina",30073,1640,13312,1837,16761,2072
0500000US37125,37125,"Moore County, North Carolina",1174,343,694,391,480,280
0500000US37127,37127,"Nash County, North Carolina",1297,435,663,284,634,469
0500000US37129,37129,"New Hanover County, North Carolina",2937,629,1056,530,1881,583
0500000US37133,37133,"Onslow County, North Carolina",4832,913,1450,657,3382,704
0500000US37135,37135,"Orange County, North Carolina",3097,694,860,531,2237,580
0500000US37147,37147,"Pitt County, North Carolina",1722,392,972,475,750,371
0500000US37151,37151,"Randolph County, North Carolina",3670,492,1710,789,1960,876
0500000US37155,37155,"Robeson County, North Carolina",3099,524,1191,581,1908,846
0500000US37157,37157,"Rockingham County, North Carolina",1060,347,664,322,396,255
0500000US37159,37159,"Rowan County, North Carolina",2789,501,1620,644,1169,481
0500000US37161,37161,"Rutherford County, North Carolina",607,229,323,211,284,235
0500000US37171,37171,"Surry County, North Carolina",1743,440,964,549,779,417
0500000US37179,37179,"Union County, North Carolina",4441,530,3093,595,1348,503
0500000US37183,37183,"Wake County, North Carolina",22270,1598,9629,1417,12641,1774
0500000US37191,37191,"Wayne County, North Carolina",3158,666,1502,516,1656,776
0500000US37195,37195,"Wilson County, North Carolina",2174,504,511,324,1663,625
0500000US38017,38017,"Cass County, North Dakota",992,221,502,189,490,298
0500000US39003,39003,"Allen County, Ohio",551,197,293,267,258,178
0500000US39007,39007,"Ashtabula County, Ohio",1215,337,388,264,827,400
0500000US39017,39017,"Butler County, Ohio",3395,728,1693,784,1702,683
0500000US39023,39023,"Clark County, Ohio",837,404,208,230,629,422
0500000US39025,39025,"Clermont County, Ohio",745,263,425,194,320,243
0500000US39029,39029,"Columbiana County, Ohio",547,249,171,166,376,247
0500000US39035,39035,"Cuyahoga County, Ohio",18305,1453,7669,1390,10636,1219
0500000US39043,39043,"Erie County, Ohio",926,233,223,258,703,267
0500000US39045,39045,"Fairfield County, Ohio",593,234,211,301,382,171
0500000US39049,39049,"Franklin County, Ohio",14807,1240,3955,914,10852,1245
0500000US39061,39061,"Hamilton County, Ohio",5521,840,2109,697,3412,791
0500000US39085,39085,"Lake County, Ohio",1817,304,944,344,873,346
0500000US39089,39089,"Licking County, Ohio",613,223,242,164,371,282
0500000US39093,39093,"Lorain County, Ohio",7650,944,3822,806,3828,970
0500000US39095,39095,"Lucas County, Ohio",7538,725,3665,655,3873,855
0500000US39099,39099,"Mahoning County, Ohio",3099,672,1853,504,1246,613
0500000US39101,39101,"Marion County, Ohio",545,279,234,173,311,356
0500000US39103,39103,"Medina County, Ohio",580,221,503,170,77,104
0500000US39113,39113,"Montgomery County, Ohio",2947,454,1585,435,1362,507
0500000US39119,39119,"Muskingum County, Ohio",232,120,138,87,94,108
0500000US39133,39133,"Portage County, Ohio",624,310,259,245,365,231
0500000US39151,39151,"Stark County, Ohio",1115,496,551,377,564,296
0500000US39153,39153,"Summit County, Ohio",2302,511,889,409,1413,487
0500000US39155,39155,"Trumbull County, Ohio",724,227,420,222,304,233
0500000US39165,39165,"Warren County, Ohio",849,240,754,264,95,147
0500000US39173,39173,"Wood County, Ohio",1033,436,517,264,516,360
0500000US40017,40017,"Canadian County, Oklahoma",1813,317,1557,353,256,172
0500000US40027,40027,"Cleveland County, Oklahoma",4901,721,2662,799,2239,524
0500000US40031,40031,"Comanche County, Oklahoma",4077,642,1649,535,2428,682
0500000US40037,40037,"Creek County, Oklahoma",727,272,376,294,351,326
0500000US40101,40101,"Muskogee County, Oklahoma",844,353,449,320,395,334
0500000US40109,40109,"Oklahoma County, Oklahoma",26655,1645,13312,1507,13343,1580
0500000US40119,40119,"Payne County, Oklahoma",920,374,233,191,687,438
0500000US40125,40125,"Pottawatomie County, Oklahoma",655,264,199,144,456,315
0500000US40131,40131,"Rogers County, Oklahoma",1129,213,538,336,591,197
0500000US40143,40143,"Tulsa County, Oklahoma",17043,1015,7253,1080,9790,1151
0500000US40145,40145,"Wagoner County, Oklahoma",850,291,668,324,182,224
0500000US41003,41003,"Benton County, Oregon",1496,407,948,378,548,358
0500000US41005,41005,"Clackamas County, Oregon",6966,1008,3013,912,3953,968
0500000US41017,41017,"Deschutes County, Oregon",2897,576,1194,581,1703,544
0500000US41019,41019,"Douglas County, Oregon",1030,463,356,200,674,498
0500000US41029,41029,"Jackson County, Oregon",6555,805,3514,771,3041,995
0500000US41033,41033,"Josephine County, Oregon",1531,419,1057,443,474,349
0500000US41035,41035,"Klamath County, Oregon",1564,282,971,394,593,269
0500000US41039,41039,"Lane County, Oregon",7157,987,2523,717,4634,1088
0500000US41043,41043,"Linn County, Oregon",2636,396,906,437,1730,572
0500000US41047,41047,"Marion County, Oregon",16544,1243,7224,1084,9320,1063
0500000US41051,41051,"Multnomah County, Oregon",22772,1940,7762,1504,15010,2017
0500000US41053,41053,"Polk County, Oregon",2405,682,1215,541,1190,678
0500000US41059,41059,"Umatilla County, Oregon",4574,481,2218,561,2356,553
0500000US41067,41067,"Washington County, Oregon",18911,1252,7651,1033,11260,1461
0500000US41071,41071,"Yamhill County, Oregon",3199,560,1551,564,1648,751
0500000US42001,42001,"Adams County, Pennsylvania",978,263,434,251,544,257
0500000US42003,42003,"Allegheny County, Pennsylvania",5448,1383,2520,689,2928,1146
0500000US42007,42007,"Beaver County, Pennsylvania",515,106,188,161,327,169
0500000US42011,42011,"Berks County, Pennsylvania",18851,1040,7454,981,11397,1362
0500000US42013,42013,"Blair County, Pennsylvania",269,125,188,138,81,87
0500000US42017,42017,"Bucks County, Pennsylvania",8448,1109,3374,991,5074,1066
0500000US42019,42019,"Butler County, Pennsylvania",587,362,464,349,123,135
0500000US42021,42021,"Cambria County, Pennsylvania",772,223,458,165,314,196
0500000US42027,42027,"Centre County, Pennsylvania",734,210,372,265,362,256
0500000US42029,42029,"Chester County, Pennsylvania",7150,1066,2118,710,5032,791
0500000US42041,42041,"Cumberland County, Pennsylvania",1808,521,610,414,1198,490
0500000US42043,42043,"Dauphin County, Pennsylvania",5945,803,2250,624,3695,1006
0500000US42045,42045,"Delaware County, Pennsylvania",3604,541,1651,479,1953,555
0500000US42049,42049,"Erie County, Pennsylvania",2150,472,904,325,1246,404
0500000US42055,42055,"Franklin County, Pennsylvania",1419,363,269,226,1150,372
0500000US42069,42069,"Lackawanna County, Pennsylvania",3063,609,795,502,2268,591
0500000US42071,42071,"Lancaster County, Pennsylvania",13110,1118,4853,1037,8257,1275
0500000US42075,42075,"Lebanon County, Pennsylvania",3245,444,464,285,2781,521
0500000US42077,42077,"Lehigh County, Pennsylvania",17308,1193,5930,1247,11378,1697
0500000US42079,42079,"Luzerne County, Pennsylvania",4842,536,1494,427,3348,568
0500000US42081,42081,"Lycoming County, Pennsylvania",578,198,86,126,492,208
0500000US42089,42089,"Monroe County, Pennsylvania",5676,886,4452,770,1224,619
0500000US42091,42091,"Montgomery County, Pennsylvania",9766,1080,4460,975,5306,1039
0500000US42095,42095,"Northampton County, Pennsylvania",8375,993,3876,777,4499,1102
0500000US42097,42097,"Northumberland County, Pennsylvania",412,295,122,141,290,239
0500000US42101,42101,"Philadelphia County, Pennsylvania",51432,2457,23442,1949,27990,2516
0500000US42107,42107,"Schuylkill County, Pennsylvania",910,327,399,222,511,301
0500000US42125,42125,"Washington County, Pennsylvania",654,190,307,253,347,277
0500000US42129,42129,"Westmoreland County, Pennsylvania",1033,268,717,284,316,271
0500000US42133,42133,"York County, Pennsylvania",6048,699,2260,606,3788,725
0500000US44003,44003,"Kent County, Rhode Island",1509,557,801,351,708,513
0500000US44005,44005,"Newport County, Rhode Island",589,204,114,78,475,192
0500000US44007,44007,"Providence County, Rhode Island",31931,2313,8647,1355,23284,2212
0500000US45003,45003,"Aiken County, South Carolina",2301,546,1170,659,1131,611
0500000US45007,45007,"Anderson County, South Carolina",1546,496,744,424,802,339
0500000US45013,45013,"Beaufort County, South Carolina",5323,952,1188,486,4135,909
0500000US45015,45015,"Berkeley County, South Carolina",3086,1064,1761,768,1325,733
0500000US45019,45019,"Charleston County, South Carolina",4813,905,1670,548,3143,812
0500000US45035,45035,"Dorchester County, South Carolina",1226,327,764,392,462,284
0500000US45045,45045,"Greenville County, South Carolina",9033,1007,3673,861,5360,1218
0500000US45047,45047,"Greenwood County, South Carolina",639,330,77,101,562,280
0500000US45051,45051,"Horry County, South Carolina",4552,788,999,428,3553,640
0500000US45057,45057,"Lancaster County, South Carolina",716,251,539,247,177,225
0500000US45059,45059,"Laurens County, South Carolina",729,391,544,433,185,211
0500000US45063,45063,"Lexington County, South Carolina",3054,904,1526,901,1528,507
0500000US45073,45073,"Oconee County, South Carolina",1006,360,424,435,582,341
0500000US45075,45075,"Orangeburg County, South Carolina",424,323,97,96,327,290
0500000US45077,45077,"Pickens County, South Carolina",538,317,159,194,379,270
0500000US45079,45079,"Richland County, South Carolina",4915,937,1882,802,3033,808
0500000US45083,45083,"Spartanburg County, South Carolina",3171,580,1787,735,1384,570
0500000US45091,45091,"York County, South Carolina",2605,713,1040,675,1565,750
0500000US46099,46099,"Minnehaha County, South Dakota",1707,390,681,335,1026,589
0500000US46103,46103,"Pennington County, South Dakota",827,331,282,200,545,311
0500000US47011,47011,"Bradley County, Tennessee",803,434,300,314,503,226
0500000US47037,47037,"Davidson County, Tennessee",15689,1316,4673,1106,11016,1496
0500000US47065,47065,"Hamilton County, Tennessee",3931,592,1399,691,2532,720
0500000US47093,47093,"Knox County, Tennessee",4895,867,2063,930,2832,1034
0500000US47113,47113,"Madison County, Tennessee",672,359,288,250,384,343
0500000US47119,47119,"Maury County, Tennessee",513,261,267,263,246,243
0500000US47125,47125,"Montgomery County, Tennessee",3403,606,2274,667,1129,376
0500000US47141,47141,"Putnam County, Tennessee",1168,296,506,304,662,346
0500000US47149,47149,"Rutherford County, Tennessee",4092,728,1790,672,2302,668
0500000US47155,47155,"Sevier County, Tennessee",1651,526,887,659,764,515
0500000US47157,47157,"Shelby County, Tennessee",13165,1427,4188,1030,8977,1406
0500000US47165,47165,"Sumner County, Tennessee",1997,498,355,258,1642,480
0500000US47179,47179,"Washington County, Tennessee",1087,369,288,192,799,353
0500000US47187,47187,"Williamson County, Tennessee",2241,475,1708,454,533,439
0500000US47189,47189,"Wilson County, Tennessee",1219,529,795,349,424,413
0500000US48005,48005,"Angelina County, Texas",4730,752,2889,724,1841,673
0500000US48021,48021,"Bastrop County, Texas",5102,1075,3063,821,2039,897
0500000US48027,48027,"Bell County, Texas",17109,1649,9634,1289,7475,1511
0500000US48029,48029,"Bexar County, Texas",304460,6033,174640,4368,129820,4984
0500000US48039,48039,"Brazoria County, Texas",23103,1358,16074,1726,7029,1617
0500000US48041,48041,"Brazos County, Texas",12651,1039,5229,747,7422,931
0500000US48061,48061,"Cameron County, Texas",94197,2919,62064,2815,32133,2942
0500000US48085,48085,"Collin County, Texas",28288,1599,15251,1510,13037,1768
0500000US48091,48091,"Comal County, Texas",6588,721,4194,674,2394,682
0500000US48099,48099,"Coryell County, Texas",2506,1220,1339,600,1167,921
0500000US48113,48113,"Dallas County, Texas",233691,4121,110196,4097,123495,5352
0500000US48121,48121,"Denton County, Texas",32576,1714,16988,1617,15588,1715
0500000US48135,48135,"Ector County, Texas",22141,1327,13097,1364,9044,1461
0500000US48139,48139,"Ellis County, Texas",7984,795,5398,780,2586,930
0500000US48141,48141,"El Paso County, Texas",189062,2922,119533,3986,69529,3831
0500000US48157,48157,"Fort Bend County, Texas",35379,1881,24637,2040,10742,1609
0500000US48167,48167,"Galveston County, Texas",18752,1249,13003,1209,5749,1488
0500000US48181,48181,"Grayson County, Texas",2493,429,1775,462,718,379
0500000US48183,48183,"Gregg County, Texas",4375,652,2486,702,1889,569
0500000US48187,48187,"Guadalupe County, Texas",12092,841,8676,866,3416,868
0500000US48201,48201,"Harris County, Texas",437178,4997,224622,6015,212556,7180
0500000US48203,48203,"Harrison County, Texas",1350,411,626,429,724,404
0500000US48209,48209,"Hays County, Texas",15178,1039,8503,965,6675,1261
0500000US48213,48213,"Henderson County, Texas",1973,479,1318,243,655,517
0500000US48215,48215,"Hidalgo County, Texas",181991,3605,122222,3881,59769,4132
0500000US48231,48231,"Hunt County, Texas",2917,603,1843,549,1074,463
0500000US48245,48245,"Jefferson County, Texas",10577,1299,6462,1007,4115,958
0500000US48251,48251,"Johnson County, Texas",7111,694,5111,811,2000,707
0500000US48257,48257,"Kaufman County, Texas",3926,445,2814,530,1112,487
0500000US48291,48291,"Liberty County, Texas",2874,425,2213,500,661,399
0500000US48303,48303,"Lubbock County, Texas",26064,1534,14666,1364,11398,1795
0500000US48309,48309,"McLennan County, Texas",14226,1041,8079,1011,6147,1179
0500000US48329,48329,"Midland County, Texas",15625,1036,10151,1182,5474,1039
0500000US48339,48339,"Montgomery County, Texas",22904,1402,14354,1695,8550,1434
0500000US48355,48355,"Nueces County, Texas",65312,2357,36714,2610,28598,2550
0500000US48361,48361,"Orange County, Texas",1106,482,817,393,289,378
0500000US48367,48367,"Parker County, Texas",2862,875,2206,911,656,538
0500000US48375,48375,"Potter County, Texas",10919,1138,5715,1038,5204,952
0500000US48381,48381,"Randall County, Texas",5696,817,3519,860,2177,741
0500000US48397,48397,"Rockwall County, Texas",3062,592,2159,755,903,534
0500000US48409,48409,"San Patricio County, Texas",10372,757,5903,967,4469,881
0500000US48423,48423,"Smith County, Texas",8341,827,5484,783,2857,807
0500000US48439,48439,"Tarrant County, Texas",126249,3018,69304,2831,56945,3362
0500000US48441,48441,"Taylor County, Texas",8560,851,4087,870,4473,949
0500000US48451,48451,"Tom Green County, Texas",12741,1081,7924,1146,4817,980
0500000US48453,48453,"Travis County, Texas",103443,3125,40152,2832,63291,3074
0500000US48469,48469,"Victoria County, Texas",11885,1012,6353,1131,5532,1052
0500000US48471,48471,"Walker County, Texas",1759,670,434,242,1325,611
0500000US48479,48479,"Webb County, Texas",63336,1823,38302,2183,25034,2142
0500000US48485,48485,"Wichita County, Texas",6247,867,3175,709,3072,926
0500000US48491,48491,"Williamson County, Texas",27359,1949,12802,1602,14557,1917
0500000US49005,49005,"Cache County, Utah",2691,352,1423,432,1268,518
0500000US49011,49011,"Davis County, Utah",6825,792,3771,774,3054,987
0500000US49035,49035,"Salt Lake County, Utah",44648,2025,21341,1993,23307,2242
0500000US49049,49049,"Utah County, Utah",11218,1051,5474,991,5744,1070
0500000US49053,49053,"Washington County, Utah",3331,668,1336,483,1995,552
0500000US49057,49057,"Weber County, Utah",11021,1033,5551,896,5470,1240
0500000US50007,50007,"Chittenden County, Vermont",693,324,195,197,498,264
0500000US51003,51003,"Albemarle County, Virginia",1717,475,1044,485,673,328
0500000US51013,51013,"Arlington County, Virginia",9632,1169,2728,744,6904,1118
0500000US51041,51041,"Chesterfield County, Virginia",5861,929,2576,652,3285,738
0500000US51059,51059,"Fairfax County, Virginia",42113,2388,21893,2723,20220,2305
0500000US51061,51061,"Fauquier County, Virginia",1043,244,241,224,802,280
0500000US51069,51069,"Frederick County, Virginia",1260,424,921,399,339,454
0500000US51085,51085,"Hanover County, Virginia",510,284,308,233,202,211
0500000US51087,51087,"Henrico County, Virginia",3463,635,1686,630,1777,608
0500000US51095,51095,"James City County, Virginia",778,456,519,478,259,202
0500000US51107,51107,"Loudoun County, Virginia",8783,1009,5520,857,3263,1020
0500000US51153,51153,"Prince William County, Virginia",19499,1541,10621,1335,8878,1855
0500000US51165,51165,"Rockingham County, Virginia",958,343,560,312,398,305
0500000US51177,51177,"Spotsylvania County, Virginia",2297,547,1650,598,647,403
0500000US51179,51179,"Stafford County, Virginia",2424,499,1797,568,627,443
0500000US51510,51510,"Alexandria city, Virginia",6947,1120,1545,613,5402,1182
0500000US51550,51550,"Chesapeake city, Virginia",2431,514,1255,375,1176,537
0500000US51650,51650,"Hampton city, Virginia",1899,527,707,346,1192,525
0500000US51700,51700,"Newport News city, Virginia",3616,888,1875,721,1741,830
0500000US51710,51710,"Norfolk city, Virginia",4222,828,1381,531,2841,678
0500000US51740,51740,"Portsmouth city, Virginia",975,333,629,312,346,306
0500000US51760,51760,"Richmond city, Virginia",3050,622,263,184,2787,597
0500000US51770,51770,"Roanoke city, Virginia",1221,245,435,295,786,403
0500000US51810,51810,"Virginia Beach city, Virginia",8198,809,4223,940,3975,826
0500000US53005,53005,"Benton County, Washington",7921,913,3693,710,4228,1034
0500000US53007,53007,"Chelan County, Washington",3769,839,1360,534,2409,838
0500000US53009,53009,"Clallam County, Washington",787,372,180,213,607,400
0500000US53011,53011,"Clark County, Washington",7985,998,3256,776,4729,1013
0500000US53015,53015,"Cowlitz County, Washington",1535,404,543,297,992,326
0500000US53021,53021,"Franklin County, Washington",8162,887,4118,724,4044,785
0500000US53025,53025,"Grant County, Washington",8343,1091,4366,945,3977,936
0500000US53027,53027,"Grays Harbor County, Washington",1075,327,351,272,724,315
0500000US53029,53029,"Island County, Washington",1169,452,449,330,720,437
0500000US53033,53033,"King County, Washington",49226,2657,17705,1964,31521,2319
0500000US53035,53035,"Kitsap County, Washington",3462,826,1742,537,1720,777
0500000US53041,53041,"Lewis County, Washington",1290,431,362,144,928,464
0500000US53053,53053,"Pierce County, Washington",17946,1422,6921,987,11025,1386
0500000US53057,53057,"Skagit County, Washington",4308,802,1653,536,2655,756
0500000US53061,53061,"Snohomish County, Washington",14900,1571,5970,1179,8930,1551
0500000US53063,53063,"Spokane County, Washington",5230,848,1954,623,3276,718
0500000US53067,53067,"Thurston County, Washington",4014,1060,2597,589,1417,898
0500000US53073,53073,"Whatcom County, Washington",4312,685,1943,660,2369,753
0500000US53077,53077,"Yakima County, Washington",26210,1500,12366,1407,13844,1921
0500000US54003,54003,"Berkeley County, West Virginia",910,367,519,345,391,302
0500000US54039,54039,"Kanawha County, West Virginia",664,198,335,218,329,271
0500000US55009,55009,"Brown County, Wisconsin",3715,527,808,380,2907,588
0500000US55025,55025,"Dane County, Wisconsin",7404,1116,2863,786,4541,1027
0500000US55027,55027,"Dodge County, Wisconsin",713,295,165,190,548,308
0500000US55039,55039,"Fond du Lac County, Wisconsin",776,209,162,124,614,233
0500000US55055,55055,"Jefferson County, Wisconsin",1331,520,725,365,606,489
0500000US55059,55059,"Kenosha County, Wisconsin",4671,836,1949,662,2722,839
0500000US55071,55071,"Manitowoc County, Wisconsin",578,199,378,202,200,159
0500000US55073,55073,"Marathon County, Wisconsin",709,196,314,171,395,203
0500000US55079,55079,"Milwaukee County, Wisconsin",31712,1402,13757,1379,17955,1460
0500000US55087,55087,"Outagamie County, Wisconsin",1736,364,1070,332,666,388
0500000US55089,55089,"Ozaukee County, Wisconsin",589,226,368,270,221,229
0500000US55097,55097,"Portage County, Wisconsin",576,281,124,140,452,273
0500000US55101,55101,"Racine County, Wisconsin",5385,802,3372,630,2013,729
0500000US55105,55105,"Rock County, Wisconsin",2963,579,1724,486,1239,662
0500000US55117,55117,"Sheboygan County, Wisconsin",1441,295,670,255,771,229
0500000US55127,55127,"Walworth County, Wisconsin",2423,424,789,358,1634,523
0500000US55131,55131,"Washington County, Wisconsin",889,311,444,319,445,276
0500000US55133,55133,"Waukesha County, Wisconsin",4356,907,2535,649,1821,798
0500000US55139,55139,"Winnebago County, Wisconsin",1172,484,608,414,564,393
0500000US56021,56021,"Laramie County, Wyoming",4007,650,2595,537,1412,668
0500000US56025,56025,"Natrona County, Wyoming",1738,365,1064,461,674,430
