GEO.id,GEO.id2,GEO.display-label,HD01_VD01,HD02_VD01,HD01_VD02,HD02_VD02,HD01_VD03,HD02_VD03
Id,Id2,Geography,Estimate; Total:,Margin of Error; Total:,Estimate; Total: - Owner occupied,Margin of Error; Total: - Owner occupied,Estimate; Total: - Renter occupied,Margin of Error; Total: - Renter occupied
0500000US01003,01003,"Baldwin County, Alabama",2145,765,768,416,1377,765
0500000US01015,01015,"Calhoun County, Alabama",627,294,403,249,224,192
0500000US01043,01043,"Cullman County, Alabama",672,217,207,164,465,180
0500000US01049,01049,"DeKalb County, Alabama",2292,646,1758,678,534,462
0500000US01055,01055,"Etowah County, Alabama",885,475,369,217,516,456
0500000US01069,01069,"Houston County, Alabama",768,185,315,128,453,170
0500000US01073,01073,"Jefferson County, Alabama",6330,835,2778,956,3552,838
0500000US01081,01081,"Lee County, Alabama",1938,358,724,580,1214,571
0500000US01083,01083,"Limestone County, Alabama",1014,470,476,266,538,378
0500000US01089,01089,"Madison County, Alabama",5196,616,2261,518,2935,615
0500000US01095,01095,"Marshall County, Alabama",3321,531,734,721,2587,955
0500000US01097,01097,"Mobile County, Alabama",3268,738,1380,624,1888,634
0500000US01101,01101,"Montgomery County, Alabama",1781,372,837,313,944,382
0500000US01103,01103,"Morgan County, Alabama",2769,511,1138,398,1631,632
0500000US01115,01115,"St. Clair County, Alabama",597,224,285,186,312,257
0500000US01117,01117,"Shelby County, Alabama",2529,556,1753,517,776,529
0500000US01125,01125,"Tuscaloosa County, Alabama",1455,436,511,285,944,395
0500000US01127,01127,"Walker County, Alabama",420,145,195,122,225,224
0500000US02020,02020,"Anchorage Municipality, Alaska",7022,1050,3084,722,3938,998
0500000US02090,02090,"Fairbanks North Star Borough, Alaska",1347,999,445,529,902,628
0500000US02170,02170,"Matanuska-Susitna Borough, Alaska",994,331,653,276,341,212
0500000US04001,04001,"Apache County, Arizona",1086,393,814,393,272,239
0500000US04003,04003,"Cochise County, Arizona",14397,1189,8627,991,5770,1108
0500000US04005,04005,"Coconino County, Arizona",5304,700,2510,595,2794,816
0500000US04013,04013,"Maricopa County, Arizona",333921,5150,159479,4568,174442,5924
0500000US04015,04015,"Mohave County, Arizona",9199,1377,4956,993,4243,1115
0500000US04017,04017,"Navajo County, Arizona",3032,598,1730,558,1302,529
0500000US04019,04019,"Pima County, Arizona",114563,2992,62695,3310,51868,3561
0500000US04021,04021,"Pinal County, Arizona",25166,2135,15970,1954,9196,1629
0500000US04025,04025,"Yavapai County, Arizona",8764,1260,5160,1345,3604,1162
0500000US04027,04027,"Yuma County, Arizona",37333,1865,23427,1718,13906,2328
0500000US05007,05007,"Benton County, Arkansas",11531,822,6467,1057,5064,1010
0500000US05031,05031,"Craighead County, Arkansas",1214,438,291,307,923,406
0500000US05045,05045,"Faulkner County, Arkansas",1510,429,256,271,1254,441
0500000US05051,05051,"Garland County, Arkansas",880,481,568,308,312,323
0500000US05069,05069,"Jefferson County, Arkansas",588,239,367,164,221,268
0500000US05085,05085,"Lonoke County, Arkansas",1215,299,614,410,601,284
0500000US05119,05119,"Pulaski County, Arkansas",6785,876,2808,902,3977,790
0500000US05131,05131,"Sebastian County, Arkansas",4880,685,2406,755,2474,813
0500000US05143,05143,"Washington County, Arkansas",9814,994,3258,1024,6556,1223
0500000US05145,05145,"White County, Arkansas",800,267,275,212,525,341
0500000US06001,06001,"Alameda County, California",93751,2840,36756,2185,56995,2728
0500000US06007,06007,"Butte County, California",10125,1008,4594,851,5531,874
0500000US06013,06013,"Contra Costa County, California",71953,2459,32465,2499,39488,2656
0500000US06017,06017,"El Dorado County, California",6207,1136,2650,633,3557,1126
0500000US06019,06019,"Fresno County, California",132615,3128,59004,3054,73611,3717
0500000US06023,06023,"Humboldt County, California",3748,683,1478,555,2270,595
0500000US06025,06025,"Imperial County, California",34798,1397,19386,1898,15412,1888
0500000US06029,06029,"Kern County, California",112907,3278,56181,2732,56726,3327
0500000US06031,06031,"Kings County, California",19557,1076,8741,1212,10816,1346
0500000US06033,06033,"Lake County, California",2914,781,1162,584,1752,596
0500000US06037,06037,"Los Angeles County, California",1236246,7931,455472,7137,780774,8750
0500000US06039,06039,"Madera County, California",19015,1247,8720,1246,10295,1356
0500000US06041,06041,"Marin County, California",10878,1005,2694,672,8184,1046
0500000US06045,06045,"Mendocino County, California",5752,649,2202,594,3550,831
0500000US06047,06047,"Merced County, California",38185,1563,17848,1640,20337,1567
0500000US06053,06053,"Monterey County, California",54969,2222,21646,1853,33323,2204
0500000US06055,06055,"Napa County, California",11678,1113,5054,882,6624,1224
0500000US06057,06057,"Nevada County, California",2499,867,2063,896,436,378
0500000US06059,06059,"Orange County, California",250055,4840,95567,3869,154488,5093
0500000US06061,06061,"Placer County, California",12705,1146,7479,988,5226,926
0500000US06065,06065,"Riverside County, California",269717,4668,152143,5398,117574,4993
0500000US06067,06067,"Sacramento County, California",91136,3089,40556,2550,50580,3214
0500000US06071,06071,"San Bernardino County, California",270051,5072,143251,4042,126800,5063
0500000US06073,06073,"San Diego County, California",276381,5740,101987,5325,174394,5765
0500000US06075,06075,"San Francisco County, California",41249,2015,10824,1327,30425,2196
0500000US06077,06077,"San Joaquin County, California",71876,2311,29931,2075,41945,2147
0500000US06079,06079,"San Luis Obispo County, California",15648,1308,7680,1334,7968,1466
0500000US06081,06081,"San Mateo County, California",49048,2054,16525,1372,32523,2121
0500000US06083,06083,"Santa Barbara County, California",48319,2073,17345,1747,30974,2417
0500000US06085,06085,"Santa Clara County, California",119895,2849,47431,2562,72464,3308
0500000US06087,06087,"Santa Cruz County, California",21374,1644,8805,1482,12569,2051
0500000US06089,06089,"Shasta County, California",5234,640,2489,592,2745,658
0500000US06095,06095,"Solano County, California",30152,1679,14210,1548,15942,1997
0500000US06097,06097,"Sonoma County, California",32125,2011,13208,1625,18917,1939
0500000US06099,06099,"Stanislaus County, California",62389,2010,29835,1969,32554,2511
0500000US06101,06101,"Sutter County, California",7879,691,2631,729,5248,928
0500000US06107,06107,"Tulare County, California",73548,1917,37408,2388,36140,2493
0500000US06111,06111,"Ventura County, California",82831,2724,39972,2352,42859,2572
0500000US06113,06113,"Yolo County, California",19146,1174,6774,864,12372,1386
0500000US06115,06115,"Yuba County, California",5678,812,2736,848,2942,781
0500000US08001,08001,"Adams County, Colorado",52092,1877,26429,2115,25663,2118
0500000US08005,08005,"Arapahoe County, Colorado",31092,1518,13310,1402,17782,1488
0500000US08013,08013,"Boulder County, Colorado",12306,1253,5281,1020,7025,1192
0500000US08014,08014,"Broomfield County, Colorado",2763,539,1621,454,1142,401
0500000US08031,08031,"Denver County, Colorado",62793,2754,26562,2184,36231,2982
0500000US08035,08035,"Douglas County, Colorado",7800,1223,5034,1125,2766,1040
0500000US08041,08041,"El Paso County, Colorado",32450,2118,15216,1549,17234,2316
0500000US08059,08059,"Jefferson County, Colorado",26570,1409,11435,1132,15135,1682
0500000US08069,08069,"Larimer County, Colorado",9909,1046,5589,1005,4320,1174
0500000US08077,08077,"Mesa County, Colorado",6845,870,2908,1037,3937,1058
0500000US08101,08101,"Pueblo County, Colorado",22897,1338,12858,1455,10039,1524
0500000US08123,08123,"Weld County, Colorado",23434,1307,11483,1188,11951,1477
0500000US09001,09001,"Fairfield County, Connecticut",51404,2184,18494,1966,32910,2490
0500000US09003,09003,"Hartford County, Connecticut",50710,2378,14018,1519,36692,2516
0500000US09005,09005,"Litchfield County, Connecticut",3272,538,1475,562,1797,729
0500000US09007,09007,"Middlesex County, Connecticut",3063,669,1741,753,1322,647
0500000US09009,09009,"New Haven County, Connecticut",47477,2517,14550,1911,32927,2751
0500000US09011,09011,"New London County, Connecticut",8976,918,3198,877,5778,1143
0500000US09013,09013,"Tolland County, Connecticut",2366,602,1138,417,1228,628
0500000US09015,09015,"Windham County, Connecticut",4092,540,1165,528,2927,793
0500000US10001,10001,"Kent County, Delaware",3465,775,1460,623,2005,567
0500000US10003,10003,"New Castle County, Delaware",14990,1398,5116,1001,9874,1327
0500000US10005,10005,"Sussex County, Delaware",4836,568,2368,638,2468,724
0500000US11001,11001,"District of Columbia, District of Columbia",26909,1957,6717,1142,20192,1841
0500000US12001,12001,"Alachua County, Florida",7481,1334,2248,718,5233,1131
0500000US12005,12005,"Bay County, Florida",3854,650,1263,602,2591,659
0500000US12009,12009,"Brevard County, Florida",15335,1579,9246,1321,6089,1519
0500000US12011,12011,"Broward County, Florida",170733,4298,94372,4112,76361,4289
0500000US12015,12015,"Charlotte County, Florida",3114,689,2014,658,1100,725
0500000US12017,12017,"Citrus County, Florida",2120,748,1485,978,635,495
0500000US12019,12019,"Clay County, Florida",6018,862,3430,850,2588,807
0500000US12021,12021,"Collier County, Florida",21781,2490,10753,2032,11028,1981
0500000US12023,12023,"Columbia County, Florida",1104,266,556,296,548,419
0500000US12031,12031,"Duval County, Florida",26472,1875,11643,1637,14829,2029
0500000US12033,12033,"Escambia County, Florida",5108,924,2383,617,2725,899
0500000US12035,12035,"Flagler County, Florida",2605,904,1694,762,911,511
0500000US12053,12053,"Hernando County, Florida",6514,870,4510,891,2004,863
0500000US12055,12055,"Highlands County, Florida",4364,983,2117,810,2247,900
0500000US12057,12057,"Hillsborough County, Florida",120171,3555,55469,3461,64702,3680
0500000US12061,12061,"Indian River County, Florida",2729,996,1882,646,847,703
0500000US12069,12069,"Lake County, Florida",12965,1372,6553,1313,6412,1465
0500000US12071,12071,"Lee County, Florida",34373,2904,16897,2362,17476,2094
0500000US12073,12073,"Leon County, Florida",5269,689,2364,589,2905,625
0500000US12081,12081,"Manatee County, Florida",14539,1307,7078,935,7461,1312
0500000US12083,12083,"Marion County, Florida",12168,1446,6951,1390,5217,1318
0500000US12085,12085,"Martin County, Florida",5006,953,2150,730,2856,810
0500000US12086,12086,"Miami-Dade County, Florida",590246,6603,287693,6068,302553,8062
0500000US12087,12087,"Monroe County, Florida",5729,972,2584,674,3145,761
0500000US12091,12091,"Okaloosa County, Florida",4492,1055,2010,669,2482,925
0500000US12095,12095,"Orange County, Florida",125753,4032,53147,3124,72606,3488
0500000US12097,12097,"Osceola County, Florida",45654,2833,21771,2788,23883,2558
0500000US12099,12099,"Palm Beach County, Florida",85518,3729,41862,3185,43656,3065
0500000US12101,12101,"Pasco County, Florida",22526,1255,14063,1662,8463,1414
0500000US12103,12103,"Pinellas County, Florida",27539,1872,11103,1432,16436,1699
0500000US12105,12105,"Polk County, Florida",34027,2569,20512,2544,13515,1949
0500000US12107,12107,"Putnam County, Florida",1333,407,555,302,778,380
0500000US12109,12109,"St. Johns County, Florida",4017,1023,2878,1073,1139,482
0500000US12111,12111,"St. Lucie County, Florida",14994,1468,7447,1709,7547,1917
0500000US12113,12113,"Santa Rosa County, Florida",2807,529,2053,650,754,476
0500000US12115,12115,"Sarasota County, Florida",9003,1041,5035,954,3968,1037
0500000US12117,12117,"Seminole County, Florida",26110,1847,13501,1465,12609,2036
0500000US12127,12127,"Volusia County, Florida",18243,1523,10285,1359,7958,1671
0500000US12131,12131,"Walton County, Florida",1161,583,478,487,683,476
0500000US13013,13013,"Barrow County, Georgia",1933,545,1140,381,793,524
0500000US13015,13015,"Bartow County, Georgia",2526,657,554,496,1972,774
0500000US13021,13021,"Bibb County, Georgia",1493,476,484,371,1009,472
0500000US13045,13045,"Carroll County, Georgia",2365,777,1044,577,1321,619
0500000US13051,13051,"Chatham County, Georgia",5371,720,2739,768,2632,762
0500000US13057,13057,"Cherokee County, Georgia",5540,817,2043,825,3497,877
0500000US13059,13059,"Clarke County, Georgia",3783,648,809,459,2974,651
0500000US13063,13063,"Clayton County, Georgia",8755,816,4806,928,3949,1042
0500000US13067,13067,"Cobb County, Georgia",25761,1596,12541,1429,13220,1784
0500000US13073,13073,"Columbia County, Georgia",2980,749,1638,829,1342,934
0500000US13077,13077,"Coweta County, Georgia",2884,787,1896,793,988,818
0500000US13089,13089,"DeKalb County, Georgia",16102,1151,4355,944,11747,1183
0500000US13095,13095,"Dougherty County, Georgia",811,279,140,153,671,327
0500000US13097,13097,"Douglas County, Georgia",2270,520,921,613,1349,526
0500000US13113,13113,"Fayette County, Georgia",2307,631,1663,774,644,336
0500000US13115,13115,"Floyd County, Georgia",2530,461,1241,589,1289,469
0500000US13117,13117,"Forsyth County, Georgia",4871,795,2755,676,2116,682
0500000US13121,13121,"Fulton County, Georgia",21455,1649,7123,1424,14332,1660
0500000US13127,13127,"Glynn County, Georgia",1562,626,693,360,869,695
0500000US13135,13135,"Gwinnett County, Georgia",47015,2090,20667,2466,26348,2678
0500000US13139,13139,"Hall County, Georgia",11451,915,5222,1007,6229,1027
0500000US13151,13151,"Henry County, Georgia",3119,757,2072,758,1047,745
0500000US13153,13153,"Houston County, Georgia",2775,506,1548,474,1227,566
0500000US13179,13179,"Liberty County, Georgia",2342,443,500,331,1842,593
0500000US13185,13185,"Lowndes County, Georgia",1491,378,579,357,912,501
0500000US13215,13215,"Muscogee County, Georgia",5190,743,2225,897,2965,727
0500000US13217,13217,"Newton County, Georgia",1061,394,370,366,691,448
0500000US13223,13223,"Paulding County, Georgia",2193,756,1324,576,869,982
0500000US13245,13245,"Richmond County, Georgia",3182,706,1096,398,2086,705
0500000US13247,13247,"Rockdale County, Georgia",2009,566,1120,490,889,632
0500000US13297,13297,"Walton County, Georgia",757,387,484,555,273,206
0500000US13313,13313,"Whitfield County, Georgia",7846,809,4144,852,3702,996
0500000US15001,15001,"Hawaii County, Hawaii",4730,829,3038,788,1692,650
0500000US15003,15003,"Honolulu County, Hawaii",21861,1842,7642,1194,14219,1512
0500000US15007,15007,"Kauai County, Hawaii",2294,368,1281,383,1013,428
0500000US15009,15009,"Maui County, Hawaii",4422,796,1683,510,2739,673
0500000US16001,16001,"Ada County, Idaho",10384,1472,4512,1054,5872,1427
0500000US16005,16005,"Bannock County, Idaho",2051,489,809,416,1242,692
0500000US16019,16019,"Bonneville County, Idaho",3219,538,1329,431,1890,628
0500000US16027,16027,"Canyon County, Idaho",12875,1031,6192,888,6683,1241
0500000US16055,16055,"Kootenai County, Idaho",1304,686,400,362,904,705
0500000US16083,16083,"Twin Falls County, Idaho",3368,466,2249,544,1119,552
0500000US17019,17019,"Champaign County, Illinois",3368,685,983,449,2385,663
0500000US17031,17031,"Cook County, Illinois",354655,4746,171861,4871,182794,6342
0500000US17037,17037,"DeKalb County, Illinois",2915,563,1545,571,1370,596
0500000US17043,17043,"DuPage County, Illinois",32158,1766,16500,1619,15658,1700
0500000US17089,17089,"Kane County, Illinois",39461,1869,21379,1967,18082,1673
0500000US17091,17091,"Kankakee County, Illinois",2764,581,1084,363,1680,620
0500000US17093,17093,"Kendall County, Illinois",4756,826,3304,1011,1452,747
0500000US17097,17097,"Lake County, Illinois",37671,1705,20173,1804,17498,1873
0500000US17099,17099,"LaSalle County, Illinois",2538,434,1895,387,643,379
0500000US17111,17111,"McHenry County, Illinois",9057,807,4895,1022,4162,854
0500000US17113,17113,"McLean County, Illinois",2315,448,1413,395,902,425
0500000US17115,17115,"Macon County, Illinois",665,208,195,143,470,231
0500000US17119,17119,"Madison County, Illinois",2188,461,1475,415,713,439
0500000US17143,17143,"Peoria County, Illinois",2422,479,1305,401,1117,405
0500000US17161,17161,"Rock Island County, Illinois",5006,763,3300,802,1706,765
0500000US17163,17163,"St. Clair County, Illinois",2427,426,1276,508,1151,371
0500000US17167,17167,"Sangamon County, Illinois",1212,274,361,235,851,325
0500000US17179,17179,"Tazewell County, Illinois",747,200,539,175,208,188
0500000US17183,17183,"Vermilion County, Illinois",757,302,515,218,242,229
0500000US17197,17197,"Will County, Illinois",26829,1448,19692,1493,7137,1135
0500000US17199,17199,"Williamson County, Illinois",586,241,280,181,306,310
0500000US17201,17201,"Winnebago County, Illinois",10638,816,4522,779,6116,1072
0500000US18003,18003,"Allen County, Indiana",7192,813,4645,708,2547,741
0500000US18005,18005,"Bartholomew County, Indiana",1000,514,383,324,617,397
0500000US18019,18019,"Clark County, Indiana",1739,396,506,327,1233,463
0500000US18035,18035,"Delaware County, Indiana",762,234,241,210,521,297
0500000US18039,18039,"Elkhart County, Indiana",7476,790,2685,738,4791,1183
0500000US18053,18053,"Grant County, Indiana",613,273,352,207,261,238
0500000US18057,18057,"Hamilton County, Indiana",3528,619,3008,747,520,330
0500000US18063,18063,"Hendricks County, Indiana",1934,794,1618,611,316,463
0500000US18067,18067,"Howard County, Indiana",1251,241,1084,253,167,194
0500000US18085,18085,"Kosciusko County, Indiana",1934,603,1342,575,592,433
0500000US18089,18089,"Lake County, Indiana",26643,1590,16898,1536,9745,1469
0500000US18091,18091,"LaPorte County, Indiana",1749,433,883,353,866,425
0500000US18095,18095,"Madison County, Indiana",1176,332,631,338,545,318
0500000US18097,18097,"Marion County, Indiana",24899,1625,7805,1162,17094,1624
0500000US18105,18105,"Monroe County, Indiana",635,311,138,150,497,288
0500000US18127,18127,"Porter County, Indiana",4375,847,2716,702,1659,576
0500000US18141,18141,"St. Joseph County, Indiana",4895,780,2754,577,2141,648
0500000US18157,18157,"Tippecanoe County, Indiana",3607,560,1700,636,1907,671
0500000US18163,18163,"Vanderburgh County, Indiana",975,301,563,339,412,206
0500000US18167,18167,"Vigo County, Indiana",696,387,321,281,375,384
0500000US18177,18177,"Wayne County, Indiana",466,167,214,129,252,197
0500000US19013,19013,"Black Hawk County, Iowa",1017,330,672,284,345,264
0500000US19049,19049,"Dallas County, Iowa",1357,564,593,428,764,520
0500000US19061,19061,"Dubuque County, Iowa",522,186,273,176,249,213
0500000US19103,19103,"Johnson County, Iowa",2276,436,1135,648,1141,558
0500000US19113,19113,"Linn County, Iowa",2035,510,1150,593,885,468
0500000US19153,19153,"Polk County, Iowa",10708,1037,4330,932,6378,1017
0500000US19155,19155,"Pottawattamie County, Iowa",2011,455,1341,518,670,361
0500000US19163,19163,"Scott County, Iowa",2894,590,1565,400,1329,548
0500000US19169,19169,"Story County, Iowa",1029,301,381,234,648,297
0500000US19193,19193,"Woodbury County, Iowa",4394,757,2164,662,2230,844
0500000US20015,20015,"Butler County, Kansas",555,269,374,250,181,194
0500000US20045,20045,"Douglas County, Kansas",2000,484,756,330,1244,572
0500000US20091,20091,"Johnson County, Kansas",10827,1023,4755,935,6072,1226
0500000US20103,20103,"Leavenworth County, Kansas",1284,461,397,350,887,462
0500000US20161,20161,"Riley County, Kansas",1324,445,103,135,1221,437
0500000US20173,20173,"Sedgwick County, Kansas",20311,1367,12161,1282,8150,1483
0500000US20177,20177,"Shawnee County, Kansas",5676,861,2800,600,2876,703
0500000US20209,20209,"Wyandotte County, Kansas",11761,716,6663,929,5098,972
0500000US21015,21015,"Boone County, Kentucky",1014,376,756,413,258,323
0500000US21037,21037,"Campbell County, Kentucky",552,147,184,132,368,206
0500000US21047,21047,"Christian County, Kentucky",1709,391,536,473,1173,537
0500000US21059,21059,"Daviess County, Kentucky",1010,433,162,242,848,337
0500000US21067,21067,"Fayette County, Kentucky",6120,595,2387,617,3733,638
0500000US21093,21093,"Hardin County, Kentucky",1444,571,327,343,1117,577
0500000US21111,21111,"Jefferson County, Kentucky",12043,1186,4623,846,7420,1305
0500000US21117,21117,"Kenton County, Kentucky",870,433,490,401,380,208
0500000US21185,21185,"Oldham County, Kentucky",544,229,248,243,296,265
0500000US21227,21227,"Warren County, Kentucky",1873,402,1045,413,828,508
0500000US22005,22005,"Ascension Parish, Louisiana",1192,530,527,428,665,419
0500000US22015,22015,"Bossier Parish, Louisiana",2223,677,713,514,1510,488
0500000US22017,22017,"Caddo Parish, Louisiana",2050,525,913,470,1137,538
0500000US22019,22019,"Calcasieu Parish, Louisiana",2000,449,819,518,1181,740
0500000US22033,22033,"East Baton Rouge Parish, Louisiana",5976,1045,1910,804,4066,1043
0500000US22045,22045,"Iberia Parish, Louisiana",856,238,648,349,208,259
0500000US22051,22051,"Jefferson Parish, Louisiana",21361,1571,7702,1410,13659,1943
0500000US22055,22055,"Lafayette Parish, Louisiana",2093,683,1224,528,869,737
0500000US22057,22057,"Lafourche Parish, Louisiana",896,304,792,323,104,128
0500000US22063,22063,"Livingston Parish, Louisiana",1261,707,653,893,608,311
0500000US22071,22071,"Orleans Parish, Louisiana",7980,870,3348,676,4632,885
0500000US22073,22073,"Ouachita Parish, Louisiana",1188,487,887,446,301,350
0500000US22079,22079,"Rapides Parish, Louisiana",798,281,278,184,520,253
0500000US22097,22097,"St. Landry Parish, Louisiana",176,102,64,69,112,93
0500000US22103,22103,"St. Tammany Parish, Louisiana",3321,952,2046,703,1275,732
0500000US22105,22105,"Tangipahoa Parish, Louisiana",2120,384,1300,543,820,617
0500000US22109,22109,"Terrebonne Parish, Louisiana",1580,503,312,317,1268,482
0500000US23001,23001,"Androscoggin County, Maine",872,354,80,106,792,403
0500000US23005,23005,"Cumberland County, Maine",1737,481,748,414,989,478
0500000US23011,23011,"Kennebec County, Maine",606,229,282,221,324,229
0500000US23019,23019,"Penobscot County, Maine",531,293,193,182,338,297
0500000US23031,23031,"York County, Maine",1439,393,693,401,746,471
0500000US24001,24001,"Allegany County, Maryland",333,208,93,85,240,252
0500000US24003,24003,"Anne Arundel County, Maryland",10964,1488,6637,1516,4327,1298
0500000US24005,24005,"Baltimore County, Maryland",11414,1355,4776,1151,6638,1073
0500000US24009,24009,"Calvert County, Maryland",982,393,722,437,260,254
0500000US24013,24013,"Carroll County, Maryland",1243,441,748,479,495,294
0500000US24015,24015,"Cecil County, Maryland",1570,358,433,236,1137,431
0500000US24017,24017,"Charles County, Maryland",2099,368,1295,416,804,419
0500000US24021,24021,"Frederick County, Maryland",6166,880,3323,1004,2843,723
0500000US24025,24025,"Harford County, Maryland",2796,611,1817,687,979,628
0500000US24027,24027,"Howard County, Maryland",5201,1099,3335,1105,1866,676
0500000US24031,24031,"Montgomery County, Maryland",49057,2056,24068,1978,24989,2201
0500000US24033,24033,"Prince George's County, Maryland",33604,1605,15250,1448,18354,1660
0500000US24037,24037,"St. Mary's County, Maryland",1815,811,1031,606,784,679
0500000US24043,24043,"Washington County, Maryland",1509,339,550,337,959,361
0500000US24045,24045,"Wicomico County, Maryland",1383,446,242,244,1141,523
0500000US24510,24510,"Baltimore city, Maryland",8019,984,2232,579,5787,996
0500000US25001,25001,"Barnstable County, Massachusetts",1821,541,628,303,1193,500
0500000US25003,25003,"Berkshire County, Massachusetts",1074,425,289,230,785,443
0500000US25005,25005,"Bristol County, Massachusetts",13054,1257,2969,919,10085,1293
0500000US25009,25009,"Essex County, Massachusetts",44287,2473,12426,1659,31861,2887
0500000US25011,25011,"Franklin County, Massachusetts",624,262,144,90,480,270
0500000US25013,25013,"Hampden County, Massachusetts",36018,1818,8677,1453,27341,2023
0500000US25015,25015,"Hampshire County, Massachusetts",2651,735,515,463,2136,655
0500000US25017,25017,"Middlesex County, Massachusetts",36944,1874,12329,1516,24615,1815
0500000US25021,25021,"Norfolk County, Massachusetts",8809,1158,3738,960,5071,1026
0500000US25023,25023,"Plymouth County, Massachusetts",5462,792,2639,706,2823,662
0500000US25025,25025,"Suffolk County, Massachusetts",54373,2424,9442,1442,44931,2305
0500000US25027,25027,"Worcester County, Massachusetts",27224,1456,6441,1240,20783,1565
0500000US26005,26005,"Allegan County, Michigan",1811,377,1690,356,121,140
0500000US26017,26017,"Bay County, Michigan",2044,533,1417,497,627,356
0500000US26021,26021,"Berrien County, Michigan",1580,354,885,346,695,416
0500000US26025,26025,"Calhoun County, Michigan",1858,568,1168,405,690,517
0500000US26037,26037,"Clinton County, Michigan",1049,245,359,159,690,204
0500000US26045,26045,"Eaton County, Michigan",1687,359,752,316,935,456
0500000US26049,26049,"Genesee County, Michigan",4540,638,2309,500,2231,520
0500000US26055,26055,"Grand Traverse County, Michigan",849,259,307,304,542,387
0500000US26065,26065,"Ingham County, Michigan",7006,630,2976,550,4030,719
0500000US26073,26073,"Isabella County, Michigan",405,208,252,160,153,148
0500000US26075,26075,"Jackson County, Michigan",1677,409,717,299,960,459
0500000US26077,26077,"Kalamazoo County, Michigan",3193,729,1622,601,1571,737
0500000US26081,26081,"Kent County, Michigan",16362,1340,6814,1313,9548,1475
0500000US26087,26087,"Lapeer County, Michigan",1169,344,458,262,711,385
0500000US26091,26091,"Lenawee County, Michigan",1977,400,1424,396,553,281
0500000US26093,26093,"Livingston County, Michigan",1432,427,909,315,523,363
0500000US26099,26099,"Macomb County, Michigan",6346,675,3685,627,2661,805
0500000US26111,26111,"Midland County, Michigan",628,225,310,213,318,295
0500000US26115,26115,"Monroe County, Michigan",1672,492,1263,506,409,352
0500000US26121,26121,"Muskegon County, Michigan",2679,571,1221,517,1458,547
0500000US26125,26125,"Oakland County, Michigan",13992,1038,7425,996,6567,934
0500000US26139,26139,"Ottawa County, Michigan",5811,967,2988,974,2823,746
0500000US26145,26145,"Saginaw County, Michigan",6141,611,4550,753,1591,692
0500000US26147,26147,"St. Clair County, Michigan",1658,334,775,266,883,331
0500000US26155,26155,"Shiawassee County, Michigan",427,162,268,172,159,126
0500000US26159,26159,"Van Buren County, Michigan",2072,472,1168,376,904,369
0500000US26161,26161,"Washtenaw County, Michigan",4906,752,2502,771,2404,623
0500000US26163,26163,"Wayne County, Michigan",28006,1458,17248,1440,10758,1631
0500000US27003,27003,"Anoka County, Minnesota",3341,465,2520,499,821,384
0500000US27013,27013,"Blue Earth County, Minnesota",663,319,321,230,342,313
0500000US27019,27019,"Carver County, Minnesota",1100,276,494,363,606,367
0500000US27037,27037,"Dakota County, Minnesota",7638,807,3127,763,4511,935
0500000US27053,27053,"Hennepin County, Minnesota",21344,1393,7282,1166,14062,1518
0500000US27109,27109,"Olmsted County, Minnesota",1786,493,907,487,879,418
0500000US27123,27123,"Ramsey County, Minnesota",9797,937,4055,557,5742,880
0500000US27131,27131,"Rice County, Minnesota",1469,354,931,454,538,322
0500000US27137,27137,"St. Louis County, Minnesota",594,193,318,175,276,208
0500000US27139,27139,"Scott County, Minnesota",1551,463,1061,428,490,420
0500000US27145,27145,"Stearns County, Minnesota",989,301,554,289,435,232
0500000US27163,27163,"Washington County, Minnesota",2378,484,2075,507,303,267
0500000US28033,28033,"DeSoto County, Mississippi",2143,500,1102,467,1041,517
0500000US28035,28035,"Forrest County, Mississippi",597,228,287,233,310,210
0500000US28047,28047,"Harrison County, Mississippi",2850,589,764,455,2086,678
0500000US28049,28049,"Hinds County, Mississippi",906,382,591,370,315,201
0500000US28059,28059,"Jackson County, Mississippi",2517,630,1390,771,1127,843
0500000US28067,28067,"Jones County, Mississippi",619,123,281,235,338,283
0500000US28081,28081,"Lee County, Mississippi",653,379,206,302,447,206
0500000US28089,28089,"Madison County, Mississippi",815,206,245,181,570,274
0500000US28121,28121,"Rankin County, Mississippi",1315,376,1091,444,224,237
0500000US29019,29019,"Boone County, Missouri",1763,499,506,408,1257,615
0500000US29021,29021,"Buchanan County, Missouri",1175,532,676,296,499,423
0500000US29031,29031,"Cape Girardeau County, Missouri",747,374,339,331,408,290
0500000US29037,29037,"Cass County, Missouri",885,283,535,288,350,388
0500000US29043,29043,"Christian County, Missouri",743,339,625,362,118,150
0500000US29047,29047,"Clay County, Missouri",4888,920,2750,883,2138,744
0500000US29071,29071,"Franklin County, Missouri",585,368,285,267,300,297
0500000US29077,29077,"Greene County, Missouri",2929,566,1216,527,1713,586
0500000US29095,29095,"Jackson County, Missouri",17658,1425,9513,1168,8145,1439
0500000US29097,29097,"Jasper County, Missouri",1971,464,1247,453,724,397
0500000US29099,29099,"Jefferson County, Missouri",1016,377,790,389,226,210
0500000US29165,29165,"Platte County, Missouri",1270,431,548,320,722,465
0500000US29183,29183,"St. Charles County, Missouri",3141,614,1806,670,1335,607
0500000US29189,29189,"St. Louis County, Missouri",8421,836,4918,873,3503,839
0500000US29510,29510,"St. Louis city, Missouri",4347,558,1252,401,3095,659
0500000US30013,30013,"Cascade County, Montana",1040,261,505,237,535,201
0500000US30029,30029,"Flathead County, Montana",701,256,510,194,191,213
0500000US30049,30049,"Lewis and Clark County, Montana",569,285,368,183,201,215
0500000US30063,30063,"Missoula County, Montana",1142,465,483,386,659,393
0500000US30111,30111,"Yellowstone County, Montana",2280,532,1055,585,1225,619
0500000US31055,31055,"Douglas County, Nebraska",16477,1091,7115,1095,9362,1222
0500000US31109,31109,"Lancaster County, Nebraska",6783,766,2717,793,4066,635
0500000US31153,31153,"Sarpy County, Nebraska",4105,616,2555,576,1550,537
0500000US32003,32003,"Clark County, Nevada",175388,4104,74571,3682,100817,4709
0500000US32031,32031,"Washoe County, Nevada",29621,1554,12180,1450,17441,1978
0500000US33009,33009,"Grafton County, New Hampshire",440,169,130,133,310,161
0500000US33011,33011,"Hillsborough County, New Hampshire",7323,999,1547,681,5776,1102
0500000US33013,33013,"Merrimack County, New Hampshire",640,342,403,272,237,226
0500000US33015,33015,"Rockingham County, New Hampshire",2520,593,1906,692,614,538
0500000US33017,33017,"Strafford County, New Hampshire",898,315,558,330,340,315
0500000US34001,34001,"Atlantic County, New Jersey",11925,1315,5134,1013,6791,1125
0500000US34003,34003,"Bergen County, New Jersey",53343,2104,21354,1946,31989,2364
0500000US34005,34005,"Burlington County, New Jersey",10797,1157,6026,1002,4771,1032
0500000US34007,34007,"Camden County, New Jersey",24083,1785,11122,1546,12961,1898
0500000US34009,34009,"Cape May County, New Jersey",2316,489,1160,678,1156,651
0500000US34011,34011,"Cumberland County, New Jersey",12526,1175,4077,944,8449,1320
0500000US34013,34013,"Essex County, New Jersey",53846,2121,15082,1606,38764,1858
0500000US34015,34015,"Gloucester County, New Jersey",3305,595,2013,618,1292,565
0500000US34017,34017,"Hudson County, New Jersey",94289,2507,19661,1766,74628,2913
0500000US34019,34019,"Hunterdon County, New Jersey",2293,380,911,354,1382,376
0500000US34021,34021,"Mercer County, New Jersey",15450,1368,5185,1191,10265,1530
0500000US34023,34023,"Middlesex County, New Jersey",46966,2117,17831,1786,29135,2251
0500000US34025,34025,"Monmouth County, New Jersey",19042,1244,7871,1181,11171,1310
0500000US34027,34027,"Morris County, New Jersey",17760,1301,8478,1188,9282,1185
0500000US34029,34029,"Ocean County, New Jersey",14825,1417,8106,1487,6719,1293
0500000US34031,34031,"Passaic County, New Jersey",55308,1894,14226,1535,41082,2322
0500000US34033,34033,"Salem County, New Jersey",1254,437,130,130,1124,395
0500000US34035,34035,"Somerset County, New Jersey",12977,1064,6009,1035,6968,1193
0500000US34037,34037,"Sussex County, New Jersey",3251,732,2363,882,888,543
0500000US34039,34039,"Union County, New Jersey",48458,1840,17153,1912,31305,2322
0500000US34041,34041,"Warren County, New Jersey",2427,416,1166,412,1261,452
0500000US35001,35001,"Bernalillo County, New Mexico",111314,2794,70038,3246,41276,3473
0500000US35005,35005,"Chaves County, New Mexico",10285,982,6885,1076,3400,1020
0500000US35013,35013,"Doña Ana County, New Mexico",45544,2063,26609,1801,18935,2356
0500000US35025,35025,"Lea County, New Mexico",9054,928,6296,927,2758,709
0500000US35031,35031,"McKinley County, New Mexico",3011,652,2239,575,772,466
0500000US35035,35035,"Otero County, New Mexico",5483,944,4075,846,1408,550
0500000US35043,35043,"Sandoval County, New Mexico",15965,1301,12469,1565,3496,1020
0500000US35045,35045,"San Juan County, New Mexico",6967,732,4789,739,2178,683
0500000US35049,35049,"Santa Fe County, New Mexico",23526,1555,16279,1271,7247,1514
0500000US35061,35061,"Valencia County, New Mexico",15032,1050,10907,958,4125,1045
0500000US36001,36001,"Albany County, New York",5000,773,998,402,4002,826
0500000US36005,36005,"Bronx County, New York",265594,3464,30918,2644,234676,4698
0500000US36007,36007,"Broome County, New York",2562,505,736,403,1826,493
0500000US36009,36009,"Cattaraugus County, New York",306,174,231,176,75,87
0500000US36013,36013,"Chautauqua County, New York",2821,563,835,283,1986,554
0500000US36015,36015,"Chemung County, New York",597,330,258,159,339,317
0500000US36027,36027,"Dutchess County, New York",8974,1063,4179,800,4795,943
0500000US36029,36029,"Erie County, New York",13075,1015,3615,967,9460,1177
0500000US36045,36045,"Jefferson County, New York",1618,422,162,138,1456,387
0500000US36047,36047,"Kings County, New York",160720,3086,24476,1997,136244,3408
0500000US36051,36051,"Livingston County, New York",522,247,382,272,140,143
0500000US36055,36055,"Monroe County, New York",18287,1387,5272,921,13015,1417
0500000US36059,36059,"Nassau County, New York",54397,2079,30635,2110,23762,2016
0500000US36061,36061,"New York County, New York",145445,5362,9848,1586,135597,5080
0500000US36063,36063,"Niagara County, New York",1686,333,1011,297,675,367
0500000US36065,36065,"Oneida County, New York",3086,587,775,317,2311,673
0500000US36067,36067,"Onondaga County, New York",6805,728,2285,590,4520,882
0500000US36069,36069,"Ontario County, New York",1841,365,582,291,1259,340
0500000US36071,36071,"Orange County, New York",20613,1469,8939,1366,11674,1768
0500000US36075,36075,"Oswego County, New York",864,481,554,364,310,284
0500000US36079,36079,"Putnam County, New York",3434,519,1800,486,1634,451
0500000US36081,36081,"Queens County, New York",184925,4294,49364,3119,135561,4089
0500000US36083,36083,"Rensselaer County, New York",2250,637,630,405,1620,565
0500000US36085,36085,"Richmond County, New York",25069,1489,10821,1283,14248,1833
0500000US36087,36087,"Rockland County, New York",13519,1071,6464,1051,7055,1082
0500000US36089,36089,"St. Lawrence County, New York",260,155,152,116,108,110
0500000US36091,36091,"Saratoga County, New York",1688,544,888,374,800,457
0500000US36093,36093,"Schenectady County, New York",2866,734,813,557,2053,705
0500000US36101,36101,"Steuben County, New York",423,206,141,119,282,172
0500000US36103,36103,"Suffolk County, New York",58677,2786,34397,2850,24280,2595
0500000US36105,36105,"Sullivan County, New York",2808,599,1479,570,1329,498
0500000US36109,36109,"Tompkins County, New York",1686,555,606,454,1080,490
0500000US36111,36111,"Ulster County, New York",3444,597,1686,466,1758,531
0500000US36113,36113,"Warren County, New York",375,192,317,188,58,73
0500000US36117,36117,"Wayne County, New York",1117,427,757,461,360,385
0500000US36119,36119,"Westchester County, New York",66545,2323,20612,1738,45933,2702
0500000US37001,37001,"Alamance County, North Carolina",5949,655,2329,729,3620,852
0500000US37019,37019,"Brunswick County, North Carolina",2643,1486,829,495,1814,1566
0500000US37021,37021,"Buncombe County, North Carolina",4057,622,1890,674,2167,767
0500000US37023,37023,"Burke County, North Carolina",1283,399,192,214,1091,386
0500000US37025,37025,"Cabarrus County, North Carolina",5193,666,2249,838,2944,906
0500000US37027,37027,"Caldwell County, North Carolina",881,422,283,199,598,420
0500000US37031,37031,"Carteret County, North Carolina",612,215,188,124,424,206
0500000US37035,37035,"Catawba County, North Carolina",3612,639,1438,626,2174,658
0500000US37037,37037,"Chatham County, North Carolina",2301,477,847,272,1454,543
0500000US37045,37045,"Cleveland County, North Carolina",456,209,78,91,378,200
0500000US37049,37049,"Craven County, North Carolina",1895,488,909,437,986,441
0500000US37051,37051,"Cumberland County, North Carolina",12181,1025,4777,962,7404,1045
0500000US37057,37057,"Davidson County, North Carolina",2756,756,774,332,1982,761
0500000US37063,37063,"Durham County, North Carolina",10663,1012,3699,904,6964,1106
0500000US37067,37067,"Forsyth County, North Carolina",11500,1040,5263,865,6237,1232
0500000US37071,37071,"Gaston County, North Carolina",3508,472,1523,456,1985,575
0500000US37081,37081,"Guilford County, North Carolina",10689,987,4525,752,6164,1019
0500000US37085,37085,"Harnett County, North Carolina",3385,597,1571,527,1814,562
0500000US37089,37089,"Henderson County, North Carolina",3298,828,1692,653,1606,835
0500000US37097,37097,"Iredell County, North Carolina",3626,545,1636,599,1990,643
0500000US37101,37101,"Johnston County, North Carolina",5221,824,2758,783,2463,865
0500000US37109,37109,"Lincoln County, North Carolina",1586,414,596,491,990,401
0500000US37119,37119,"Mecklenburg County, North Carolina",36731,1937,13413,1580,23318,2219
0500000US37125,37125,"Moore County, North Carolina",1347,698,732,508,615,551
0500000US37127,37127,"Nash County, North Carolina",2021,736,781,366,1240,802
0500000US37129,37129,"New Hanover County, North Carolina",2949,808,814,523,2135,882
0500000US37133,37133,"Onslow County, North Carolina",5299,1037,1216,683,4083,1069
0500000US37135,37135,"Orange County, North Carolina",2580,479,1361,406,1219,546
0500000US37147,37147,"Pitt County, North Carolina",3309,633,1749,865,1560,685
0500000US37151,37151,"Randolph County, North Carolina",4061,728,2444,669,1617,690
0500000US37155,37155,"Robeson County, North Carolina",2500,402,1366,345,1134,324
0500000US37157,37157,"Rockingham County, North Carolina",1438,314,915,438,523,401
0500000US37159,37159,"Rowan County, North Carolina",2776,690,1422,649,1354,628
0500000US37171,37171,"Surry County, North Carolina",1568,279,799,324,769,241
0500000US37179,37179,"Union County, North Carolina",5726,767,3223,760,2503,690
0500000US37183,37183,"Wake County, North Carolina",26493,1710,11925,1936,14568,1562
0500000US37191,37191,"Wayne County, North Carolina",3415,548,1357,550,2058,721
0500000US37193,37193,"Wilkes County, North Carolina",995,289,254,168,741,292
0500000US37195,37195,"Wilson County, North Carolina",1721,415,778,375,943,348
0500000US38015,38015,"Burleigh County, North Dakota",791,282,670,361,121,175
0500000US38017,38017,"Cass County, North Dakota",1518,640,196,206,1322,677
0500000US39003,39003,"Allen County, Ohio",975,475,355,379,620,346
0500000US39007,39007,"Ashtabula County, Ohio",1149,255,400,314,749,298
0500000US39009,39009,"Athens County, Ohio",471,215,297,207,174,211
0500000US39017,39017,"Butler County, Ohio",4366,702,1417,543,2949,788
0500000US39023,39023,"Clark County, Ohio",1034,254,267,180,767,224
0500000US39025,39025,"Clermont County, Ohio",673,395,417,256,256,305
0500000US39029,39029,"Columbiana County, Ohio",340,162,97,130,243,91
0500000US39035,39035,"Cuyahoga County, Ohio",23321,1293,9957,1183,13364,1384
0500000US39041,39041,"Delaware County, Ohio",697,312,267,187,430,276
0500000US39043,39043,"Erie County, Ohio",751,243,342,246,409,302
0500000US39045,39045,"Fairfield County, Ohio",884,305,470,381,414,209
0500000US39049,39049,"Franklin County, Ohio",18984,1769,6975,1349,12009,1516
0500000US39057,39057,"Greene County, Ohio",864,383,447,227,417,384
0500000US39061,39061,"Hamilton County, Ohio",7649,736,3124,695,4525,828
0500000US39063,39063,"Hancock County, Ohio",1540,442,312,287,1228,494
0500000US39085,39085,"Lake County, Ohio",1939,441,908,462,1031,489
0500000US39093,39093,"Lorain County, Ohio",10133,1050,5943,943,4190,1113
0500000US39095,39095,"Lucas County, Ohio",8515,1080,3723,667,4792,1088
0500000US39099,39099,"Mahoning County, Ohio",4297,673,2692,581,1605,710
0500000US39113,39113,"Montgomery County, Ohio",4703,898,1774,637,2929,817
0500000US39151,39151,"Stark County, Ohio",2129,440,717,376,1412,458
0500000US39153,39153,"Summit County, Ohio",2664,495,1230,453,1434,538
0500000US39155,39155,"Trumbull County, Ohio",1320,345,325,299,995,395
0500000US39157,39157,"Tuscarawas County, Ohio",225,73,78,92,147,97
0500000US39165,39165,"Warren County, Ohio",1833,517,518,446,1315,573
0500000US39169,39169,"Wayne County, Ohio",662,155,164,181,498,200
0500000US39173,39173,"Wood County, Ohio",2726,634,1497,591,1229,615
0500000US40017,40017,"Canadian County, Oklahoma",2048,429,1334,493,714,349
0500000US40027,40027,"Cleveland County, Oklahoma",7616,894,3921,886,3695,1105
0500000US40031,40031,"Comanche County, Oklahoma",4301,759,1855,670,2446,585
0500000US40037,40037,"Creek County, Oklahoma",735,222,455,218,280,189
0500000US40101,40101,"Muskogee County, Oklahoma",1035,350,537,279,498,320
0500000US40109,40109,"Oklahoma County, Oklahoma",33111,1549,15436,1365,17675,1761
0500000US40119,40119,"Payne County, Oklahoma",1379,455,497,307,882,462
0500000US40125,40125,"Pottawatomie County, Oklahoma",804,211,532,198,272,138
0500000US40131,40131,"Rogers County, Oklahoma",1082,248,685,223,397,228
0500000US40143,40143,"Tulsa County, Oklahoma",21430,942,9360,878,12070,974
0500000US40145,40145,"Wagoner County, Oklahoma",1154,253,672,253,482,210
0500000US41003,41003,"Benton County, Oregon",1324,485,145,163,1179,417
0500000US41005,41005,"Clackamas County, Oregon",9431,1210,4381,978,5050,1035
0500000US41017,41017,"Deschutes County, Oregon",3953,956,1054,501,2899,908
0500000US41019,41019,"Douglas County, Oregon",1303,411,594,235,709,318
0500000US41029,41029,"Jackson County, Oregon",7351,1142,3031,828,4320,1222
0500000US41033,41033,"Josephine County, Oregon",2203,709,1128,486,1075,625
0500000US41035,41035,"Klamath County, Oregon",1779,540,811,417,968,497
0500000US41039,41039,"Lane County, Oregon",8896,1125,3731,968,5165,1173
0500000US41043,41043,"Linn County, Oregon",2384,548,694,312,1690,532
0500000US41047,41047,"Marion County, Oregon",19440,1222,7809,1191,11631,1612
0500000US41051,41051,"Multnomah County, Oregon",23757,1753,9402,1407,14355,1787
0500000US41053,41053,"Polk County, Oregon",2593,562,1187,395,1406,602
0500000US41059,41059,"Umatilla County, Oregon",4506,843,2924,870,1582,773
0500000US41067,41067,"Washington County, Oregon",23321,1444,9140,1323,14181,1683
0500000US41071,41071,"Yamhill County, Oregon",4387,911,1722,824,2665,761
0500000US42001,42001,"Adams County, Pennsylvania",1591,291,658,272,933,235
0500000US42003,42003,"Allegheny County, Pennsylvania",8765,987,3662,694,5103,908
0500000US42007,42007,"Beaver County, Pennsylvania",952,596,299,251,653,541
0500000US42011,42011,"Berks County, Pennsylvania",21106,1396,8857,1155,12249,1375
0500000US42017,42017,"Bucks County, Pennsylvania",10230,868,5427,922,4803,1114
0500000US42019,42019,"Butler County, Pennsylvania",926,247,750,235,176,158
0500000US42021,42021,"Cambria County, Pennsylvania",424,187,199,133,225,142
0500000US42025,42025,"Carbon County, Pennsylvania",1372,404,572,502,800,643
0500000US42027,42027,"Centre County, Pennsylvania",1498,377,535,297,963,370
0500000US42029,42029,"Chester County, Pennsylvania",9322,860,4608,791,4714,971
0500000US42037,42037,"Columbia County, Pennsylvania",468,226,165,137,303,327
0500000US42041,42041,"Cumberland County, Pennsylvania",1836,626,386,331,1450,598
0500000US42043,42043,"Dauphin County, Pennsylvania",7976,857,2492,838,5484,880
0500000US42045,42045,"Delaware County, Pennsylvania",5377,804,2862,703,2515,623
0500000US42049,42049,"Erie County, Pennsylvania",2515,514,1111,414,1404,553
0500000US42055,42055,"Franklin County, Pennsylvania",1987,912,304,360,1683,748
0500000US42069,42069,"Lackawanna County, Pennsylvania",4436,665,765,433,3671,657
0500000US42071,42071,"Lancaster County, Pennsylvania",15077,1411,5042,1005,10035,1509
0500000US42073,42073,"Lawrence County, Pennsylvania",503,174,292,160,211,225
0500000US42075,42075,"Lebanon County, Pennsylvania",4673,818,1315,570,3358,738
0500000US42077,42077,"Lehigh County, Pennsylvania",25008,1592,9103,1343,15905,1620
0500000US42079,42079,"Luzerne County, Pennsylvania",9557,953,3185,759,6372,1166
0500000US42081,42081,"Lycoming County, Pennsylvania",496,201,327,181,169,163
0500000US42089,42089,"Monroe County, Pennsylvania",7171,873,4254,946,2917,1053
0500000US42091,42091,"Montgomery County, Pennsylvania",10837,900,4615,816,6222,959
0500000US42095,42095,"Northampton County, Pennsylvania",11276,861,3651,831,7625,1106
0500000US42097,42097,"Northumberland County, Pennsylvania",700,343,221,168,479,368
0500000US42101,42101,"Philadelphia County, Pennsylvania",66015,3050,27086,2649,38929,2923
0500000US42107,42107,"Schuylkill County, Pennsylvania",1812,375,177,155,1635,392
0500000US42125,42125,"Washington County, Pennsylvania",921,243,336,261,585,290
0500000US42129,42129,"Westmoreland County, Pennsylvania",1230,378,495,225,735,401
0500000US42133,42133,"York County, Pennsylvania",8770,1003,3893,999,4877,1069
0500000US44003,44003,"Kent County, Rhode Island",1905,527,1215,428,690,478
0500000US44007,44007,"Providence County, Rhode Island",39508,2106,9563,1306,29945,2633
0500000US44009,44009,"Washington County, Rhode Island",833,360,124,166,709,314
0500000US45003,45003,"Aiken County, South Carolina",2770,615,1483,544,1287,703
0500000US45007,45007,"Anderson County, South Carolina",1338,456,274,228,1064,552
0500000US45013,45013,"Beaufort County, South Carolina",5151,1110,2221,852,2930,947
0500000US45015,45015,"Berkeley County, South Carolina",3498,589,1743,553,1755,519
0500000US45019,45019,"Charleston County, South Carolina",5657,826,2626,840,3031,756
0500000US45035,45035,"Dorchester County, South Carolina",2239,908,1453,952,786,657
0500000US45041,45041,"Florence County, South Carolina",977,307,572,440,405,321
0500000US45045,45045,"Greenville County, South Carolina",11484,1228,4930,963,6554,1295
0500000US45051,45051,"Horry County, South Carolina",4948,738,2288,778,2660,864
0500000US45057,45057,"Lancaster County, South Carolina",1665,548,1665,548,0,207
0500000US45059,45059,"Laurens County, South Carolina",431,208,292,183,139,162
0500000US45063,45063,"Lexington County, South Carolina",4153,607,1409,589,2744,744
0500000US45073,45073,"Oconee County, South Carolina",1032,253,490,261,542,346
0500000US45077,45077,"Pickens County, South Carolina",1169,578,325,385,844,568
0500000US45079,45079,"Richland County, South Carolina",6012,951,2305,888,3707,813
0500000US45083,45083,"Spartanburg County, South Carolina",5075,680,2826,659,2249,709
0500000US45085,45085,"Sumter County, South Carolina",1534,494,680,427,854,597
0500000US45091,45091,"York County, South Carolina",2981,605,1889,665,1092,569
0500000US46099,46099,"Minnehaha County, South Dakota",1860,397,719,313,1141,407
0500000US46103,46103,"Pennington County, South Dakota",1190,432,477,283,713,445
0500000US47001,47001,"Anderson County, Tennessee",497,279,218,254,279,186
0500000US47009,47009,"Blount County, Tennessee",840,248,417,228,423,258
0500000US47011,47011,"Bradley County, Tennessee",1759,298,466,287,1293,420
0500000US47037,47037,"Davidson County, Tennessee",19330,1346,6882,1197,12448,1573
0500000US47065,47065,"Hamilton County, Tennessee",4244,932,971,637,3273,802
0500000US47093,47093,"Knox County, Tennessee",5573,654,1924,536,3649,842
0500000US47113,47113,"Madison County, Tennessee",1115,224,418,264,697,327
0500000US47119,47119,"Maury County, Tennessee",986,247,570,247,416,270
0500000US47125,47125,"Montgomery County, Tennessee",6896,633,3261,759,3635,792
0500000US47141,47141,"Putnam County, Tennessee",1128,310,541,345,587,297
0500000US47147,47147,"Robertson County, Tennessee",994,232,443,335,551,225
0500000US47149,47149,"Rutherford County, Tennessee",5771,710,2618,731,3153,967
0500000US47155,47155,"Sevier County, Tennessee",1421,382,370,316,1051,435
0500000US47157,47157,"Shelby County, Tennessee",14149,1181,5234,748,8915,1211
0500000US47163,47163,"Sullivan County, Tennessee",440,223,211,176,229,200
0500000US47165,47165,"Sumner County, Tennessee",2291,429,1047,489,1244,579
0500000US47179,47179,"Washington County, Tennessee",1173,314,674,318,499,324
0500000US47187,47187,"Williamson County, Tennessee",2931,516,1249,665,1682,605
0500000US47189,47189,"Wilson County, Tennessee",1501,480,747,426,754,504
0500000US48005,48005,"Angelina County, Texas",4638,759,2645,787,1993,671
0500000US48021,48021,"Bastrop County, Texas",6214,985,4614,763,1600,823
0500000US48027,48027,"Bell County, Texas",23443,1647,11579,1325,11864,1706
0500000US48029,48029,"Bexar County, Texas",330791,5393,181919,5023,148872,6612
0500000US48037,48037,"Bowie County, Texas",1907,894,865,812,1042,522
0500000US48039,48039,"Brazoria County, Texas",28832,2283,19120,2291,9712,1629
0500000US48041,48041,"Brazos County, Texas",15346,1368,6554,1240,8792,1733
0500000US48061,48061,"Cameron County, Texas",101018,2425,65128,2822,35890,2547
0500000US48085,48085,"Collin County, Texas",38159,2025,20532,1808,17627,2321
0500000US48091,48091,"Comal County, Texas",9512,775,6358,889,3154,808
0500000US48099,48099,"Coryell County, Texas",3547,570,2184,587,1363,516
0500000US48113,48113,"Dallas County, Texas",272926,4316,128374,4486,144552,4839
0500000US48121,48121,"Denton County, Texas",40718,1804,22084,1880,18634,2065
0500000US48135,48135,"Ector County, Texas",25530,1606,14540,1397,10990,1815
0500000US48139,48139,"Ellis County, Texas",11064,889,7224,870,3840,912
0500000US48141,48141,"El Paso County, Texas",205636,3533,127411,4488,78225,4109
0500000US48157,48157,"Fort Bend County, Texas",46684,2116,31159,2621,15525,2598
0500000US48167,48167,"Galveston County, Texas",23195,1539,12057,1399,11138,1879
0500000US48181,48181,"Grayson County, Texas",3349,575,2067,500,1282,613
0500000US48183,48183,"Gregg County, Texas",5619,634,4185,833,1434,624
0500000US48187,48187,"Guadalupe County, Texas",16251,1392,11736,1205,4515,1252
0500000US48201,48201,"Harris County, Texas",549672,6865,263510,6460,286162,8327
0500000US48203,48203,"Harrison County, Texas",1966,310,1421,377,545,353
0500000US48209,48209,"Hays County, Texas",21559,1536,11640,1538,9919,1824
0500000US48213,48213,"Henderson County, Texas",2202,435,2043,420,159,255
0500000US48215,48215,"Hidalgo County, Texas",204599,4394,133176,4241,71423,4701
0500000US48231,48231,"Hunt County, Texas",3278,510,2671,458,607,293
0500000US48245,48245,"Jefferson County, Texas",13425,1378,7220,1033,6205,1266
0500000US48251,48251,"Johnson County, Texas",8367,949,5649,820,2718,788
0500000US48257,48257,"Kaufman County, Texas",6351,733,4598,859,1753,809
0500000US48291,48291,"Liberty County, Texas",4162,776,3224,867,938,633
0500000US48303,48303,"Lubbock County, Texas",31640,1815,14652,1566,16988,1857
0500000US48309,48309,"McLennan County, Texas",17668,1238,9836,1014,7832,1343
0500000US48329,48329,"Midland County, Texas",20626,1500,12224,1534,8402,1593
0500000US48339,48339,"Montgomery County, Texas",33795,2118,21223,2260,12572,2031
0500000US48347,48347,"Nacogdoches County, Texas",3124,798,1149,721,1975,636
0500000US48355,48355,"Nueces County, Texas",74471,2949,41804,2087,32667,2670
0500000US48361,48361,"Orange County, Texas",1676,314,917,321,759,413
0500000US48367,48367,"Parker County, Texas",3125,638,1974,626,1151,558
0500000US48375,48375,"Potter County, Texas",13898,954,7212,1078,6686,1301
0500000US48381,48381,"Randall County, Texas",6751,928,3749,917,3002,910
0500000US48397,48397,"Rockwall County, Texas",3702,609,2926,549,776,478
0500000US48409,48409,"San Patricio County, Texas",13112,814,8022,1002,5090,955
0500000US48423,48423,"Smith County, Texas",9710,932,5940,945,3770,915
0500000US48439,48439,"Tarrant County, Texas",152797,4447,79201,3619,73596,4790
0500000US48441,48441,"Taylor County, Texas",8843,904,4951,748,3892,839
0500000US48451,48451,"Tom Green County, Texas",14786,1028,8431,1254,6355,1143
0500000US48453,48453,"Travis County, Texas",115942,3658,46494,3243,69448,4081
0500000US48469,48469,"Victoria County, Texas",12357,1132,5946,961,6411,1210
0500000US48471,48471,"Walker County, Texas",2826,766,1316,633,1510,888
0500000US48479,48479,"Webb County, Texas",68862,1607,43769,2120,25093,2012
0500000US48485,48485,"Wichita County, Texas",6697,1065,3898,872,2799,987
0500000US48491,48491,"Williamson County, Texas",30155,2320,17534,2047,12621,1893
0500000US49005,49005,"Cache County, Utah",3124,451,1600,455,1524,585
0500000US49011,49011,"Davis County, Utah",9492,972,5135,1009,4357,1313
0500000US49035,49035,"Salt Lake County, Utah",49595,1997,24434,2014,25161,2185
0500000US49049,49049,"Utah County, Utah",13151,933,7024,1083,6127,995
0500000US49053,49053,"Washington County, Utah",3685,1029,1154,556,2531,918
0500000US49057,49057,"Weber County, Utah",12017,1127,6814,1105,5203,1098
0500000US50007,50007,"Chittenden County, Vermont",1471,348,421,241,1050,451
0500000US51003,51003,"Albemarle County, Virginia",1192,400,391,241,801,359
0500000US51013,51013,"Arlington County, Virginia",12014,1406,4513,977,7501,1487
0500000US51041,51041,"Chesterfield County, Virginia",7576,906,4415,914,3161,684
0500000US51059,51059,"Fairfax County, Virginia",46801,2000,21138,2090,25663,2006
0500000US51061,51061,"Fauquier County, Virginia",1182,432,525,278,657,516
0500000US51069,51069,"Frederick County, Virginia",1938,298,1538,438,400,379
0500000US51085,51085,"Hanover County, Virginia",1013,325,816,359,197,201
0500000US51087,51087,"Henrico County, Virginia",5696,798,2315,785,3381,1098
0500000US51095,51095,"James City County, Virginia",954,330,616,230,338,302
0500000US51107,51107,"Loudoun County, Virginia",12678,1615,7448,1146,5230,1728
0500000US51121,51121,"Montgomery County, Virginia",635,328,378,267,257,233
0500000US51153,51153,"Prince William County, Virginia",23463,1656,13436,1631,10027,1620
0500000US51161,51161,"Roanoke County, Virginia",738,207,250,282,488,296
0500000US51165,51165,"Rockingham County, Virginia",1185,355,365,272,820,543
0500000US51177,51177,"Spotsylvania County, Virginia",2843,363,2235,381,608,313
0500000US51179,51179,"Stafford County, Virginia",4930,637,2598,753,2332,809
0500000US51199,51199,"York County, Virginia",789,346,481,309,308,284
0500000US51510,51510,"Alexandria city, Virginia",7861,861,802,344,7059,801
0500000US51550,51550,"Chesapeake city, Virginia",4258,794,2359,867,1899,625
0500000US51650,51650,"Hampton city, Virginia",2541,707,1135,532,1406,869
0500000US51680,51680,"Lynchburg city, Virginia",694,448,150,179,544,395
0500000US51700,51700,"Newport News city, Virginia",4471,729,1809,661,2662,806
0500000US51710,51710,"Norfolk city, Virginia",5326,835,1834,601,3492,793
0500000US51740,51740,"Portsmouth city, Virginia",1458,402,531,300,927,423
0500000US51760,51760,"Richmond city, Virginia",3743,733,369,198,3374,715
0500000US51770,51770,"Roanoke city, Virginia",2337,662,445,535,1892,817
0500000US51800,51800,"Suffolk city, Virginia",1050,283,548,320,502,310
0500000US51810,51810,"Virginia Beach city, Virginia",9880,1062,4026,725,5854,1119
0500000US53005,53005,"Benton County, Washington",11040,927,5496,970,5544,1142
0500000US53007,53007,"Chelan County, Washington",4694,910,2771,1102,1923,878
0500000US53009,53009,"Clallam County, Washington",851,412,332,268,519,345
0500000US53011,53011,"Clark County, Washington",9999,962,3777,890,6222,958
0500000US53015,53015,"Cowlitz County, Washington",2271,515,1164,518,1107,572
0500000US53021,53021,"Franklin County, Washington",11899,786,6786,1087,5113,1142
0500000US53025,53025,"Grant County, Washington",7881,834,3589,747,4292,759
0500000US53027,53027,"Grays Harbor County, Washington",1913,381,1054,454,859,446
0500000US53029,53029,"Island County, Washington",1983,417,471,257,1512,430
0500000US53033,53033,"King County, Washington",57410,2727,18782,2260,38628,2883
0500000US53035,53035,"Kitsap County, Washington",5570,867,2580,546,2990,874
0500000US53041,53041,"Lewis County, Washington",1351,410,515,253,836,456
0500000US53053,53053,"Pierce County, Washington",22382,1442,9830,1541,12552,1815
0500000US53057,53057,"Skagit County, Washington",4503,632,1731,666,2772,723
0500000US53061,53061,"Snohomish County, Washington",19827,1445,8152,1269,11675,1581
0500000US53063,53063,"Spokane County, Washington",7494,856,3044,803,4450,867
0500000US53067,53067,"Thurston County, Washington",5935,1047,4239,1056,1696,536
0500000US53073,53073,"Whatcom County, Washington",6039,994,2099,845,3940,1230
0500000US53077,53077,"Yakima County, Washington",30196,1579,14867,1643,15329,1579
0500000US54003,54003,"Berkeley County, West Virginia",919,355,567,227,352,317
0500000US54033,54033,"Harrison County, West Virginia",512,162,173,135,339,184
0500000US54039,54039,"Kanawha County, West Virginia",660,332,115,120,545,343
0500000US54061,54061,"Monongalia County, West Virginia",494,310,108,139,386,269
0500000US55009,55009,"Brown County, Wisconsin",5020,906,2310,807,2710,865
0500000US55025,55025,"Dane County, Wisconsin",9037,1077,3341,776,5696,1181
0500000US55027,55027,"Dodge County, Wisconsin",1001,250,376,144,625,288
0500000US55035,55035,"Eau Claire County, Wisconsin",574,330,117,96,457,315
0500000US55039,55039,"Fond du Lac County, Wisconsin",1226,258,129,137,1097,290
0500000US55055,55055,"Jefferson County, Wisconsin",1196,366,368,259,828,406
0500000US55059,55059,"Kenosha County, Wisconsin",6788,1142,2147,578,4641,1140
0500000US55063,55063,"La Crosse County, Wisconsin",803,254,175,167,628,282
0500000US55071,55071,"Manitowoc County, Wisconsin",833,164,208,199,625,186
0500000US55073,55073,"Marathon County, Wisconsin",892,243,237,210,655,297
0500000US55079,55079,"Milwaukee County, Wisconsin",40040,1528,14996,1435,25044,1913
0500000US55087,55087,"Outagamie County, Wisconsin",2040,462,945,367,1095,447
0500000US55089,55089,"Ozaukee County, Wisconsin",584,270,283,276,301,261
0500000US55097,55097,"Portage County, Wisconsin",438,215,216,144,222,187
0500000US55101,55101,"Racine County, Wisconsin",7344,863,3176,702,4168,1070
0500000US55105,55105,"Rock County, Wisconsin",3008,476,1335,420,1673,516
0500000US55109,55109,"St. Croix County, Wisconsin",826,148,216,275,610,263
0500000US55117,55117,"Sheboygan County, Wisconsin",1639,381,858,427,781,308
0500000US55127,55127,"Walworth County, Wisconsin",3096,631,1064,504,2032,643
0500000US55131,55131,"Washington County, Wisconsin",665,300,391,245,274,250
0500000US55133,55133,"Waukesha County, Wisconsin",5664,737,2169,609,3495,893
0500000US55139,55139,"Winnebago County, Wisconsin",1603,427,789,381,814,417
0500000US55141,55141,"Wood County, Wisconsin",494,204,333,228,161,149
0500000US56021,56021,"Laramie County, Wyoming",4723,685,2863,648,1860,740
0500000US56025,56025,"Natrona County, Wyoming",2119,880,1387,788,732,486
