GEO.id,GEO.id2,GEO.display-label,HD01_VD01,HD02_VD01,HD01_VD02,HD02_VD02,HD01_VD03,HD02_VD03
Id,Id2,Geography,Estimate; Total:,Margin of Error; Total:,Estimate; Total: - Owner occupied,Margin of Error; Total: - Owner occupied,Estimate; Total: - Renter occupied,Margin of Error; Total: - Renter occupied
0500000US01003,01003,"Baldwin County, Alabama",1754,384,420,278,1334,390
0500000US01015,01015,"Calhoun County, Alabama",1241,571,753,492,488,511
0500000US01043,01043,"Cullman County, Alabama",663,333,444,221,219,297
0500000US01049,01049,"DeKalb County, Alabama",1260,555,551,389,709,466
0500000US01055,01055,"Etowah County, Alabama",1125,290,299,264,826,263
0500000US01069,01069,"Houston County, Alabama",1002,255,399,194,603,235
0500000US01073,01073,"Jefferson County, Alabama",6632,814,2102,589,4530,796
0500000US01081,01081,"Lee County, Alabama",1491,648,828,659,663,395
0500000US01083,01083,"Limestone County, Alabama",796,254,447,294,349,190
0500000US01089,01089,"Madison County, Alabama",3623,687,2265,546,1358,503
0500000US01095,01095,"Marshall County, Alabama",2129,697,1060,525,1069,658
0500000US01097,01097,"Mobile County, Alabama",3589,827,2153,724,1436,699
0500000US01101,01101,"Montgomery County, Alabama",1579,412,618,316,961,409
0500000US01103,01103,"Morgan County, Alabama",2281,363,1361,370,920,386
0500000US01117,01117,"Shelby County, Alabama",2574,426,1435,392,1139,431
0500000US01125,01125,"Tuscaloosa County, Alabama",1881,509,815,645,1066,578
0500000US02020,02020,"Anchorage Municipality, Alaska",7923,937,3330,924,4593,950
0500000US02090,02090,"Fairbanks North Star Borough, Alaska",1597,633,642,378,955,636
0500000US02170,02170,"Matanuska-Susitna Borough, Alaska",801,266,488,182,313,198
0500000US04001,04001,"Apache County, Arizona",990,324,743,294,247,256
0500000US04003,04003,"Cochise County, Arizona",12253,1135,7099,913,5154,1028
0500000US04005,04005,"Coconino County, Arizona",5299,696,2485,618,2814,681
0500000US04013,04013,"Maricopa County, Arizona",301567,5009,138789,4636,162778,5798
0500000US04015,04015,"Mohave County, Arizona",6264,1234,2847,879,3417,1049
0500000US04017,04017,"Navajo County, Arizona",3025,545,1917,481,1108,510
0500000US04019,04019,"Pima County, Arizona",102842,2824,55847,2846,46995,2752
0500000US04021,04021,"Pinal County, Arizona",25684,1696,16345,1633,9339,1579
0500000US04025,04025,"Yavapai County, Arizona",8433,1052,4468,1162,3965,1275
0500000US04027,04027,"Yuma County, Arizona",35852,1697,22821,1912,13031,1788
0500000US05007,05007,"Benton County, Arkansas",8536,825,5401,821,3135,754
0500000US05031,05031,"Craighead County, Arkansas",1403,541,737,569,666,545
0500000US05045,05045,"Faulkner County, Arkansas",1367,386,708,320,659,399
0500000US05051,05051,"Garland County, Arkansas",1216,544,610,360,606,402
0500000US05085,05085,"Lonoke County, Arkansas",751,188,280,214,471,253
0500000US05119,05119,"Pulaski County, Arkansas",7157,1040,3188,805,3969,1051
0500000US05125,05125,"Saline County, Arkansas",1280,425,1114,513,166,192
0500000US05131,05131,"Sebastian County, Arkansas",4222,611,1848,440,2374,744
0500000US05143,05143,"Washington County, Arkansas",8734,1090,4011,1012,4723,1397
0500000US05145,05145,"White County, Arkansas",1003,339,619,442,384,245
0500000US06001,06001,"Alameda County, California",88580,2797,33434,2225,55146,2738
0500000US06007,06007,"Butte County, California",8671,872,4328,664,4343,858
0500000US06013,06013,"Contra Costa County, California",67554,2356,31567,2514,35987,2398
0500000US06017,06017,"El Dorado County, California",4821,821,1764,469,3057,671
0500000US06019,06019,"Fresno County, California",124208,2848,49730,2712,74478,2861
0500000US06023,06023,"Humboldt County, California",3602,646,1015,381,2587,756
0500000US06025,06025,"Imperial County, California",35341,1660,18614,1654,16727,1944
0500000US06029,06029,"Kern County, California",102802,2945,49293,2856,53509,2915
0500000US06031,06031,"Kings County, California",16264,1061,6679,1032,9585,1196
0500000US06033,06033,"Lake County, California",2883,587,972,406,1911,613
0500000US06037,06037,"Los Angeles County, California",1178025,7818,443817,6834,734208,8636
0500000US06039,06039,"Madera County, California",16941,1396,8515,1246,8426,1182
0500000US06041,06041,"Marin County, California",9268,1066,2622,675,6646,1000
0500000US06045,06045,"Mendocino County, California",4780,542,1907,652,2873,675
0500000US06047,06047,"Merced County, California",35715,1431,15708,1692,20007,1916
0500000US06053,06053,"Monterey County, California",51041,1647,20092,1700,30949,1858
0500000US06055,06055,"Napa County, California",9305,963,4177,816,5128,899
0500000US06057,06057,"Nevada County, California",2434,599,761,369,1673,638
0500000US06059,06059,"Orange County, California",236153,4073,88283,3885,147870,4416
0500000US06061,06061,"Placer County, California",13667,1185,7146,1204,6521,1002
0500000US06065,06065,"Riverside County, California",235024,4060,127099,4472,107925,4642
0500000US06067,06067,"Sacramento County, California",87367,2884,36101,2420,51266,3266
0500000US06071,06071,"San Bernardino County, California",238705,4007,127637,4292,111068,5338
0500000US06073,06073,"San Diego County, California",258123,5092,102882,4493,155241,5495
0500000US06075,06075,"San Francisco County, California",40004,2396,10445,1501,29559,2565
0500000US06077,06077,"San Joaquin County, California",66650,2331,31005,2221,35645,2431
0500000US06079,06079,"San Luis Obispo County, California",15867,1669,4883,1056,10984,1616
0500000US06081,06081,"San Mateo County, California",48758,2133,16835,1664,31923,2239
0500000US06083,06083,"Santa Barbara County, California",44710,1860,16943,1502,27767,2375
0500000US06085,06085,"Santa Clara County, California",118260,2937,45318,2540,72942,2826
0500000US06087,06087,"Santa Cruz County, California",20741,1581,8360,1111,12381,1531
0500000US06089,06089,"Shasta County, California",5115,698,2162,436,2953,752
0500000US06095,06095,"Solano County, California",24855,1261,11635,1402,13220,1410
0500000US06097,06097,"Sonoma County, California",29228,1815,10663,1525,18565,2051
0500000US06099,06099,"Stanislaus County, California",56771,1866,26335,1856,30436,2017
0500000US06101,06101,"Sutter County, California",7252,580,3021,637,4231,784
0500000US06107,06107,"Tulare County, California",67801,1785,31494,2008,36307,2338
0500000US06111,06111,"Ventura County, California",77850,2135,39435,2375,38415,2485
0500000US06113,06113,"Yolo County, California",17754,1091,7202,1232,10552,1204
0500000US06115,06115,"Yuba County, California",4801,629,2491,525,2310,645
0500000US08001,08001,"Adams County, Colorado",43090,1910,21598,1587,21492,1902
0500000US08005,08005,"Arapahoe County, Colorado",31676,1557,10910,1143,20766,1804
0500000US08013,08013,"Boulder County, Colorado",12062,1111,5153,1113,6909,1327
0500000US08031,08031,"Denver County, Colorado",59359,2421,22980,2208,36379,2880
0500000US08035,08035,"Douglas County, Colorado",5878,814,4248,855,1630,611
0500000US08041,08041,"El Paso County, Colorado",28568,1702,12156,1590,16412,1829
0500000US08059,08059,"Jefferson County, Colorado",25529,1541,12387,1523,13142,1688
0500000US08069,08069,"Larimer County, Colorado",9152,1245,4803,926,4349,1072
0500000US08077,08077,"Mesa County, Colorado",5660,656,3352,882,2308,1000
0500000US08101,08101,"Pueblo County, Colorado",22026,1161,12099,1107,9927,1219
0500000US08123,08123,"Weld County, Colorado",20287,1217,10293,1266,9994,1277
0500000US09001,09001,"Fairfield County, Connecticut",45497,1993,17253,1615,28244,2222
0500000US09003,09003,"Hartford County, Connecticut",46481,2047,13093,1541,33388,2290
0500000US09005,09005,"Litchfield County, Connecticut",1903,386,1389,331,514,295
0500000US09007,09007,"Middlesex County, Connecticut",2128,527,1226,384,902,498
0500000US09009,09009,"New Haven County, Connecticut",41716,1509,14657,1755,27059,1912
0500000US09011,09011,"New London County, Connecticut",7712,864,1876,617,5836,898
0500000US09013,09013,"Tolland County, Connecticut",2102,617,636,390,1466,688
0500000US09015,09015,"Windham County, Connecticut",3400,490,818,391,2582,611
0500000US10001,10001,"Kent County, Delaware",3023,551,1490,372,1533,524
0500000US10003,10003,"New Castle County, Delaware",12217,958,5671,808,6546,1000
0500000US10005,10005,"Sussex County, Delaware",4458,856,1851,733,2607,692
0500000US11001,11001,"District of Columbia, District of Columbia",20748,1813,6518,1118,14230,1672
0500000US12001,12001,"Alachua County, Florida",7549,1288,2155,599,5394,1329
0500000US12005,12005,"Bay County, Florida",2952,589,1614,385,1338,613
0500000US12009,12009,"Brevard County, Florida",16182,1218,9005,1517,7177,1442
0500000US12011,12011,"Broward County, Florida",146162,4707,87910,4068,58252,3887
0500000US12015,12015,"Charlotte County, Florida",3101,643,1808,551,1293,521
0500000US12017,12017,"Citrus County, Florida",1748,748,1445,700,303,359
0500000US12019,12019,"Clay County, Florida",4890,855,4004,1021,886,598
0500000US12021,12021,"Collier County, Florida",18524,2108,8727,1723,9797,1659
0500000US12023,12023,"Columbia County, Florida",625,295,230,123,395,303
0500000US12031,12031,"Duval County, Florida",22762,2051,10377,1541,12385,2201
0500000US12033,12033,"Escambia County, Florida",3573,659,1283,309,2290,637
0500000US12035,12035,"Flagler County, Florida",1863,728,1559,715,304,265
0500000US12053,12053,"Hernando County, Florida",5708,608,4411,652,1297,564
0500000US12055,12055,"Highlands County, Florida",4458,814,2137,749,2321,690
0500000US12057,12057,"Hillsborough County, Florida",100151,3308,47143,2628,53008,3242
0500000US12061,12061,"Indian River County, Florida",4794,721,3020,935,1774,833
0500000US12069,12069,"Lake County, Florida",10204,1176,5746,1223,4458,1181
0500000US12071,12071,"Lee County, Florida",30327,2044,12316,1479,18011,1966
0500000US12073,12073,"Leon County, Florida",4889,893,2124,578,2765,747
0500000US12081,12081,"Manatee County, Florida",13704,1548,5143,1321,8561,1236
0500000US12083,12083,"Marion County, Florida",10861,1080,6967,1083,3894,1010
0500000US12085,12085,"Martin County, Florida",3860,920,1283,514,2577,819
0500000US12086,12086,"Miami-Dade County, Florida",522451,6557,276743,6102,245708,5612
0500000US12087,12087,"Monroe County, Florida",4514,777,1783,519,2731,658
0500000US12089,12089,"Nassau County, Florida",822,311,693,305,129,178
0500000US12091,12091,"Okaloosa County, Florida",4036,664,1245,405,2791,638
0500000US12095,12095,"Orange County, Florida",103465,3397,46947,3665,56518,4263
0500000US12097,12097,"Osceola County, Florida",36684,2615,19604,1923,17080,2356
0500000US12099,12099,"Palm Beach County, Florida",75821,2927,41919,2830,33902,2633
0500000US12101,12101,"Pasco County, Florida",15851,1205,10431,1110,5420,1247
0500000US12103,12103,"Pinellas County, Florida",24577,1592,9909,1153,14668,1497
0500000US12105,12105,"Polk County, Florida",31094,1804,16535,1912,14559,1908
0500000US12107,12107,"Putnam County, Florida",1674,330,851,311,823,443
0500000US12109,12109,"St. Johns County, Florida",3081,688,2052,667,1029,556
0500000US12111,12111,"St. Lucie County, Florida",13193,1321,7475,1295,5718,1305
0500000US12113,12113,"Santa Rosa County, Florida",3142,629,1419,655,1723,760
0500000US12115,12115,"Sarasota County, Florida",9285,1027,5248,995,4037,901
0500000US12117,12117,"Seminole County, Florida",22573,1835,11660,1388,10913,1798
0500000US12127,12127,"Volusia County, Florida",16460,1464,10241,1296,6219,1656
0500000US13013,13013,"Barrow County, Georgia",1637,452,1327,592,310,268
0500000US13015,13015,"Bartow County, Georgia",1794,491,632,459,1162,727
0500000US13021,13021,"Bibb County, Georgia",1685,607,351,206,1334,714
0500000US13031,13031,"Bulloch County, Georgia",846,276,233,239,613,379
0500000US13045,13045,"Carroll County, Georgia",2053,469,1523,524,530,417
0500000US13051,13051,"Chatham County, Georgia",5023,716,1900,611,3123,741
0500000US13057,13057,"Cherokee County, Georgia",4749,933,2531,1016,2218,646
0500000US13059,13059,"Clarke County, Georgia",3493,710,1090,484,2403,819
0500000US13063,13063,"Clayton County, Georgia",8534,1098,4352,1072,4182,1246
0500000US13067,13067,"Cobb County, Georgia",22532,1628,9773,1398,12759,1884
0500000US13073,13073,"Columbia County, Georgia",2060,591,1269,705,791,470
0500000US13077,13077,"Coweta County, Georgia",2652,525,1384,662,1268,582
0500000US13089,13089,"DeKalb County, Georgia",17558,1601,5732,1051,11826,1687
0500000US13095,13095,"Dougherty County, Georgia",1056,219,471,212,585,316
0500000US13097,13097,"Douglas County, Georgia",3062,642,1875,873,1187,854
0500000US13113,13113,"Fayette County, Georgia",1497,561,1035,464,462,318
0500000US13115,13115,"Floyd County, Georgia",2508,361,1118,512,1390,505
0500000US13117,13117,"Forsyth County, Georgia",3941,597,2673,656,1268,583
0500000US13121,13121,"Fulton County, Georgia",19772,1928,6549,1529,13223,1963
0500000US13127,13127,"Glynn County, Georgia",1189,458,852,466,337,315
0500000US13135,13135,"Gwinnett County, Georgia",40969,2380,16728,2303,24241,2678
0500000US13139,13139,"Hall County, Georgia",10301,954,4515,981,5786,1206
0500000US13151,13151,"Henry County, Georgia",3622,932,1931,624,1691,981
0500000US13153,13153,"Houston County, Georgia",2677,901,1729,694,948,609
0500000US13179,13179,"Liberty County, Georgia",2136,461,750,280,1386,539
0500000US13185,13185,"Lowndes County, Georgia",1413,361,413,299,1000,392
0500000US13215,13215,"Muscogee County, Georgia",3610,708,2119,635,1491,703
0500000US13223,13223,"Paulding County, Georgia",1793,386,664,330,1129,442
0500000US13245,13245,"Richmond County, Georgia",3465,656,965,410,2500,688
0500000US13247,13247,"Rockdale County, Georgia",1414,434,836,302,578,297
0500000US13285,13285,"Troup County, Georgia",622,295,391,280,231,188
0500000US13313,13313,"Whitfield County, Georgia",8271,670,4096,793,4175,930
0500000US15001,15001,"Hawaii County, Hawaii",5324,1054,2175,681,3149,840
0500000US15003,15003,"Honolulu County, Hawaii",21402,1764,6151,963,15251,1663
0500000US15007,15007,"Kauai County, Hawaii",1521,435,831,285,690,393
0500000US15009,15009,"Maui County, Hawaii",4399,805,1561,535,2838,785
0500000US16001,16001,"Ada County, Idaho",8066,1103,3330,931,4736,1048
0500000US16005,16005,"Bannock County, Idaho",1453,520,1163,494,290,308
0500000US16019,16019,"Bonneville County, Idaho",3033,552,2122,550,911,523
0500000US16027,16027,"Canyon County, Idaho",10343,1321,5138,971,5205,1167
0500000US16055,16055,"Kootenai County, Idaho",1270,428,896,408,374,322
0500000US16083,16083,"Twin Falls County, Idaho",2397,467,1526,494,871,375
0500000US17019,17019,"Champaign County, Illinois",3147,601,1567,551,1580,622
0500000US17031,17031,"Cook County, Illinois",327949,5634,158443,4772,169506,6105
0500000US17037,17037,"DeKalb County, Illinois",2990,620,1034,490,1956,611
0500000US17043,17043,"DuPage County, Illinois",31368,1667,17779,1507,13589,1551
0500000US17089,17089,"Kane County, Illinois",39404,2255,22757,1969,16647,1965
0500000US17091,17091,"Kankakee County, Illinois",2127,499,1473,470,654,381
0500000US17093,17093,"Kendall County, Illinois",4428,756,3728,920,700,365
0500000US17097,17097,"Lake County, Illinois",34944,1639,19331,1654,15613,1763
0500000US17099,17099,"LaSalle County, Illinois",2779,560,1791,564,988,553
0500000US17111,17111,"McHenry County, Illinois",8867,988,4526,740,4341,1046
0500000US17113,17113,"McLean County, Illinois",2299,456,1164,389,1135,479
0500000US17115,17115,"Macon County, Illinois",473,280,209,192,264,197
0500000US17119,17119,"Madison County, Illinois",2298,631,1317,536,981,491
0500000US17143,17143,"Peoria County, Illinois",2109,522,1363,526,746,382
0500000US17161,17161,"Rock Island County, Illinois",5036,679,3044,603,1992,633
0500000US17163,17163,"St. Clair County, Illinois",2651,420,1535,382,1116,494
0500000US17167,17167,"Sangamon County, Illinois",1246,339,618,291,628,231
0500000US17179,17179,"Tazewell County, Illinois",844,286,413,219,431,289
0500000US17183,17183,"Vermilion County, Illinois",1051,348,629,349,422,436
0500000US17197,17197,"Will County, Illinois",23901,1548,17293,1397,6608,1129
0500000US17199,17199,"Williamson County, Illinois",281,130,151,101,130,153
0500000US17201,17201,"Winnebago County, Illinois",9200,713,3707,732,5493,914
0500000US18003,18003,"Allen County, Indiana",6360,636,3395,718,2965,781
0500000US18005,18005,"Bartholomew County, Indiana",1089,447,587,464,502,319
0500000US18019,18019,"Clark County, Indiana",1082,315,259,247,823,223
0500000US18035,18035,"Delaware County, Indiana",610,286,349,168,261,265
0500000US18039,18039,"Elkhart County, Indiana",6600,628,4006,742,2594,860
0500000US18043,18043,"Floyd County, Indiana",444,249,106,144,338,209
0500000US18053,18053,"Grant County, Indiana",632,175,385,186,247,214
0500000US18057,18057,"Hamilton County, Indiana",3700,798,2842,986,858,649
0500000US18067,18067,"Howard County, Indiana",856,285,308,220,548,269
0500000US18081,18081,"Johnson County, Indiana",995,330,837,396,158,238
0500000US18085,18085,"Kosciusko County, Indiana",1744,391,662,301,1082,553
0500000US18089,18089,"Lake County, Indiana",23828,1295,14610,1393,9218,1523
0500000US18091,18091,"LaPorte County, Indiana",1379,411,774,274,605,385
0500000US18095,18095,"Madison County, Indiana",1489,310,620,337,869,465
0500000US18097,18097,"Marion County, Indiana",24322,1757,7397,1491,16925,1853
0500000US18105,18105,"Monroe County, Indiana",691,385,170,229,521,291
0500000US18109,18109,"Morgan County, Indiana",180,115,164,106,16,21
0500000US18127,18127,"Porter County, Indiana",3762,617,2338,510,1424,629
0500000US18141,18141,"St. Joseph County, Indiana",4945,590,3050,505,1895,535
0500000US18157,18157,"Tippecanoe County, Indiana",3367,559,1534,429,1833,668
0500000US18163,18163,"Vanderburgh County, Indiana",1158,448,648,420,510,342
0500000US18177,18177,"Wayne County, Indiana",429,136,58,69,371,133
0500000US19013,19013,"Black Hawk County, Iowa",1201,288,769,327,432,390
0500000US19049,19049,"Dallas County, Iowa",1166,282,552,344,614,419
0500000US19061,19061,"Dubuque County, Iowa",481,161,185,125,296,162
0500000US19103,19103,"Johnson County, Iowa",1964,402,1074,516,890,509
0500000US19113,19113,"Linn County, Iowa",1441,430,581,305,860,491
0500000US19153,19153,"Polk County, Iowa",8311,795,4418,852,3893,856
0500000US19155,19155,"Pottawattamie County, Iowa",1815,299,971,325,844,389
0500000US19163,19163,"Scott County, Iowa",2888,443,1797,624,1091,468
0500000US19193,19193,"Woodbury County, Iowa",3680,786,2019,647,1661,725
0500000US20015,20015,"Butler County, Kansas",676,204,449,257,227,283
0500000US20045,20045,"Douglas County, Kansas",1584,378,371,238,1213,399
0500000US20091,20091,"Johnson County, Kansas",11742,1284,5936,883,5806,892
0500000US20103,20103,"Leavenworth County, Kansas",716,381,312,174,404,294
0500000US20161,20161,"Riley County, Kansas",1290,351,307,203,983,335
0500000US20173,20173,"Sedgwick County, Kansas",17362,1118,7907,966,9455,1182
0500000US20177,20177,"Shawnee County, Kansas",4663,619,2899,507,1764,613
0500000US20209,20209,"Wyandotte County, Kansas",10893,885,5353,809,5540,835
0500000US21015,21015,"Boone County, Kentucky",1141,497,598,468,543,413
0500000US21037,21037,"Campbell County, Kentucky",383,207,97,103,286,216
0500000US21047,21047,"Christian County, Kentucky",1166,345,84,99,1082,351
0500000US21067,21067,"Fayette County, Kentucky",5672,747,1748,682,3924,579
0500000US21093,21093,"Hardin County, Kentucky",1499,402,381,235,1118,421
0500000US21111,21111,"Jefferson County, Kentucky",9764,807,4472,855,5292,872
0500000US21117,21117,"Kenton County, Kentucky",1220,275,532,313,688,308
0500000US21227,21227,"Warren County, Kentucky",1558,320,525,348,1033,532
0500000US22005,22005,"Ascension Parish, Louisiana",1262,441,1024,504,238,337
0500000US22015,22015,"Bossier Parish, Louisiana",2269,613,1518,673,751,421
0500000US22017,22017,"Caddo Parish, Louisiana",1628,377,547,268,1081,411
0500000US22019,22019,"Calcasieu Parish, Louisiana",1679,626,787,668,892,356
0500000US22033,22033,"East Baton Rouge Parish, Louisiana",5078,757,2275,706,2803,683
0500000US22045,22045,"Iberia Parish, Louisiana",817,261,320,194,497,321
0500000US22051,22051,"Jefferson Parish, Louisiana",17397,1567,6660,1167,10737,1449
0500000US22055,22055,"Lafayette Parish, Louisiana",2621,525,1130,416,1491,432
0500000US22057,22057,"Lafourche Parish, Louisiana",1411,168,708,372,703,347
0500000US22063,22063,"Livingston Parish, Louisiana",1284,555,533,490,751,593
0500000US22071,22071,"Orleans Parish, Louisiana",7779,834,2776,591,5003,780
0500000US22073,22073,"Ouachita Parish, Louisiana",1238,384,774,361,464,440
0500000US22079,22079,"Rapides Parish, Louisiana",993,467,518,341,475,357
0500000US22097,22097,"St. Landry Parish, Louisiana",472,128,254,212,218,145
0500000US22103,22103,"St. Tammany Parish, Louisiana",3694,646,1934,457,1760,632
0500000US22105,22105,"Tangipahoa Parish, Louisiana",996,362,315,253,681,287
0500000US22109,22109,"Terrebonne Parish, Louisiana",897,341,450,380,447,204
0500000US23001,23001,"Androscoggin County, Maine",743,250,143,169,600,331
0500000US23005,23005,"Cumberland County, Maine",1838,593,869,476,969,455
0500000US23019,23019,"Penobscot County, Maine",429,151,232,128,197,156
0500000US23031,23031,"York County, Maine",730,391,441,274,289,309
0500000US24003,24003,"Anne Arundel County, Maryland",7677,872,4155,893,3522,964
0500000US24005,24005,"Baltimore County, Maryland",8800,1013,4709,953,4091,1085
0500000US24009,24009,"Calvert County, Maryland",580,389,255,167,325,370
0500000US24013,24013,"Carroll County, Maryland",795,378,388,267,407,245
0500000US24015,24015,"Cecil County, Maryland",1316,855,385,297,931,957
0500000US24017,24017,"Charles County, Maryland",1594,452,1209,439,385,275
0500000US24021,24021,"Frederick County, Maryland",4350,478,2071,636,2279,652
0500000US24025,24025,"Harford County, Maryland",3136,488,1527,516,1609,536
0500000US24027,24027,"Howard County, Maryland",4550,800,2298,546,2252,791
0500000US24031,24031,"Montgomery County, Maryland",45112,2061,23461,1863,21651,2459
0500000US24033,24033,"Prince George's County, Maryland",31802,1607,15116,1392,16686,1459
0500000US24037,24037,"St. Mary's County, Maryland",1032,339,552,334,480,261
0500000US24043,24043,"Washington County, Maryland",1066,253,210,191,856,308
0500000US24045,24045,"Wicomico County, Maryland",1118,445,568,467,550,286
0500000US24510,24510,"Baltimore city, Maryland",7742,1088,2572,847,5170,884
0500000US25001,25001,"Barnstable County, Massachusetts",1004,243,663,279,341,162
0500000US25003,25003,"Berkshire County, Massachusetts",911,283,500,221,411,239
0500000US25005,25005,"Bristol County, Massachusetts",10923,1126,2475,725,8448,1104
0500000US25009,25009,"Essex County, Massachusetts",39097,1870,8741,1335,30356,1814
0500000US25011,25011,"Franklin County, Massachusetts",385,279,128,132,257,231
0500000US25013,25013,"Hampden County, Massachusetts",31863,1895,7561,979,24302,2124
0500000US25015,25015,"Hampshire County, Massachusetts",2142,471,406,232,1736,519
0500000US25017,25017,"Middlesex County, Massachusetts",30529,2005,8980,1402,21549,1778
0500000US25021,25021,"Norfolk County, Massachusetts",6897,848,3065,713,3832,977
0500000US25023,25023,"Plymouth County, Massachusetts",3864,668,2108,628,1756,625
0500000US25025,25025,"Suffolk County, Massachusetts",47931,2071,8833,1151,39098,2105
0500000US25027,25027,"Worcester County, Massachusetts",22672,1439,4992,1105,17680,1567
0500000US26005,26005,"Allegan County, Michigan",2001,391,1502,459,499,328
0500000US26017,26017,"Bay County, Michigan",1784,457,1114,372,670,495
0500000US26021,26021,"Berrien County, Michigan",1218,316,885,239,333,250
0500000US26025,26025,"Calhoun County, Michigan",1703,318,1326,350,377,242
0500000US26037,26037,"Clinton County, Michigan",938,265,320,222,618,312
0500000US26045,26045,"Eaton County, Michigan",1579,365,769,333,810,406
0500000US26049,26049,"Genesee County, Michigan",3974,571,2343,469,1631,563
0500000US26065,26065,"Ingham County, Michigan",6463,577,3223,587,3240,662
0500000US26075,26075,"Jackson County, Michigan",872,259,289,194,583,225
0500000US26077,26077,"Kalamazoo County, Michigan",2985,549,1506,409,1479,536
0500000US26081,26081,"Kent County, Michigan",16603,1190,7260,989,9343,1450
0500000US26087,26087,"Lapeer County, Michigan",1112,233,769,296,343,237
0500000US26091,26091,"Lenawee County, Michigan",2636,421,1305,338,1331,501
0500000US26093,26093,"Livingston County, Michigan",663,226,346,205,317,150
0500000US26099,26099,"Macomb County, Michigan",5756,823,3106,621,2650,783
0500000US26111,26111,"Midland County, Michigan",527,170,431,166,96,102
0500000US26115,26115,"Monroe County, Michigan",835,342,629,310,206,173
0500000US26121,26121,"Muskegon County, Michigan",1882,519,810,311,1072,455
0500000US26125,26125,"Oakland County, Michigan",14203,1127,8494,1304,5709,1085
0500000US26139,26139,"Ottawa County, Michigan",6270,800,3280,756,2990,893
0500000US26145,26145,"Saginaw County, Michigan",4378,527,2820,413,1558,583
0500000US26147,26147,"St. Clair County, Michigan",1011,195,748,223,263,128
0500000US26155,26155,"Shiawassee County, Michigan",562,134,266,150,296,173
0500000US26159,26159,"Van Buren County, Michigan",1902,559,1294,446,608,337
0500000US26161,26161,"Washtenaw County, Michigan",4685,713,1451,539,3234,728
0500000US26163,26163,"Wayne County, Michigan",25665,1549,13516,1443,12149,1523
0500000US27003,27003,"Anoka County, Minnesota",2831,683,1723,704,1108,546
0500000US27019,27019,"Carver County, Minnesota",989,348,356,231,633,399
0500000US27037,27037,"Dakota County, Minnesota",6609,958,3158,835,3451,785
0500000US27053,27053,"Hennepin County, Minnesota",20508,1460,6509,1034,13999,1360
0500000US27109,27109,"Olmsted County, Minnesota",1806,413,1042,483,764,423
0500000US27123,27123,"Ramsey County, Minnesota",10209,1010,4180,937,6029,874
0500000US27137,27137,"St. Louis County, Minnesota",544,219,232,166,312,227
0500000US27139,27139,"Scott County, Minnesota",961,495,839,486,122,155
0500000US27145,27145,"Stearns County, Minnesota",1100,305,893,318,207,208
0500000US27163,27163,"Washington County, Minnesota",1741,524,1281,445,460,391
0500000US27171,27171,"Wright County, Minnesota",1414,618,656,585,758,488
0500000US28033,28033,"DeSoto County, Mississippi",1697,549,1275,488,422,301
0500000US28047,28047,"Harrison County, Mississippi",3980,662,1783,759,2197,756
0500000US28049,28049,"Hinds County, Mississippi",844,356,134,191,710,373
0500000US28059,28059,"Jackson County, Mississippi",1409,629,542,325,867,515
0500000US28081,28081,"Lee County, Mississippi",417,134,123,105,294,142
0500000US29019,29019,"Boone County, Missouri",1683,457,738,369,945,470
0500000US29021,29021,"Buchanan County, Missouri",1410,446,498,323,912,331
0500000US29037,29037,"Cass County, Missouri",888,300,605,274,283,270
0500000US29047,29047,"Clay County, Missouri",4297,911,2256,756,2041,864
0500000US29077,29077,"Greene County, Missouri",1901,683,1036,586,865,618
0500000US29095,29095,"Jackson County, Missouri",14985,1352,7816,1004,7169,1278
0500000US29097,29097,"Jasper County, Missouri",2621,503,1457,574,1164,630
0500000US29099,29099,"Jefferson County, Missouri",1215,289,801,386,414,382
0500000US29165,29165,"Platte County, Missouri",1375,348,1006,411,369,306
0500000US29183,29183,"St. Charles County, Missouri",2195,662,1379,420,816,513
0500000US29189,29189,"St. Louis County, Missouri",7998,997,3485,625,4513,906
0500000US29510,29510,"St. Louis city, Missouri",3978,606,1213,398,2765,631
0500000US30013,30013,"Cascade County, Montana",1052,424,365,328,687,399
0500000US30029,30029,"Flathead County, Montana",682,339,166,201,516,297
0500000US30031,30031,"Gallatin County, Montana",921,287,274,215,647,248
0500000US30063,30063,"Missoula County, Montana",1090,396,376,338,714,413
0500000US30111,30111,"Yellowstone County, Montana",2234,446,1229,438,1005,437
0500000US31055,31055,"Douglas County, Nebraska",14420,1026,6461,1202,7959,1277
0500000US31109,31109,"Lancaster County, Nebraska",4944,720,1601,561,3343,694
0500000US31153,31153,"Sarpy County, Nebraska",3631,592,1790,401,1841,566
0500000US32003,32003,"Clark County, Nevada",156090,4011,64546,3401,91544,4101
0500000US32031,32031,"Washoe County, Nevada",24950,1576,10839,1479,14111,1710
0500000US33011,33011,"Hillsborough County, New Hampshire",6411,872,2100,641,4311,887
0500000US33013,33013,"Merrimack County, New Hampshire",487,294,282,232,205,177
0500000US33015,33015,"Rockingham County, New Hampshire",1989,530,856,360,1133,600
0500000US34001,34001,"Atlantic County, New Jersey",13133,1385,5572,882,7561,1460
0500000US34003,34003,"Bergen County, New Jersey",48308,2136,20665,1853,27643,2215
0500000US34005,34005,"Burlington County, New Jersey",8669,951,4912,952,3757,881
0500000US34007,34007,"Camden County, New Jersey",21677,1351,10353,1156,11324,1363
0500000US34009,34009,"Cape May County, New Jersey",1549,485,665,368,884,404
0500000US34011,34011,"Cumberland County, New Jersey",8994,1014,3927,735,5067,932
0500000US34013,34013,"Essex County, New Jersey",48729,1772,13813,1200,34916,2029
0500000US34015,34015,"Gloucester County, New Jersey",3761,642,1494,460,2267,719
0500000US34017,34017,"Hudson County, New Jersey",92984,2550,20752,1791,72232,2739
0500000US34019,34019,"Hunterdon County, New Jersey",1974,497,834,404,1140,497
0500000US34021,34021,"Mercer County, New Jersey",16035,1260,6503,1193,9532,1375
0500000US34023,34023,"Middlesex County, New Jersey",43270,1827,16693,1746,26577,1801
0500000US34025,34025,"Monmouth County, New Jersey",18386,1079,7914,1022,10472,1252
0500000US34027,34027,"Morris County, New Jersey",17445,1173,7100,1266,10345,1173
0500000US34029,34029,"Ocean County, New Jersey",12099,1193,6298,1046,5801,1071
0500000US34031,34031,"Passaic County, New Jersey",51342,2055,15222,1556,36120,2265
0500000US34033,34033,"Salem County, New Jersey",869,257,225,214,644,278
0500000US34035,34035,"Somerset County, New Jersey",12963,843,6192,969,6771,1099
0500000US34037,34037,"Sussex County, New Jersey",2494,497,1686,416,808,416
0500000US34039,34039,"Union County, New Jersey",44713,2100,14692,1538,30021,2064
0500000US34041,34041,"Warren County, New Jersey",2150,502,805,372,1345,584
0500000US35001,35001,"Bernalillo County, New Mexico",106776,2464,66123,3186,40653,2971
0500000US35005,35005,"Chaves County, New Mexico",10393,820,6110,729,4283,779
0500000US35013,35013,"Doña Ana County, New Mexico",42851,1487,27159,1867,15692,1998
0500000US35025,35025,"Lea County, New Mexico",9468,764,6385,647,3083,809
0500000US35031,35031,"McKinley County, New Mexico",2707,510,1543,374,1164,470
0500000US35035,35035,"Otero County, New Mexico",5086,764,3135,635,1951,742
0500000US35043,35043,"Sandoval County, New Mexico",14545,1122,11903,1128,2642,829
0500000US35045,35045,"San Juan County, New Mexico",6923,792,4995,656,1928,640
0500000US35049,35049,"Santa Fe County, New Mexico",25298,1083,16620,961,8678,993
0500000US35061,35061,"Valencia County, New Mexico",14923,874,10222,1115,4701,1118
0500000US36001,36001,"Albany County, New York",5139,794,903,402,4236,868
0500000US36005,36005,"Bronx County, New York",246403,4147,27441,2468,218962,4324
0500000US36007,36007,"Broome County, New York",1699,347,716,413,983,387
0500000US36013,36013,"Chautauqua County, New York",2251,417,562,257,1689,484
0500000US36027,36027,"Dutchess County, New York",9160,1002,3686,666,5474,998
0500000US36029,36029,"Erie County, New York",14341,1021,4684,1031,9657,1040
0500000US36045,36045,"Jefferson County, New York",1887,533,233,152,1654,529
0500000US36047,36047,"Kings County, New York",160510,3163,23447,1877,137063,3380
0500000US36051,36051,"Livingston County, New York",350,133,160,142,190,170
0500000US36055,36055,"Monroe County, New York",18231,1236,5146,832,13085,1327
0500000US36059,36059,"Nassau County, New York",50377,2195,27724,2231,22653,2093
0500000US36061,36061,"New York County, New York",144172,5322,10779,2130,133393,4919
0500000US36063,36063,"Niagara County, New York",1518,377,587,247,931,429
0500000US36065,36065,"Oneida County, New York",2739,471,587,260,2152,522
0500000US36067,36067,"Onondaga County, New York",5001,700,2018,506,2983,749
0500000US36069,36069,"Ontario County, New York",1380,239,274,191,1106,239
0500000US36071,36071,"Orange County, New York",18621,1269,8415,1204,10206,1206
0500000US36075,36075,"Oswego County, New York",466,186,169,132,297,188
0500000US36079,36079,"Putnam County, New York",3147,580,1813,694,1334,514
0500000US36081,36081,"Queens County, New York",187809,3191,47258,3067,140551,3827
0500000US36083,36083,"Rensselaer County, New York",2236,471,611,283,1625,456
0500000US36085,36085,"Richmond County, New York",24514,1530,10200,1250,14314,1562
0500000US36087,36087,"Rockland County, New York",12868,919,4733,695,8135,836
0500000US36091,36091,"Saratoga County, New York",1220,360,544,328,676,375
0500000US36093,36093,"Schenectady County, New York",2846,645,796,438,2050,586
0500000US36103,36103,"Suffolk County, New York",57601,2858,35127,2741,22474,2530
0500000US36105,36105,"Sullivan County, New York",2943,698,621,339,2322,637
0500000US36109,36109,"Tompkins County, New York",1206,622,120,127,1086,615
0500000US36111,36111,"Ulster County, New York",4403,689,1719,563,2684,797
0500000US36117,36117,"Wayne County, New York",944,494,621,400,323,273
0500000US36119,36119,"Westchester County, New York",60450,2395,17957,1876,42493,2428
0500000US37001,37001,"Alamance County, North Carolina",3928,647,1748,545,2180,690
0500000US37019,37019,"Brunswick County, North Carolina",1497,439,537,359,960,525
0500000US37021,37021,"Buncombe County, North Carolina",4228,653,2313,704,1915,850
0500000US37023,37023,"Burke County, North Carolina",905,280,231,216,674,353
0500000US37025,37025,"Cabarrus County, North Carolina",3724,799,2190,758,1534,543
0500000US37027,37027,"Caldwell County, North Carolina",569,295,474,284,95,110
0500000US37031,37031,"Carteret County, North Carolina",1002,235,149,120,853,266
0500000US37035,37035,"Catawba County, North Carolina",3229,463,1262,511,1967,677
0500000US37037,37037,"Chatham County, North Carolina",1878,613,1362,769,516,410
0500000US37049,37049,"Craven County, North Carolina",2062,417,1070,412,992,535
0500000US37051,37051,"Cumberland County, North Carolina",10315,777,4249,649,6066,930
0500000US37057,37057,"Davidson County, North Carolina",2657,489,1204,400,1453,503
0500000US37063,37063,"Durham County, North Carolina",10063,887,2405,632,7658,926
0500000US37067,37067,"Forsyth County, North Carolina",10941,970,4289,955,6652,1062
0500000US37071,37071,"Gaston County, North Carolina",3540,627,1833,574,1707,696
0500000US37081,37081,"Guilford County, North Carolina",9651,881,3987,890,5664,938
0500000US37085,37085,"Harnett County, North Carolina",2977,427,1978,535,999,407
0500000US37089,37089,"Henderson County, North Carolina",2732,706,1414,500,1318,702
0500000US37097,37097,"Iredell County, North Carolina",2977,420,1799,438,1178,503
0500000US37101,37101,"Johnston County, North Carolina",5238,649,2240,817,2998,691
0500000US37109,37109,"Lincoln County, North Carolina",1333,394,614,277,719,523
0500000US37119,37119,"Mecklenburg County, North Carolina",30057,1688,11311,1405,18746,1955
0500000US37125,37125,"Moore County, North Carolina",1485,437,841,486,644,460
0500000US37127,37127,"Nash County, North Carolina",1422,400,948,417,474,354
0500000US37129,37129,"New Hanover County, North Carolina",2965,599,1216,540,1749,479
0500000US37133,37133,"Onslow County, North Carolina",4943,971,1947,652,2996,868
0500000US37135,37135,"Orange County, North Carolina",2852,634,1526,486,1326,714
0500000US37147,37147,"Pitt County, North Carolina",2947,656,1477,824,1470,558
0500000US37151,37151,"Randolph County, North Carolina",2950,453,1656,570,1294,520
0500000US37155,37155,"Robeson County, North Carolina",2131,228,682,238,1449,225
0500000US37157,37157,"Rockingham County, North Carolina",1334,294,906,441,428,236
0500000US37159,37159,"Rowan County, North Carolina",2382,398,1110,483,1272,492
0500000US37171,37171,"Surry County, North Carolina",1650,394,808,414,842,406
0500000US37179,37179,"Union County, North Carolina",4299,778,1676,473,2623,833
0500000US37183,37183,"Wake County, North Carolina",24050,1640,8870,1520,15180,1882
0500000US37191,37191,"Wayne County, North Carolina",3627,1040,1311,858,2316,959
0500000US37193,37193,"Wilkes County, North Carolina",954,317,558,346,396,352
0500000US37195,37195,"Wilson County, North Carolina",1818,424,598,294,1220,533
0500000US38017,38017,"Cass County, North Dakota",1183,393,489,358,694,359
0500000US38035,38035,"Grand Forks County, North Dakota",540,171,239,176,301,165
0500000US39003,39003,"Allen County, Ohio",449,305,335,251,114,137
0500000US39007,39007,"Ashtabula County, Ohio",945,304,299,284,646,291
0500000US39017,39017,"Butler County, Ohio",3110,711,886,348,2224,667
0500000US39023,39023,"Clark County, Ohio",748,213,175,180,573,210
0500000US39035,39035,"Cuyahoga County, Ohio",19759,1212,8011,1034,11748,1304
0500000US39041,39041,"Delaware County, Ohio",1100,424,897,434,203,202
0500000US39043,39043,"Erie County, Ohio",603,288,444,267,159,141
0500000US39045,39045,"Fairfield County, Ohio",798,365,351,346,447,451
0500000US39049,39049,"Franklin County, Ohio",17009,1356,3988,850,13021,1375
0500000US39057,39057,"Greene County, Ohio",1480,393,474,253,1006,430
0500000US39061,39061,"Hamilton County, Ohio",6482,914,2696,652,3786,892
0500000US39063,39063,"Hancock County, Ohio",700,324,240,147,460,323
0500000US39085,39085,"Lake County, Ohio",1963,332,567,314,1396,371
0500000US39089,39089,"Licking County, Ohio",924,420,347,253,577,333
0500000US39093,39093,"Lorain County, Ohio",7254,769,3580,618,3674,735
0500000US39095,39095,"Lucas County, Ohio",7878,849,2987,654,4891,928
0500000US39099,39099,"Mahoning County, Ohio",3343,539,1670,488,1673,465
0500000US39103,39103,"Medina County, Ohio",1156,382,425,329,731,504
0500000US39113,39113,"Montgomery County, Ohio",4149,846,1712,472,2437,886
0500000US39133,39133,"Portage County, Ohio",548,340,291,249,257,177
0500000US39151,39151,"Stark County, Ohio",1652,457,652,261,1000,479
0500000US39153,39153,"Summit County, Ohio",3133,377,1229,410,1904,413
0500000US39155,39155,"Trumbull County, Ohio",650,245,429,243,221,196
0500000US39165,39165,"Warren County, Ohio",1449,524,796,316,653,469
0500000US39169,39169,"Wayne County, Ohio",405,157,149,175,256,158
0500000US39173,39173,"Wood County, Ohio",1648,555,713,343,935,469
0500000US40017,40017,"Canadian County, Oklahoma",2389,570,1673,513,716,303
0500000US40027,40027,"Cleveland County, Oklahoma",5015,865,3135,674,1880,725
0500000US40031,40031,"Comanche County, Oklahoma",3613,617,1887,503,1726,519
0500000US40037,40037,"Creek County, Oklahoma",584,210,348,202,236,204
0500000US40101,40101,"Muskogee County, Oklahoma",863,200,485,183,378,228
0500000US40109,40109,"Oklahoma County, Oklahoma",29563,1377,13480,1361,16083,1319
0500000US40119,40119,"Payne County, Oklahoma",892,302,179,157,713,365
0500000US40125,40125,"Pottawatomie County, Oklahoma",987,246,283,216,704,245
0500000US40131,40131,"Rogers County, Oklahoma",846,237,653,201,193,160
0500000US40143,40143,"Tulsa County, Oklahoma",18499,820,8000,722,10499,695
0500000US40145,40145,"Wagoner County, Oklahoma",973,222,754,234,219,175
0500000US41003,41003,"Benton County, Oregon",2027,430,677,368,1350,386
0500000US41005,41005,"Clackamas County, Oregon",6661,969,2926,765,3735,876
0500000US41017,41017,"Deschutes County, Oregon",2545,650,1368,542,1177,607
0500000US41019,41019,"Douglas County, Oregon",830,412,531,348,299,225
0500000US41029,41029,"Jackson County, Oregon",5347,756,2459,669,2888,789
0500000US41033,41033,"Josephine County, Oregon",1531,397,876,279,655,388
0500000US41035,41035,"Klamath County, Oregon",2880,384,950,359,1930,570
0500000US41039,41039,"Lane County, Oregon",7027,898,3093,684,3934,1012
0500000US41043,41043,"Linn County, Oregon",2314,480,973,416,1341,563
0500000US41047,41047,"Marion County, Oregon",18260,1315,8325,1539,9935,1401
0500000US41051,41051,"Multnomah County, Oregon",22485,1861,7087,1400,15398,1673
0500000US41053,41053,"Polk County, Oregon",2161,672,729,752,1432,531
0500000US41059,41059,"Umatilla County, Oregon",5027,663,3060,730,1967,796
0500000US41067,41067,"Washington County, Oregon",20812,1386,7027,1122,13785,1374
0500000US41071,41071,"Yamhill County, Oregon",3353,770,1450,658,1903,726
0500000US42001,42001,"Adams County, Pennsylvania",1327,330,681,261,646,314
0500000US42003,42003,"Allegheny County, Pennsylvania",6740,832,2814,429,3926,880
0500000US42007,42007,"Beaver County, Pennsylvania",649,230,530,239,119,105
0500000US42011,42011,"Berks County, Pennsylvania",19803,1412,7537,1167,12266,1338
0500000US42013,42013,"Blair County, Pennsylvania",377,176,153,140,224,108
0500000US42017,42017,"Bucks County, Pennsylvania",7997,791,3498,764,4499,782
0500000US42019,42019,"Butler County, Pennsylvania",640,293,528,330,112,121
0500000US42021,42021,"Cambria County, Pennsylvania",538,249,268,160,270,180
0500000US42025,42025,"Carbon County, Pennsylvania",882,276,534,308,348,252
0500000US42027,42027,"Centre County, Pennsylvania",1393,420,334,281,1059,471
0500000US42029,42029,"Chester County, Pennsylvania",8697,921,3625,845,5072,911
0500000US42037,42037,"Columbia County, Pennsylvania",865,144,489,273,376,294
0500000US42041,42041,"Cumberland County, Pennsylvania",1736,453,442,268,1294,418
0500000US42043,42043,"Dauphin County, Pennsylvania",6348,883,1929,743,4419,779
0500000US42045,42045,"Delaware County, Pennsylvania",5253,773,2031,572,3222,651
0500000US42049,42049,"Erie County, Pennsylvania",2654,537,827,293,1827,503
0500000US42051,42051,"Fayette County, Pennsylvania",225,139,83,104,142,97
0500000US42055,42055,"Franklin County, Pennsylvania",1963,520,1197,680,766,468
0500000US42063,42063,"Indiana County, Pennsylvania",353,131,216,132,137,127
0500000US42069,42069,"Lackawanna County, Pennsylvania",3210,477,977,503,2233,490
0500000US42071,42071,"Lancaster County, Pennsylvania",13248,1134,4269,831,8979,1381
0500000US42073,42073,"Lawrence County, Pennsylvania",205,136,75,71,130,126
0500000US42075,42075,"Lebanon County, Pennsylvania",4246,721,1103,466,3143,607
0500000US42077,42077,"Lehigh County, Pennsylvania",18327,1432,6647,1022,11680,1519
0500000US42079,42079,"Luzerne County, Pennsylvania",6869,811,2170,661,4699,832
0500000US42085,42085,"Mercer County, Pennsylvania",261,144,120,129,141,103
0500000US42089,42089,"Monroe County, Pennsylvania",5990,897,4062,882,1928,771
0500000US42091,42091,"Montgomery County, Pennsylvania",10753,932,4138,706,6615,1045
0500000US42095,42095,"Northampton County, Pennsylvania",9933,847,4708,881,5225,1070
0500000US42097,42097,"Northumberland County, Pennsylvania",603,256,291,279,312,201
0500000US42101,42101,"Philadelphia County, Pennsylvania",59979,2415,26038,2199,33941,2339
0500000US42107,42107,"Schuylkill County, Pennsylvania",630,389,365,280,265,227
0500000US42111,42111,"Somerset County, Pennsylvania",182,97,70,50,112,111
0500000US42125,42125,"Washington County, Pennsylvania",1165,292,833,356,332,179
0500000US42129,42129,"Westmoreland County, Pennsylvania",1100,286,535,231,565,322
0500000US42133,42133,"York County, Pennsylvania",7177,784,2228,675,4949,873
0500000US44003,44003,"Kent County, Rhode Island",1587,318,471,280,1116,411
0500000US44005,44005,"Newport County, Rhode Island",940,508,592,424,348,287
0500000US44007,44007,"Providence County, Rhode Island",35392,1652,8468,1323,26924,1694
0500000US44009,44009,"Washington County, Rhode Island",733,500,149,162,584,526
0500000US45003,45003,"Aiken County, South Carolina",1797,466,675,368,1122,407
0500000US45007,45007,"Anderson County, South Carolina",1469,416,1002,451,467,311
0500000US45013,45013,"Beaufort County, South Carolina",4068,867,1286,593,2782,764
0500000US45015,45015,"Berkeley County, South Carolina",3192,707,1186,473,2006,779
0500000US45019,45019,"Charleston County, South Carolina",5602,993,1540,641,4062,753
0500000US45035,45035,"Dorchester County, South Carolina",1658,419,979,393,679,303
0500000US45041,45041,"Florence County, South Carolina",740,284,166,138,574,304
0500000US45045,45045,"Greenville County, South Carolina",12206,993,4734,1096,7472,1271
0500000US45051,45051,"Horry County, South Carolina",3726,897,1966,813,1760,575
0500000US45057,45057,"Lancaster County, South Carolina",837,391,675,483,162,146
0500000US45059,45059,"Laurens County, South Carolina",594,228,145,119,449,246
0500000US45063,45063,"Lexington County, South Carolina",4489,738,1911,526,2578,867
0500000US45073,45073,"Oconee County, South Carolina",860,233,183,96,677,240
0500000US45077,45077,"Pickens County, South Carolina",1091,482,694,442,397,402
0500000US45079,45079,"Richland County, South Carolina",5875,1238,2211,997,3664,1055
0500000US45083,45083,"Spartanburg County, South Carolina",4083,827,2535,568,1548,648
0500000US45085,45085,"Sumter County, South Carolina",1910,568,348,411,1562,587
0500000US45091,45091,"York County, South Carolina",2670,502,1688,547,982,544
0500000US46099,46099,"Minnehaha County, South Dakota",2261,593,795,419,1466,568
0500000US46103,46103,"Pennington County, South Dakota",861,360,311,194,550,381
0500000US47009,47009,"Blount County, Tennessee",739,360,330,250,409,335
0500000US47011,47011,"Bradley County, Tennessee",1144,374,610,318,534,358
0500000US47037,47037,"Davidson County, Tennessee",18161,1398,5000,1120,13161,1894
0500000US47065,47065,"Hamilton County, Tennessee",4374,703,1655,534,2719,822
0500000US47093,47093,"Knox County, Tennessee",4605,646,1903,877,2702,978
0500000US47113,47113,"Madison County, Tennessee",798,286,187,120,611,261
0500000US47119,47119,"Maury County, Tennessee",1182,310,217,265,965,418
0500000US47125,47125,"Montgomery County, Tennessee",4933,703,2953,630,1980,780
0500000US47141,47141,"Putnam County, Tennessee",969,175,450,324,519,358
0500000US47147,47147,"Robertson County, Tennessee",789,253,224,221,565,246
0500000US47149,47149,"Rutherford County, Tennessee",4080,576,2002,563,2078,674
0500000US47157,47157,"Shelby County, Tennessee",13549,1206,4749,967,8800,1209
0500000US47163,47163,"Sullivan County, Tennessee",920,308,424,228,496,409
0500000US47165,47165,"Sumner County, Tennessee",1545,367,665,400,880,438
0500000US47179,47179,"Washington County, Tennessee",1396,239,885,334,511,356
0500000US47187,47187,"Williamson County, Tennessee",1998,504,588,555,1410,839
0500000US47189,47189,"Wilson County, Tennessee",818,451,384,290,434,465
0500000US48005,48005,"Angelina County, Texas",4601,625,2799,568,1802,571
0500000US48021,48021,"Bastrop County, Texas",5920,825,4696,898,1224,677
0500000US48027,48027,"Bell County, Texas",18977,1454,9277,1227,9700,1237
0500000US48029,48029,"Bexar County, Texas",315725,4589,179418,5321,136307,5640
0500000US48037,48037,"Bowie County, Texas",1145,391,746,365,399,323
0500000US48039,48039,"Brazoria County, Texas",23746,1543,15821,1480,7925,1385
0500000US48041,48041,"Brazos County, Texas",13872,1435,5436,941,8436,1345
0500000US48061,48061,"Cameron County, Texas",100163,2200,63084,2760,37079,2459
0500000US48085,48085,"Collin County, Texas",32906,1898,17661,1918,15245,2032
0500000US48091,48091,"Comal County, Texas",9137,854,5535,930,3602,859
0500000US48099,48099,"Coryell County, Texas",2569,644,942,407,1627,608
0500000US48113,48113,"Dallas County, Texas",242292,4254,115587,4529,126705,4680
0500000US48121,48121,"Denton County, Texas",32807,1729,19988,1852,12819,2098
0500000US48135,48135,"Ector County, Texas",23775,1297,15230,1168,8545,1380
0500000US48139,48139,"Ellis County, Texas",9471,938,4779,811,4692,1003
0500000US48141,48141,"El Paso County, Texas",199352,3224,125519,3767,73833,3901
0500000US48157,48157,"Fort Bend County, Texas",40912,2212,29501,2917,11411,2242
0500000US48167,48167,"Galveston County, Texas",19869,1177,11671,1598,8198,1377
0500000US48181,48181,"Grayson County, Texas",3807,465,2799,500,1008,486
0500000US48183,48183,"Gregg County, Texas",4379,566,2670,554,1709,585
0500000US48187,48187,"Guadalupe County, Texas",12767,1106,8480,1006,4287,972
0500000US48201,48201,"Harris County, Texas",463615,7022,229841,6733,233774,7675
0500000US48203,48203,"Harrison County, Texas",1602,499,910,531,692,386
0500000US48209,48209,"Hays County, Texas",16531,1506,9337,1378,7194,1392
0500000US48213,48213,"Henderson County, Texas",2743,555,1551,535,1192,657
0500000US48215,48215,"Hidalgo County, Texas",191883,3405,126108,4122,65775,3765
0500000US48231,48231,"Hunt County, Texas",2999,689,1971,684,1028,494
0500000US48245,48245,"Jefferson County, Texas",12678,1310,8061,1105,4617,1159
0500000US48251,48251,"Johnson County, Texas",7927,998,5089,947,2838,1114
0500000US48257,48257,"Kaufman County, Texas",4132,620,2815,724,1317,523
0500000US48291,48291,"Liberty County, Texas",2318,528,1866,587,452,328
0500000US48303,48303,"Lubbock County, Texas",29116,1692,14075,1642,15041,1891
0500000US48309,48309,"McLennan County, Texas",14750,1256,8416,1152,6334,980
0500000US48329,48329,"Midland County, Texas",16151,1368,8936,1187,7215,1481
0500000US48339,48339,"Montgomery County, Texas",25072,1869,17509,2296,7563,1516
0500000US48347,48347,"Nacogdoches County, Texas",2637,430,1660,343,977,492
0500000US48355,48355,"Nueces County, Texas",66001,2388,37413,2526,28588,2763
0500000US48361,48361,"Orange County, Texas",1341,412,943,329,398,410
0500000US48367,48367,"Parker County, Texas",2925,712,2146,564,779,637
0500000US48375,48375,"Potter County, Texas",12071,824,6718,920,5353,1089
0500000US48381,48381,"Randall County, Texas",6835,908,3222,725,3613,952
0500000US48397,48397,"Rockwall County, Texas",3431,689,2125,488,1306,762
0500000US48409,48409,"San Patricio County, Texas",11138,808,7801,766,3337,655
0500000US48423,48423,"Smith County, Texas",9136,961,5401,777,3735,857
0500000US48439,48439,"Tarrant County, Texas",132337,3741,68067,3124,64270,3492
0500000US48441,48441,"Taylor County, Texas",8789,788,3956,727,4833,956
0500000US48451,48451,"Tom Green County, Texas",12632,1146,6914,1027,5718,1152
0500000US48453,48453,"Travis County, Texas",105030,3554,42531,2755,62499,3861
0500000US48469,48469,"Victoria County, Texas",11273,832,6510,712,4763,843
0500000US48471,48471,"Walker County, Texas",1606,950,1143,572,463,579
0500000US48479,48479,"Webb County, Texas",65121,1525,41653,1825,23468,2242
0500000US48485,48485,"Wichita County, Texas",5279,858,3200,704,2079,753
0500000US48491,48491,"Williamson County, Texas",27051,1468,14527,1749,12524,1564
0500000US49005,49005,"Cache County, Utah",2497,517,1298,476,1199,420
0500000US49011,49011,"Davis County, Utah",7146,861,4803,979,2343,954
0500000US49035,49035,"Salt Lake County, Utah",45312,2133,24714,1749,20598,2067
0500000US49049,49049,"Utah County, Utah",13920,969,6433,1100,7487,1065
0500000US49053,49053,"Washington County, Utah",3273,725,2027,762,1246,591
0500000US49057,49057,"Weber County, Utah",9856,972,5139,972,4717,1039
0500000US50007,50007,"Chittenden County, Vermont",850,307,161,154,689,263
0500000US51003,51003,"Albemarle County, Virginia",1161,462,255,317,906,329
0500000US51013,51013,"Arlington County, Virginia",10441,1189,3484,774,6957,1026
0500000US51015,51015,"Augusta County, Virginia",526,166,180,220,346,225
0500000US51041,51041,"Chesterfield County, Virginia",7165,687,4243,827,2922,829
0500000US51059,51059,"Fairfax County, Virginia",44558,2172,18581,1939,25977,1899
0500000US51061,51061,"Fauquier County, Virginia",1102,306,913,303,189,213
0500000US51069,51069,"Frederick County, Virginia",1582,471,913,503,669,391
0500000US51085,51085,"Hanover County, Virginia",775,164,377,290,398,297
0500000US51087,51087,"Henrico County, Virginia",4559,935,2534,666,2025,758
0500000US51107,51107,"Loudoun County, Virginia",11072,841,5533,1028,5539,1048
0500000US51121,51121,"Montgomery County, Virginia",963,499,141,158,822,512
0500000US51153,51153,"Prince William County, Virginia",20055,1326,11966,1539,8089,1719
0500000US51165,51165,"Rockingham County, Virginia",1016,290,732,292,284,209
0500000US51177,51177,"Spotsylvania County, Virginia",2340,528,1540,601,800,421
0500000US51179,51179,"Stafford County, Virginia",2706,572,1850,445,856,447
0500000US51199,51199,"York County, Virginia",1100,359,298,247,802,376
0500000US51510,51510,"Alexandria city, Virginia",7693,991,1610,741,6083,943
0500000US51550,51550,"Chesapeake city, Virginia",3194,723,1913,787,1281,742
0500000US51650,51650,"Hampton city, Virginia",1627,610,677,368,950,458
0500000US51700,51700,"Newport News city, Virginia",3968,514,1656,563,2312,606
0500000US51710,51710,"Norfolk city, Virginia",3741,757,631,318,3110,750
0500000US51740,51740,"Portsmouth city, Virginia",1319,496,196,253,1123,538
0500000US51760,51760,"Richmond city, Virginia",3401,772,681,419,2720,633
0500000US51770,51770,"Roanoke city, Virginia",1478,569,257,360,1221,694
0500000US51800,51800,"Suffolk city, Virginia",890,234,704,291,186,246
0500000US51810,51810,"Virginia Beach city, Virginia",9720,1062,4073,855,5647,1071
0500000US53005,53005,"Benton County, Washington",8969,784,4110,832,4859,956
0500000US53007,53007,"Chelan County, Washington",5022,665,1879,628,3143,793
0500000US53009,53009,"Clallam County, Washington",1119,463,694,399,425,296
0500000US53011,53011,"Clark County, Washington",8377,984,2747,821,5630,983
0500000US53015,53015,"Cowlitz County, Washington",1692,319,504,289,1188,336
0500000US53021,53021,"Franklin County, Washington",10420,777,4810,890,5610,1066
0500000US53025,53025,"Grant County, Washington",8186,881,3213,830,4973,867
0500000US53027,53027,"Grays Harbor County, Washington",1327,319,579,332,748,337
0500000US53029,53029,"Island County, Washington",1683,385,389,190,1294,464
0500000US53033,53033,"King County, Washington",52686,2615,16591,1734,36095,2864
0500000US53035,53035,"Kitsap County, Washington",4152,628,2388,489,1764,648
0500000US53041,53041,"Lewis County, Washington",1604,559,273,204,1331,572
0500000US53053,53053,"Pierce County, Washington",22165,1366,9318,1137,12847,1600
0500000US53057,53057,"Skagit County, Washington",4786,624,1713,540,3073,688
0500000US53061,53061,"Snohomish County, Washington",17458,1290,7553,1044,9905,1384
0500000US53063,53063,"Spokane County, Washington",5851,891,2224,475,3627,831
0500000US53067,53067,"Thurston County, Washington",5076,647,2606,735,2470,735
0500000US53073,53073,"Whatcom County, Washington",3645,584,1249,491,2396,657
0500000US53077,53077,"Yakima County, Washington",27661,1273,13243,1108,14418,1648
0500000US54003,54003,"Berkeley County, West Virginia",1428,458,1049,310,379,358
0500000US54011,54011,"Cabell County, West Virginia",485,194,303,215,182,133
0500000US54039,54039,"Kanawha County, West Virginia",697,321,417,246,280,207
0500000US54061,54061,"Monongalia County, West Virginia",368,216,64,86,304,197
0500000US55009,55009,"Brown County, Wisconsin",4150,628,1117,535,3033,766
0500000US55025,55025,"Dane County, Wisconsin",8827,935,2531,647,6296,986
0500000US55027,55027,"Dodge County, Wisconsin",688,226,401,235,287,164
0500000US55039,55039,"Fond du Lac County, Wisconsin",1279,311,418,245,861,341
0500000US55055,55055,"Jefferson County, Wisconsin",1198,335,418,237,780,282
0500000US55059,55059,"Kenosha County, Wisconsin",4704,545,1647,556,3057,709
0500000US55071,55071,"Manitowoc County, Wisconsin",761,193,214,174,547,294
0500000US55073,55073,"Marathon County, Wisconsin",516,192,264,176,252,157
0500000US55079,55079,"Milwaukee County, Wisconsin",35791,1634,12516,1330,23275,1705
0500000US55087,55087,"Outagamie County, Wisconsin",1440,329,674,234,766,308
0500000US55089,55089,"Ozaukee County, Wisconsin",421,150,85,94,336,143
0500000US55097,55097,"Portage County, Wisconsin",439,189,167,111,272,213
0500000US55101,55101,"Racine County, Wisconsin",6430,694,2490,653,3940,804
0500000US55105,55105,"Rock County, Wisconsin",3219,616,1761,642,1458,623
0500000US55117,55117,"Sheboygan County, Wisconsin",1758,441,666,303,1092,472
0500000US55127,55127,"Walworth County, Wisconsin",2352,422,1036,386,1316,449
0500000US55131,55131,"Washington County, Wisconsin",701,369,310,228,391,300
0500000US55133,55133,"Waukesha County, Wisconsin",4333,679,1799,556,2534,810
0500000US55139,55139,"Winnebago County, Wisconsin",1718,390,365,221,1353,435
0500000US55141,55141,"Wood County, Wisconsin",341,227,224,211,117,109
0500000US56021,56021,"Laramie County, Wyoming",4416,680,2827,769,1589,731
0500000US56025,56025,"Natrona County, Wyoming",1917,477,1116,433,801,405
