GEO.id,GEO.id2,GEO.display-label,HD01_VD01,HD02_VD01,HD01_VD02,HD02_VD02,HD01_VD03,HD02_VD03
Id,Id2,Geography,Estimate; Total:,Margin of Error; Total:,Estimate; Owner occupied,Margin of Error; Owner occupied,Estimate; Renter occupied,Margin of Error; Renter occupied
0500000US01003,01003,"Baldwin County, Alabama",1488,335,665,423,823,370
0500000US01015,01015,"Calhoun County, Alabama",590,203,312,184,278,140
0500000US01043,01043,"Cullman County, Alabama",1162,163,122,185,1040,153
0500000US01049,01049,"DeKalb County, Alabama",1938,404,1092,689,846,751
0500000US01055,01055,"Etowah County, Alabama",795,301,278,366,517,185
0500000US01069,01069,"Houston County, Alabama",503,140,189,112,314,123
0500000US01073,01073,"Jefferson County, Alabama",5794,770,1824,841,3970,554
0500000US01081,01081,"Lee County, Alabama",650,211,336,216,314,138
0500000US01083,01083,"Limestone County, Alabama",790,226,423,330,367,304
0500000US01089,01089,"Madison County, Alabama",2079,579,703,276,1376,421
0500000US01095,01095,"Marshall County, Alabama",1809,569,815,394,994,464
0500000US01097,01097,"Mobile County, Alabama",2988,506,1183,476,1805,591
0500000US01101,01101,"Montgomery County, Alabama",966,268,281,160,685,237
0500000US01103,01103,"Morgan County, Alabama",1552,327,725,307,827,369
0500000US01117,01117,"Shelby County, Alabama",1963,309,1105,475,858,306
0500000US01125,01125,"Tuscaloosa County, Alabama",575,171,160,123,415,149
0500000US02020,02020,"Anchorage Municipality, Alaska",6958,973,3832,791,3126,965
0500000US02090,02090,"Fairbanks North Star Borough, Alaska",1207,641,528,402,679,470
0500000US04001,04001,"Apache County, Arizona",1156,341,867,345,289,332
0500000US04003,04003,"Cochise County, Arizona",12756,1074,8766,953,3990,1114
0500000US04005,04005,"Coconino County, Arizona",4623,787,2045,556,2578,792
0500000US04013,04013,"Maricopa County, Arizona",294427,5957,148168,4741,146259,5385
0500000US04015,04015,"Mohave County, Arizona",7308,730,4116,730,3192,853
0500000US04017,04017,"Navajo County, Arizona",3093,597,2572,695,521,381
0500000US04019,04019,"Pima County, Arizona",89459,3375,52609,3008,36850,2626
0500000US04021,04021,"Pinal County, Arizona",24491,2199,17546,2043,6945,1536
0500000US04025,04025,"Yavapai County, Arizona",6280,1180,3052,881,3228,1034
0500000US04027,04027,"Yuma County, Arizona",34196,2011,20587,1892,13609,1934
0500000US05007,05007,"Benton County, Arkansas",7686,972,4904,1092,2782,860
0500000US05031,05031,"Craighead County, Arkansas",920,299,363,237,557,269
0500000US05045,05045,"Faulkner County, Arkansas",813,387,348,212,465,372
0500000US05051,05051,"Garland County, Arkansas",1109,250,521,252,588,320
0500000US05119,05119,"Pulaski County, Arkansas",5366,671,2444,821,2922,823
0500000US05125,05125,"Saline County, Arkansas",797,258,426,336,371,330
0500000US05131,05131,"Sebastian County, Arkansas",3636,733,1553,598,2083,734
0500000US05143,05143,"Washington County, Arkansas",5978,872,2512,728,3466,831
0500000US05145,05145,"White County, Arkansas",492,201,245,212,247,192
0500000US06001,06001,"Alameda County, California",78215,2785,34751,2198,43464,2575
0500000US06007,06007,"Butte County, California",7793,913,3911,745,3882,961
0500000US06013,06013,"Contra Costa County, California",58325,2797,32115,2400,26210,2290
0500000US06017,06017,"El Dorado County, California",4834,659,2781,573,2053,630
0500000US06019,06019,"Fresno County, California",112258,3111,46383,2669,65875,3107
0500000US06023,06023,"Humboldt County, California",2593,604,895,310,1698,577
0500000US06025,06025,"Imperial County, California",33831,1348,18647,1673,15184,1717
0500000US06029,06029,"Kern County, California",87497,2727,44929,2944,42568,3395
0500000US06031,06031,"Kings County, California",15147,1465,6511,996,8636,1327
0500000US06033,06033,"Lake County, California",2915,715,1475,547,1440,725
0500000US06037,06037,"Los Angeles County, California",1153759,7654,457521,8985,696238,11017
0500000US06039,06039,"Madera County, California",16471,1336,9109,1245,7362,1114
0500000US06041,06041,"Marin County, California",9417,1157,2290,748,7127,1124
0500000US06045,06045,"Mendocino County, California",4441,636,1798,558,2643,711
0500000US06047,06047,"Merced County, California",33394,1669,14896,1363,18498,1854
0500000US06053,06053,"Monterey County, California",52098,1731,20611,1576,31487,2010
0500000US06055,06055,"Napa County, California",10529,1215,4204,930,6325,1200
0500000US06057,06057,"Nevada County, California",1551,619,1174,578,377,274
0500000US06059,06059,"Orange County, California",222547,5223,95295,4145,127252,5053
0500000US06061,06061,"Placer County, California",10768,946,6241,962,4527,952
0500000US06065,06065,"Riverside County, California",218555,4342,129274,3543,89281,4649
0500000US06067,06067,"Sacramento County, California",77139,2350,36939,2355,40200,2908
0500000US06071,06071,"San Bernardino County, California",221574,4612,132571,4084,89003,4428
0500000US06073,06073,"San Diego County, California",236826,4624,98170,4197,138656,4314
0500000US06075,06075,"San Francisco County, California",31886,2669,9767,1353,22119,2577
0500000US06077,06077,"San Joaquin County, California",58949,5814,28236,4140,30713,3127
0500000US06079,06079,"San Luis Obispo County, California",14284,1553,5915,1100,8369,1603
0500000US06081,06081,"San Mateo County, California",43498,2198,18766,1902,24732,2214
0500000US06083,06083,"Santa Barbara County, California",40409,1915,14916,1611,25493,2131
0500000US06085,06085,"Santa Clara County, California",110838,3720,47066,3134,63772,4160
0500000US06087,06087,"Santa Cruz County, California",18065,1467,6759,1084,11306,1600
0500000US06089,06089,"Shasta County, California",3593,610,2029,654,1564,570
0500000US06095,06095,"Solano County, California",22897,1383,12456,1448,10441,1643
0500000US06097,06097,"Sonoma County, California",28351,1962,11132,1506,17219,2059
0500000US06099,06099,"Stanislaus County, California",50221,2075,24188,2202,26033,2504
0500000US06101,06101,"Sutter County, California",6535,655,3081,784,3454,915
0500000US06107,06107,"Tulare County, California",58275,2088,28649,1885,29626,2156
0500000US06111,06111,"Ventura County, California",72172,2196,34106,2037,38066,2514
0500000US06113,06113,"Yolo County, California",16440,1085,7457,1173,8983,1420
0500000US06115,06115,"Yuba County, California",4054,792,1873,594,2181,773
0500000US08001,08001,"Adams County, Colorado",40228,2160,21039,1879,19189,1921
0500000US08005,08005,"Arapahoe County, Colorado",25736,1716,10196,1448,15540,1791
0500000US08013,08013,"Boulder County, Colorado",12451,928,5608,1004,6843,1169
0500000US08031,08031,"Denver County, Colorado",59477,2451,22938,2184,36539,2800
0500000US08035,08035,"Douglas County, Colorado",5389,798,4193,728,1196,628
0500000US08041,08041,"El Paso County, Colorado",24143,1459,13209,1408,10934,1360
0500000US08059,08059,"Jefferson County, Colorado",24424,1517,11914,1649,12510,1655
0500000US08069,08069,"Larimer County, Colorado",7828,1368,3972,769,3856,1120
0500000US08077,08077,"Mesa County, Colorado",5872,701,2993,665,2879,823
0500000US08101,08101,"Pueblo County, Colorado",20505,1249,11901,1065,8604,1180
0500000US08123,08123,"Weld County, Colorado",17271,1246,9152,1365,8119,1460
0500000US09001,09001,"Fairfield County, Connecticut",42554,1872,17123,1920,25431,2207
0500000US09003,09003,"Hartford County, Connecticut",40512,1780,12453,1592,28059,2008
0500000US09005,09005,"Litchfield County, Connecticut",1847,406,1062,347,785,373
0500000US09007,09007,"Middlesex County, Connecticut",1791,532,811,465,980,474
0500000US09009,09009,"New Haven County, Connecticut",34021,1434,11349,1383,22672,1750
0500000US09011,09011,"New London County, Connecticut",5259,517,1557,592,3702,723
0500000US09013,09013,"Tolland County, Connecticut",1132,382,721,413,411,219
0500000US09015,09015,"Windham County, Connecticut",2847,667,954,461,1893,604
0500000US10001,10001,"Kent County, Delaware",1825,479,729,392,1096,436
0500000US10003,10003,"New Castle County, Delaware",11141,1094,4702,983,6439,1019
0500000US10005,10005,"Sussex County, Delaware",2390,604,1129,402,1261,418
0500000US11001,11001,"District of Columbia, District of Columbia",17123,1441,5069,936,12054,1343
0500000US12001,12001,"Alachua County, Florida",6624,1046,2302,506,4322,917
0500000US12005,12005,"Bay County, Florida",1636,376,1032,390,604,296
0500000US12009,12009,"Brevard County, Florida",12979,1131,7401,1125,5578,1267
0500000US12011,12011,"Broward County, Florida",133024,4157,84116,3823,48908,3898
0500000US12015,12015,"Charlotte County, Florida",3323,652,2288,603,1035,524
0500000US12017,12017,"Citrus County, Florida",2146,572,1730,582,416,319
0500000US12019,12019,"Clay County, Florida",4200,726,2800,816,1400,643
0500000US12021,12021,"Collier County, Florida",16509,2346,8511,1617,7998,1820
0500000US12031,12031,"Duval County, Florida",18163,1331,7810,1233,10353,1376
0500000US12033,12033,"Escambia County, Florida",3091,596,1834,583,1257,636
0500000US12035,12035,"Flagler County, Florida",1516,394,1051,425,465,265
0500000US12053,12053,"Hernando County, Florida",5318,859,3172,617,2146,738
0500000US12055,12055,"Highlands County, Florida",4984,1007,3021,628,1963,794
0500000US12057,12057,"Hillsborough County, Florida",87527,2704,47309,3236,40218,3148
0500000US12061,12061,"Indian River County, Florida",4218,560,1879,542,2339,647
0500000US12069,12069,"Lake County, Florida",9293,1001,5537,868,3756,897
0500000US12071,12071,"Lee County, Florida",29375,1975,15590,1771,13785,1778
0500000US12073,12073,"Leon County, Florida",4004,842,1417,431,2587,802
0500000US12081,12081,"Manatee County, Florida",10738,1303,5061,1146,5677,1142
0500000US12083,12083,"Marion County, Florida",11177,894,6253,976,4924,1101
0500000US12085,12085,"Martin County, Florida",3347,904,1499,499,1848,643
0500000US12086,12086,"Miami-Dade County, Florida",499093,6326,276927,6754,222166,6264
0500000US12087,12087,"Monroe County, Florida",3901,1111,1632,622,2269,774
0500000US12091,12091,"Okaloosa County, Florida",3845,748,2073,658,1772,653
0500000US12095,12095,"Orange County, Florida",82796,3181,39970,2766,42826,2689
0500000US12097,12097,"Osceola County, Florida",33971,2116,18863,2251,15108,2106
0500000US12099,12099,"Palm Beach County, Florida",65204,3397,36073,2788,29131,2852
0500000US12101,12101,"Pasco County, Florida",13174,1470,8174,1387,5000,1260
0500000US12103,12103,"Pinellas County, Florida",22392,1520,11875,1446,10517,1535
0500000US12105,12105,"Polk County, Florida",28298,1632,14544,1594,13754,2002
0500000US12107,12107,"Putnam County, Florida",1694,755,759,660,935,518
0500000US12109,12109,"St. Johns County, Florida",2412,657,1364,296,1048,638
0500000US12111,12111,"St. Lucie County, Florida",10826,1248,5521,1046,5305,1200
0500000US12113,12113,"Santa Rosa County, Florida",947,674,559,566,388,311
0500000US12115,12115,"Sarasota County, Florida",7018,865,4103,892,2915,812
0500000US12117,12117,"Seminole County, Florida",18882,1509,10344,1432,8538,1634
0500000US12119,12119,"Sumter County, Florida",1384,526,716,482,668,524
0500000US12127,12127,"Volusia County, Florida",15795,1302,10040,1326,5755,1342
0500000US13013,13013,"Barrow County, Georgia",1374,386,704,419,670,420
0500000US13015,13015,"Bartow County, Georgia",1964,300,907,382,1057,489
0500000US13021,13021,"Bibb County, Georgia",746,297,268,212,478,325
0500000US13031,13031,"Bulloch County, Georgia",437,234,266,216,171,153
0500000US13045,13045,"Carroll County, Georgia",952,357,347,241,605,327
0500000US13051,13051,"Chatham County, Georgia",2225,388,1092,332,1133,377
0500000US13057,13057,"Cherokee County, Georgia",5330,1196,2337,877,2993,896
0500000US13059,13059,"Clarke County, Georgia",2094,498,738,337,1356,461
0500000US13063,13063,"Clayton County, Georgia",6563,889,3534,878,3029,802
0500000US13067,13067,"Cobb County, Georgia",17166,1481,7941,1201,9225,1483
0500000US13073,13073,"Columbia County, Georgia",1374,254,528,258,846,328
0500000US13077,13077,"Coweta County, Georgia",2589,474,1491,598,1098,566
0500000US13089,13089,"DeKalb County, Georgia",17898,2027,5507,1276,12391,1513
0500000US13097,13097,"Douglas County, Georgia",2087,352,1567,429,520,356
0500000US13113,13113,"Fayette County, Georgia",1106,331,509,317,597,421
0500000US13115,13115,"Floyd County, Georgia",1852,499,1033,480,819,463
0500000US13117,13117,"Forsyth County, Georgia",4742,622,2634,815,2108,783
0500000US13121,13121,"Fulton County, Georgia",18838,1977,5707,1298,13131,1513
0500000US13127,13127,"Glynn County, Georgia",785,312,163,195,622,249
0500000US13135,13135,"Gwinnett County, Georgia",32631,2109,14107,2050,18524,1855
0500000US13139,13139,"Hall County, Georgia",10467,1021,4415,1136,6052,1078
0500000US13151,13151,"Henry County, Georgia",2415,321,1968,349,447,246
0500000US13153,13153,"Houston County, Georgia",1565,410,766,351,799,347
0500000US13185,13185,"Lowndes County, Georgia",1105,253,287,257,818,243
0500000US13215,13215,"Muscogee County, Georgia",1880,607,673,366,1207,522
0500000US13217,13217,"Newton County, Georgia",1017,359,602,371,415,251
0500000US13223,13223,"Paulding County, Georgia",1952,582,1719,631,233,340
0500000US13245,13245,"Richmond County, Georgia",1238,634,469,343,769,529
0500000US13247,13247,"Rockdale County, Georgia",2723,548,686,538,2037,631
0500000US13313,13313,"Whitfield County, Georgia",6781,1017,3403,757,3378,990
0500000US15001,15001,"Hawaii County, Hawaii",5404,786,2347,679,3057,803
0500000US15003,15003,"Honolulu County, Hawaii",20207,1714,6278,1364,13929,1667
0500000US15009,15009,"Maui County, Hawaii",3299,691,1459,657,1840,673
0500000US16001,16001,"Ada County, Idaho",6695,851,4036,748,2659,744
0500000US16005,16005,"Bannock County, Idaho",899,366,483,392,416,303
0500000US16019,16019,"Bonneville County, Idaho",2675,427,1401,365,1274,399
0500000US16027,16027,"Canyon County, Idaho",10208,943,7026,1233,3182,889
0500000US16055,16055,"Kootenai County, Idaho",1247,317,695,238,552,304
0500000US16083,16083,"Twin Falls County, Idaho",3059,676,1529,528,1530,770
0500000US17019,17019,"Champaign County, Illinois",2377,536,1283,435,1094,436
0500000US17031,17031,"Cook County, Illinois",308153,5267,157131,5814,151022,5069
0500000US17037,17037,"DeKalb County, Illinois",2363,624,1579,425,784,395
0500000US17043,17043,"DuPage County, Illinois",30002,1986,16299,1764,13703,1963
0500000US17089,17089,"Kane County, Illinois",31634,1759,19321,1774,12313,1883
0500000US17091,17091,"Kankakee County, Illinois",1840,416,1102,369,738,353
0500000US17093,17093,"Kendall County, Illinois",4068,623,3366,625,702,395
0500000US17097,17097,"Lake County, Illinois",30827,1809,17807,1758,13020,1646
0500000US17099,17099,"LaSalle County, Illinois",2689,532,2001,440,688,534
0500000US17111,17111,"McHenry County, Illinois",7662,1158,4686,923,2976,670
0500000US17113,17113,"McLean County, Illinois",1281,436,761,353,520,391
0500000US17115,17115,"Macon County, Illinois",449,218,179,159,270,223
0500000US17119,17119,"Madison County, Illinois",1796,544,1123,409,673,444
0500000US17143,17143,"Peoria County, Illinois",1532,430,695,258,837,435
0500000US17161,17161,"Rock Island County, Illinois",4505,498,3030,555,1475,516
0500000US17163,17163,"St. Clair County, Illinois",1878,462,918,323,960,421
0500000US17167,17167,"Sangamon County, Illinois",997,196,597,257,400,267
0500000US17179,17179,"Tazewell County, Illinois",423,159,362,175,61,78
0500000US17183,17183,"Vermilion County, Illinois",872,429,515,326,357,411
0500000US17197,17197,"Will County, Illinois",23195,1531,17946,1645,5249,980
0500000US17201,17201,"Winnebago County, Illinois",7367,829,3471,784,3896,963
0500000US18003,18003,"Allen County, Indiana",5707,636,3063,647,2644,655
0500000US18005,18005,"Bartholomew County, Indiana",922,224,179,249,743,242
0500000US18019,18019,"Clark County, Indiana",654,264,259,237,395,161
0500000US18035,18035,"Delaware County, Indiana",401,219,99,125,302,188
0500000US18039,18039,"Elkhart County, Indiana",8156,1107,4776,998,3380,1085
0500000US18043,18043,"Floyd County, Indiana",436,239,99,84,337,269
0500000US18053,18053,"Grant County, Indiana",695,210,319,166,376,190
0500000US18057,18057,"Hamilton County, Indiana",2006,656,1447,618,559,335
0500000US18063,18063,"Hendricks County, Indiana",976,310,828,278,148,160
0500000US18067,18067,"Howard County, Indiana",436,207,281,226,155,148
0500000US18085,18085,"Kosciusko County, Indiana",1725,285,1084,322,641,297
0500000US18089,18089,"Lake County, Indiana",20820,1232,14634,1087,6186,1221
0500000US18091,18091,"LaPorte County, Indiana",1215,364,581,359,634,356
0500000US18095,18095,"Madison County, Indiana",692,253,335,227,357,239
0500000US18097,18097,"Marion County, Indiana",17582,1490,5790,1261,11792,1369
0500000US18105,18105,"Monroe County, Indiana",924,393,283,298,641,373
0500000US18127,18127,"Porter County, Indiana",3250,629,2627,587,623,439
0500000US18141,18141,"St. Joseph County, Indiana",4316,591,2340,498,1976,608
0500000US18157,18157,"Tippecanoe County, Indiana",2946,477,1434,504,1512,502
0500000US18167,18167,"Vigo County, Indiana",376,205,34,43,342,209
0500000US19013,19013,"Black Hawk County, Iowa",1185,258,502,278,683,370
0500000US19103,19103,"Johnson County, Iowa",1464,404,1090,529,374,311
0500000US19113,19113,"Linn County, Iowa",1672,424,702,486,970,436
0500000US19153,19153,"Polk County, Iowa",8049,697,4618,840,3431,878
0500000US19155,19155,"Pottawattamie County, Iowa",1274,246,228,213,1046,257
0500000US19163,19163,"Scott County, Iowa",2279,507,1226,351,1053,456
0500000US19193,19193,"Woodbury County, Iowa",3277,587,1377,552,1900,558
0500000US20045,20045,"Douglas County, Kansas",1612,539,422,321,1190,580
0500000US20091,20091,"Johnson County, Kansas",9274,1020,4295,974,4979,706
0500000US20103,20103,"Leavenworth County, Kansas",771,303,363,225,408,336
0500000US20161,20161,"Riley County, Kansas",985,330,311,266,674,254
0500000US20173,20173,"Sedgwick County, Kansas",15754,1057,9082,1238,6672,1187
0500000US20177,20177,"Shawnee County, Kansas",5062,583,2386,547,2676,590
0500000US20209,20209,"Wyandotte County, Kansas",9095,1013,5180,975,3915,932
0500000US21015,21015,"Boone County, Kentucky",671,351,411,295,260,282
0500000US21067,21067,"Fayette County, Kentucky",5036,734,927,590,4109,915
0500000US21093,21093,"Hardin County, Kentucky",886,332,372,232,514,270
0500000US21111,21111,"Jefferson County, Kentucky",6513,803,3085,684,3428,687
0500000US21117,21117,"Kenton County, Kentucky",859,353,479,306,380,396
0500000US21227,21227,"Warren County, Kentucky",1255,431,492,290,763,368
0500000US22005,22005,"Ascension Parish, Louisiana",1359,297,782,373,577,350
0500000US22015,22015,"Bossier Parish, Louisiana",1652,465,759,405,893,485
0500000US22017,22017,"Caddo Parish, Louisiana",1904,525,882,316,1022,655
0500000US22019,22019,"Calcasieu Parish, Louisiana",1034,433,561,302,473,379
0500000US22033,22033,"East Baton Rouge Parish, Louisiana",3939,694,1931,637,2008,559
0500000US22051,22051,"Jefferson Parish, Louisiana",12932,1124,5595,882,7337,1118
0500000US22055,22055,"Lafayette Parish, Louisiana",1437,394,790,379,647,262
0500000US22057,22057,"Lafourche Parish, Louisiana",697,265,317,182,380,331
0500000US22063,22063,"Livingston Parish, Louisiana",569,294,105,140,464,252
0500000US22071,22071,"Orleans Parish, Louisiana",4789,860,2237,607,2552,640
0500000US22103,22103,"St. Tammany Parish, Louisiana",3178,538,2207,571,971,369
0500000US22105,22105,"Tangipahoa Parish, Louisiana",1052,293,559,176,493,267
0500000US22109,22109,"Terrebonne Parish, Louisiana",968,371,579,223,389,434
0500000US23001,23001,"Androscoggin County, Maine",514,254,171,205,343,189
0500000US23005,23005,"Cumberland County, Maine",1147,404,378,263,769,411
0500000US23011,23011,"Kennebec County, Maine",542,317,408,260,134,179
0500000US23019,23019,"Penobscot County, Maine",287,163,133,135,154,140
0500000US23031,23031,"York County, Maine",460,301,330,258,130,140
0500000US24003,24003,"Anne Arundel County, Maryland",6468,906,3937,918,2531,665
0500000US24005,24005,"Baltimore County, Maryland",7628,861,3169,673,4459,829
0500000US24009,24009,"Calvert County, Maryland",550,294,356,284,194,180
0500000US24013,24013,"Carroll County, Maryland",601,285,221,196,380,241
0500000US24015,24015,"Cecil County, Maryland",1004,391,513,288,491,426
0500000US24017,24017,"Charles County, Maryland",1457,345,1161,427,296,254
0500000US24021,24021,"Frederick County, Maryland",3233,748,1933,651,1300,673
0500000US24025,24025,"Harford County, Maryland",2246,740,1824,605,422,359
0500000US24027,24027,"Howard County, Maryland",4300,945,2148,639,2152,1011
0500000US24031,24031,"Montgomery County, Maryland",37913,2081,22200,1757,15713,1920
0500000US24033,24033,"Prince George's County, Maryland",24465,1607,13579,1302,10886,1662
0500000US24043,24043,"Washington County, Maryland",1342,306,655,268,687,318
0500000US24045,24045,"Wicomico County, Maryland",875,299,178,166,697,276
0500000US24510,24510,"Baltimore city, Maryland",4603,732,1938,607,2665,669
0500000US25001,25001,"Barnstable County, Massachusetts",1661,461,1027,486,634,450
0500000US25003,25003,"Berkshire County, Massachusetts",970,415,353,303,617,409
0500000US25005,25005,"Bristol County, Massachusetts",9853,948,2438,786,7415,1044
0500000US25009,25009,"Essex County, Massachusetts",32808,1935,8150,1337,24658,2183
0500000US25011,25011,"Franklin County, Massachusetts",821,295,319,263,502,319
0500000US25013,25013,"Hampden County, Massachusetts",29192,1756,6772,1109,22420,1998
0500000US25015,25015,"Hampshire County, Massachusetts",2171,511,896,504,1275,544
0500000US25017,25017,"Middlesex County, Massachusetts",25363,1979,7280,1205,18083,2142
0500000US25021,25021,"Norfolk County, Massachusetts",5637,1052,1899,616,3738,932
0500000US25023,25023,"Plymouth County, Massachusetts",3156,606,1665,540,1491,518
0500000US25025,25025,"Suffolk County, Massachusetts",35618,2071,6570,1244,29048,2233
0500000US25027,25027,"Worcester County, Massachusetts",20105,1357,5417,1045,14688,1630
0500000US26005,26005,"Allegan County, Michigan",2091,405,1175,441,916,421
0500000US26017,26017,"Bay County, Michigan",1340,500,835,488,505,378
0500000US26021,26021,"Berrien County, Michigan",1811,663,642,411,1169,608
0500000US26025,26025,"Calhoun County, Michigan",1350,329,516,263,834,426
0500000US26037,26037,"Clinton County, Michigan",841,173,438,254,403,277
0500000US26045,26045,"Eaton County, Michigan",917,366,671,320,246,302
0500000US26049,26049,"Genesee County, Michigan",4084,526,2130,417,1954,624
0500000US26065,26065,"Ingham County, Michigan",5567,686,2623,514,2944,669
0500000US26073,26073,"Isabella County, Michigan",547,183,147,141,400,190
0500000US26075,26075,"Jackson County, Michigan",1330,389,575,341,755,421
0500000US26077,26077,"Kalamazoo County, Michigan",2379,582,1947,585,432,463
0500000US26081,26081,"Kent County, Michigan",13479,1358,6497,1052,6982,1289
0500000US26087,26087,"Lapeer County, Michigan",706,263,564,257,142,128
0500000US26091,26091,"Lenawee County, Michigan",1837,485,920,286,917,449
0500000US26093,26093,"Livingston County, Michigan",771,347,352,293,419,337
0500000US26099,26099,"Macomb County, Michigan",4684,646,3280,593,1404,617
0500000US26115,26115,"Monroe County, Michigan",1319,260,814,350,505,223
0500000US26121,26121,"Muskegon County, Michigan",1451,440,926,374,525,353
0500000US26125,26125,"Oakland County, Michigan",11817,1002,8178,1034,3639,790
0500000US26139,26139,"Ottawa County, Michigan",5219,720,3522,675,1697,551
0500000US26145,26145,"Saginaw County, Michigan",5019,540,3548,466,1471,599
0500000US26147,26147,"St. Clair County, Michigan",1234,415,522,188,712,365
0500000US26159,26159,"Van Buren County, Michigan",1475,429,1015,335,460,306
0500000US26161,26161,"Washtenaw County, Michigan",4164,628,1491,518,2673,680
0500000US26163,26163,"Wayne County, Michigan",29354,2004,16427,1617,12927,1838
0500000US27003,27003,"Anoka County, Minnesota",2479,455,1434,440,1045,489
0500000US27019,27019,"Carver County, Minnesota",947,434,510,331,437,540
0500000US27037,27037,"Dakota County, Minnesota",5032,570,2324,551,2708,711
0500000US27053,27053,"Hennepin County, Minnesota",17535,1440,5758,1034,11777,1338
0500000US27109,27109,"Olmsted County, Minnesota",940,310,441,265,499,284
0500000US27123,27123,"Ramsey County, Minnesota",9136,827,3696,705,5440,863
0500000US27139,27139,"Scott County, Minnesota",907,399,378,267,529,278
0500000US27145,27145,"Stearns County, Minnesota",856,190,102,96,754,228
0500000US27163,27163,"Washington County, Minnesota",1570,396,1498,426,72,121
0500000US28033,28033,"DeSoto County, Mississippi",1737,351,767,386,970,366
0500000US28047,28047,"Harrison County, Mississippi",2147,556,1176,523,971,397
0500000US28059,28059,"Jackson County, Mississippi",1744,550,746,504,998,405
0500000US28067,28067,"Jones County, Mississippi",912,324,161,196,751,262
0500000US28075,28075,"Lauderdale County, Mississippi",381,135,177,137,204,156
0500000US28089,28089,"Madison County, Mississippi",398,167,228,136,170,133
0500000US28121,28121,"Rankin County, Mississippi",917,363,510,374,407,330
0500000US29019,29019,"Boone County, Missouri",1072,282,436,290,636,332
0500000US29021,29021,"Buchanan County, Missouri",714,324,430,282,284,211
0500000US29037,29037,"Cass County, Missouri",1170,620,801,590,369,252
0500000US29047,29047,"Clay County, Missouri",3109,766,2027,775,1082,385
0500000US29071,29071,"Franklin County, Missouri",340,146,111,87,229,185
0500000US29077,29077,"Greene County, Missouri",2066,507,1044,538,1022,514
0500000US29095,29095,"Jackson County, Missouri",15400,1242,6766,1266,8634,1252
0500000US29097,29097,"Jasper County, Missouri",1509,346,534,243,975,450
0500000US29099,29099,"Jefferson County, Missouri",954,338,561,392,393,279
0500000US29165,29165,"Platte County, Missouri",960,401,454,317,506,248
0500000US29183,29183,"St. Charles County, Missouri",2862,549,2153,790,709,574
0500000US29189,29189,"St. Louis County, Missouri",6917,880,3153,830,3764,871
0500000US29510,29510,"St. Louis city, Missouri",3651,477,1840,514,1811,454
0500000US30013,30013,"Cascade County, Montana",684,353,445,351,239,225
0500000US30031,30031,"Gallatin County, Montana",591,206,293,200,298,220
0500000US30063,30063,"Missoula County, Montana",1157,510,445,257,712,555
0500000US30111,30111,"Yellowstone County, Montana",2261,591,544,343,1717,548
0500000US31055,31055,"Douglas County, Nebraska",11323,1033,5521,942,5802,966
0500000US31109,31109,"Lancaster County, Nebraska",4326,680,1923,577,2403,651
0500000US31153,31153,"Sarpy County, Nebraska",2799,472,1867,500,932,370
0500000US32003,32003,"Clark County, Nevada",146102,3907,66421,3799,79681,3607
0500000US32031,32031,"Washoe County, Nevada",22647,1653,9651,1284,12996,1421
0500000US33011,33011,"Hillsborough County, New Hampshire",5796,903,2217,714,3579,967
0500000US33015,33015,"Rockingham County, New Hampshire",1725,507,1116,485,609,335
0500000US33017,33017,"Strafford County, New Hampshire",840,402,301,234,539,393
0500000US34001,34001,"Atlantic County, New Jersey",11208,1080,5087,786,6121,1092
0500000US34003,34003,"Bergen County, New Jersey",42397,2099,18618,1817,23779,2282
0500000US34005,34005,"Burlington County, New Jersey",4785,3336,3068,2096,1717,1395
0500000US34007,34007,"Camden County, New Jersey",18842,1152,8913,1156,9929,1200
0500000US34009,34009,"Cape May County, New Jersey",1847,356,516,375,1331,520
0500000US34011,34011,"Cumberland County, New Jersey",8660,852,3762,688,4898,970
0500000US34013,34013,"Essex County, New Jersey",42871,1835,15806,1516,27065,1907
0500000US34015,34015,"Gloucester County, New Jersey",3130,517,1115,523,2015,494
0500000US34017,34017,"Hudson County, New Jersey",83176,2593,19128,2160,64048,2963
0500000US34019,34019,"Hunterdon County, New Jersey",1508,685,782,678,726,271
0500000US34021,34021,"Mercer County, New Jersey",11535,1544,5538,1183,5997,1243
0500000US34023,34023,"Middlesex County, New Jersey",39255,1950,17622,1852,21633,1751
0500000US34025,34025,"Monmouth County, New Jersey",14241,1244,6461,1068,7780,924
0500000US34027,34027,"Morris County, New Jersey",16377,1290,7167,1064,9210,1284
0500000US34029,34029,"Ocean County, New Jersey",11165,1251,7138,1196,4027,1072
0500000US34031,34031,"Passaic County, New Jersey",47085,2147,15956,1927,31129,2374
0500000US34033,34033,"Salem County, New Jersey",1269,504,692,455,577,546
0500000US34035,34035,"Somerset County, New Jersey",10966,1109,4561,933,6405,841
0500000US34037,34037,"Sussex County, New Jersey",2820,515,1959,510,861,484
0500000US34039,34039,"Union County, New Jersey",40183,1529,13792,1364,26391,1862
0500000US34041,34041,"Warren County, New Jersey",1442,460,1002,424,440,370
0500000US35001,35001,"Bernalillo County, New Mexico",104008,2935,64996,3006,39012,2974
0500000US35013,35013,"Doña Ana County, New Mexico",39987,1734,25562,1804,14425,1608
0500000US35031,35031,"McKinley County, New Mexico",2619,770,2154,659,465,329
0500000US35043,35043,"Sandoval County, New Mexico",12840,931,10177,904,2663,881
0500000US35045,35045,"San Juan County, New Mexico",6463,866,4941,917,1522,613
0500000US35049,35049,"Santa Fe County, New Mexico",21791,1589,15294,1670,6497,1078
0500000US35061,35061,"Valencia County, New Mexico",13209,1000,10487,1065,2722,799
0500000US36001,36001,"Albany County, New York",3638,860,1274,454,2364,828
0500000US36005,36005,"Bronx County, New York",234097,4539,27172,2563,206925,4514
0500000US36007,36007,"Broome County, New York",1452,484,277,220,1175,489
0500000US36009,36009,"Cattaraugus County, New York",384,191,182,173,202,188
0500000US36013,36013,"Chautauqua County, New York",2005,428,501,327,1504,400
0500000US36027,36027,"Dutchess County, New York",8099,800,3641,739,4458,820
0500000US36029,36029,"Erie County, New York",10976,1183,2971,687,8005,1171
0500000US36045,36045,"Jefferson County, New York",1265,476,407,275,858,534
0500000US36047,36047,"Kings County, New York",156335,3884,22900,2210,133435,4707
0500000US36055,36055,"Monroe County, New York",13377,1090,5929,802,7448,1087
0500000US36059,36059,"Nassau County, New York",39535,2123,23440,1840,16095,1847
0500000US36061,36061,"New York County, New York",124865,4041,9697,1576,115168,3998
0500000US36063,36063,"Niagara County, New York",1061,248,670,247,391,200
0500000US36065,36065,"Oneida County, New York",2312,586,919,413,1393,449
0500000US36067,36067,"Onondaga County, New York",3990,613,1119,458,2871,629
0500000US36069,36069,"Ontario County, New York",970,210,381,274,589,252
0500000US36071,36071,"Orange County, New York",16286,1296,7977,1063,8309,1297
0500000US36079,36079,"Putnam County, New York",2822,599,2102,516,720,477
0500000US36081,36081,"Queens County, New York",182662,4631,49389,3536,133273,4429
0500000US36083,36083,"Rensselaer County, New York",1274,369,375,287,899,342
0500000US36085,36085,"Richmond County, New York",22844,1662,11989,1560,10855,1802
0500000US36087,36087,"Rockland County, New York",9998,989,5312,880,4686,940
0500000US36091,36091,"Saratoga County, New York",1359,346,934,334,425,374
0500000US36093,36093,"Schenectady County, New York",1883,448,893,383,990,419
0500000US36103,36103,"Suffolk County, New York",42792,2514,29596,2408,13196,2137
0500000US36105,36105,"Sullivan County, New York",3739,662,1253,623,2486,766
0500000US36109,36109,"Tompkins County, New York",1807,392,286,255,1521,464
0500000US36111,36111,"Ulster County, New York",4063,510,1682,519,2381,592
0500000US36113,36113,"Warren County, New York",639,405,223,199,416,401
0500000US36119,36119,"Westchester County, New York",51274,2105,15313,2037,35961,2483
0500000US37001,37001,"Alamance County, North Carolina",4631,674,3120,860,1511,516
0500000US37019,37019,"Brunswick County, North Carolina",1487,335,616,395,871,408
0500000US37021,37021,"Buncombe County, North Carolina",2248,466,916,379,1332,479
0500000US37023,37023,"Burke County, North Carolina",1080,459,411,398,669,366
0500000US37025,37025,"Cabarrus County, North Carolina",4245,613,2214,668,2031,613
0500000US37027,37027,"Caldwell County, North Carolina",799,302,323,231,476,265
0500000US37035,37035,"Catawba County, North Carolina",3573,586,1961,579,1612,548
0500000US37045,37045,"Cleveland County, North Carolina",609,215,183,171,426,267
0500000US37049,37049,"Craven County, North Carolina",782,429,378,206,404,363
0500000US37051,37051,"Cumberland County, North Carolina",5422,945,2596,635,2826,838
0500000US37057,37057,"Davidson County, North Carolina",2095,479,925,332,1170,458
0500000US37063,37063,"Durham County, North Carolina",8077,830,2547,831,5530,828
0500000US37067,37067,"Forsyth County, North Carolina",9286,999,3534,865,5752,1094
0500000US37071,37071,"Gaston County, North Carolina",3419,489,873,497,2546,575
0500000US37081,37081,"Guilford County, North Carolina",8985,822,4355,861,4630,986
0500000US37085,37085,"Harnett County, North Carolina",2477,611,1299,554,1178,571
0500000US37089,37089,"Henderson County, North Carolina",1823,754,1253,681,570,537
0500000US37097,37097,"Iredell County, North Carolina",2928,554,1710,463,1218,646
0500000US37101,37101,"Johnston County, North Carolina",4013,774,2010,737,2003,610
0500000US37109,37109,"Lincoln County, North Carolina",1434,441,938,535,496,432
0500000US37119,37119,"Mecklenburg County, North Carolina",30024,1625,13571,1845,16453,1733
0500000US37125,37125,"Moore County, North Carolina",1333,247,372,275,961,256
0500000US37127,37127,"Nash County, North Carolina",919,298,431,327,488,234
0500000US37129,37129,"New Hanover County, North Carolina",1472,528,381,303,1091,509
0500000US37133,37133,"Onslow County, North Carolina",4842,1062,2016,795,2826,810
0500000US37135,37135,"Orange County, North Carolina",2013,335,643,361,1370,325
0500000US37147,37147,"Pitt County, North Carolina",1917,511,924,392,993,388
0500000US37151,37151,"Randolph County, North Carolina",3383,670,1841,748,1542,692
0500000US37155,37155,"Robeson County, North Carolina",1968,580,872,478,1096,640
0500000US37157,37157,"Rockingham County, North Carolina",1483,415,821,548,662,338
0500000US37159,37159,"Rowan County, North Carolina",2204,389,1435,575,769,461
0500000US37171,37171,"Surry County, North Carolina",1370,360,685,361,685,389
0500000US37179,37179,"Union County, North Carolina",4147,646,1974,658,2173,633
0500000US37183,37183,"Wake County, North Carolina",17128,1478,6411,1272,10717,1280
0500000US37191,37191,"Wayne County, North Carolina",1960,424,1314,350,646,311
0500000US37193,37193,"Wilkes County, North Carolina",754,259,129,136,625,334
0500000US37195,37195,"Wilson County, North Carolina",1468,476,816,547,652,458
0500000US38017,38017,"Cass County, North Dakota",1353,464,574,269,779,545
0500000US38035,38035,"Grand Forks County, North Dakota",557,210,316,191,241,205
0500000US39007,39007,"Ashtabula County, Ohio",710,315,300,268,410,365
0500000US39017,39017,"Butler County, Ohio",2663,566,647,417,2016,515
0500000US39023,39023,"Clark County, Ohio",499,250,177,138,322,278
0500000US39025,39025,"Clermont County, Ohio",538,267,213,168,325,270
0500000US39035,39035,"Cuyahoga County, Ohio",19888,1262,7847,1051,12041,1500
0500000US39043,39043,"Erie County, Ohio",600,251,398,240,202,173
0500000US39045,39045,"Fairfield County, Ohio",735,305,341,214,394,301
0500000US39049,39049,"Franklin County, Ohio",13564,1109,5155,991,8409,1079
0500000US39057,39057,"Greene County, Ohio",1117,316,814,336,303,202
0500000US39061,39061,"Hamilton County, Ohio",4952,1050,1903,486,3049,988
0500000US39063,39063,"Hancock County, Ohio",1121,285,828,296,293,224
0500000US39085,39085,"Lake County, Ohio",1939,614,1385,615,554,399
0500000US39093,39093,"Lorain County, Ohio",7500,705,3443,709,4057,653
0500000US39095,39095,"Lucas County, Ohio",7231,837,4191,681,3040,949
0500000US39099,39099,"Mahoning County, Ohio",2792,481,2020,482,772,400
0500000US39101,39101,"Marion County, Ohio",194,106,48,59,146,110
0500000US39103,39103,"Medina County, Ohio",666,213,404,230,262,183
0500000US39113,39113,"Montgomery County, Ohio",3610,453,1371,576,2239,586
0500000US39133,39133,"Portage County, Ohio",325,175,181,124,144,115
0500000US39151,39151,"Stark County, Ohio",1254,313,600,329,654,369
0500000US39153,39153,"Summit County, Ohio",2009,458,1173,475,836,340
0500000US39155,39155,"Trumbull County, Ohio",889,228,889,228,0,267
0500000US39165,39165,"Warren County, Ohio",1221,255,1007,341,214,135
0500000US39169,39169,"Wayne County, Ohio",289,121,266,122,23,27
0500000US39173,39173,"Wood County, Ohio",1074,329,592,262,482,227
0500000US40017,40017,"Canadian County, Oklahoma",1585,370,1164,351,421,205
0500000US40027,40027,"Cleveland County, Oklahoma",4061,880,2783,584,1278,535
0500000US40031,40031,"Comanche County, Oklahoma",3481,724,2035,559,1446,552
0500000US40109,40109,"Oklahoma County, Oklahoma",24369,1387,10684,1277,13685,1616
0500000US40119,40119,"Payne County, Oklahoma",743,347,210,178,533,335
0500000US40143,40143,"Tulsa County, Oklahoma",17302,1704,8951,1089,8351,1454
0500000US41003,41003,"Benton County, Oregon",1396,343,777,319,619,323
0500000US41005,41005,"Clackamas County, Oregon",7314,787,4072,784,3242,887
0500000US41017,41017,"Deschutes County, Oregon",2560,586,936,477,1624,601
0500000US41019,41019,"Douglas County, Oregon",1425,322,1079,441,346,291
0500000US41029,41029,"Jackson County, Oregon",4103,599,2094,529,2009,574
0500000US41033,41033,"Josephine County, Oregon",933,394,581,344,352,334
0500000US41035,41035,"Klamath County, Oregon",1981,403,722,368,1259,398
0500000US41039,41039,"Lane County, Oregon",6181,857,2056,539,4125,836
0500000US41043,41043,"Linn County, Oregon",1528,433,479,284,1049,461
0500000US41047,41047,"Marion County, Oregon",16610,1071,6499,1084,10111,1173
0500000US41051,41051,"Multnomah County, Oregon",20831,1650,6451,1113,14380,1591
0500000US41053,41053,"Polk County, Oregon",1900,656,790,403,1110,641
0500000US41059,41059,"Umatilla County, Oregon",3399,513,1787,593,1612,665
0500000US41067,41067,"Washington County, Oregon",17715,1521,5605,1273,12110,1636
0500000US41071,41071,"Yamhill County, Oregon",2967,462,919,362,2048,436
0500000US42001,42001,"Adams County, Pennsylvania",1453,228,530,264,923,318
0500000US42003,42003,"Allegheny County, Pennsylvania",7525,796,3088,746,4437,795
0500000US42007,42007,"Beaver County, Pennsylvania",619,300,268,238,351,315
0500000US42011,42011,"Berks County, Pennsylvania",15482,2338,6546,1392,8936,1702
0500000US42013,42013,"Blair County, Pennsylvania",322,187,97,127,225,156
0500000US42017,42017,"Bucks County, Pennsylvania",6171,862,3124,782,3047,942
0500000US42027,42027,"Centre County, Pennsylvania",499,242,231,167,268,198
0500000US42029,42029,"Chester County, Pennsylvania",6026,737,2661,630,3365,737
0500000US42041,42041,"Cumberland County, Pennsylvania",1485,404,599,269,886,353
0500000US42043,42043,"Dauphin County, Pennsylvania",5171,619,1303,565,3868,675
0500000US42045,42045,"Delaware County, Pennsylvania",3222,839,1658,676,1564,610
0500000US42049,42049,"Erie County, Pennsylvania",1834,518,821,265,1013,413
0500000US42051,42051,"Fayette County, Pennsylvania",242,126,147,142,95,91
0500000US42055,42055,"Franklin County, Pennsylvania",1245,355,478,366,767,373
0500000US42069,42069,"Lackawanna County, Pennsylvania",2011,373,290,193,1721,364
0500000US42071,42071,"Lancaster County, Pennsylvania",11202,951,3703,814,7499,1061
0500000US42075,42075,"Lebanon County, Pennsylvania",3486,508,928,421,2558,573
0500000US42077,42077,"Lehigh County, Pennsylvania",16616,1111,6486,914,10130,1243
0500000US42079,42079,"Luzerne County, Pennsylvania",4705,602,1149,352,3556,718
0500000US42089,42089,"Monroe County, Pennsylvania",6192,888,3765,760,2427,887
0500000US42091,42091,"Montgomery County, Pennsylvania",6809,883,3122,686,3687,780
0500000US42095,42095,"Northampton County, Pennsylvania",7775,852,3834,810,3941,943
0500000US42097,42097,"Northumberland County, Pennsylvania",427,264,87,79,340,254
0500000US42101,42101,"Philadelphia County, Pennsylvania",50800,2593,23327,2106,27473,2856
0500000US42107,42107,"Schuylkill County, Pennsylvania",561,264,415,262,146,140
0500000US42125,42125,"Washington County, Pennsylvania",502,245,322,204,180,138
0500000US42129,42129,"Westmoreland County, Pennsylvania",850,258,345,280,505,293
0500000US42133,42133,"York County, Pennsylvania",5377,798,2455,806,2922,667
0500000US44003,44003,"Kent County, Rhode Island",1911,514,1168,368,743,402
0500000US44007,44007,"Providence County, Rhode Island",32334,1930,8788,1359,23546,2122
0500000US44009,44009,"Washington County, Rhode Island",661,317,534,337,127,150
0500000US45003,45003,"Aiken County, South Carolina",1403,487,528,339,875,424
0500000US45007,45007,"Anderson County, South Carolina",1409,413,470,342,939,394
0500000US45013,45013,"Beaufort County, South Carolina",3331,692,1530,666,1801,579
0500000US45015,45015,"Berkeley County, South Carolina",1562,348,412,264,1150,289
0500000US45019,45019,"Charleston County, South Carolina",3327,646,1260,466,2067,469
0500000US45035,45035,"Dorchester County, South Carolina",842,295,677,351,165,237
0500000US45041,45041,"Florence County, South Carolina",646,184,395,277,251,235
0500000US45045,45045,"Greenville County, South Carolina",9834,1071,4064,957,5770,991
0500000US45047,45047,"Greenwood County, South Carolina",1100,486,256,260,844,549
0500000US45051,45051,"Horry County, South Carolina",2870,656,521,435,2349,640
0500000US45063,45063,"Lexington County, South Carolina",3232,693,1694,580,1538,575
0500000US45073,45073,"Oconee County, South Carolina",517,230,441,212,76,112
0500000US45077,45077,"Pickens County, South Carolina",1274,560,452,320,822,543
0500000US45079,45079,"Richland County, South Carolina",3792,714,1345,415,2447,662
0500000US45083,45083,"Spartanburg County, South Carolina",3603,618,1676,642,1927,688
0500000US45085,45085,"Sumter County, South Carolina",679,405,157,204,522,331
0500000US45091,45091,"York County, South Carolina",2214,405,1157,451,1057,498
0500000US46099,46099,"Minnehaha County, South Dakota",1736,507,761,404,975,455
0500000US46103,46103,"Pennington County, South Dakota",909,323,377,267,532,330
0500000US47009,47009,"Blount County, Tennessee",343,163,141,122,202,183
0500000US47011,47011,"Bradley County, Tennessee",1072,239,258,214,814,272
0500000US47037,47037,"Davidson County, Tennessee",12765,1408,5007,1018,7758,1057
0500000US47065,47065,"Hamilton County, Tennessee",2605,413,908,383,1697,449
0500000US47093,47093,"Knox County, Tennessee",3610,670,1277,425,2333,688
0500000US47113,47113,"Madison County, Tennessee",859,245,611,291,248,249
0500000US47119,47119,"Maury County, Tennessee",1231,418,495,296,736,477
0500000US47125,47125,"Montgomery County, Tennessee",1907,458,961,213,946,427
0500000US47141,47141,"Putnam County, Tennessee",796,301,152,168,644,236
0500000US47147,47147,"Robertson County, Tennessee",853,424,330,318,523,329
0500000US47149,47149,"Rutherford County, Tennessee",3475,769,2001,644,1474,568
0500000US47157,47157,"Shelby County, Tennessee",13894,1217,5862,1160,8032,1401
0500000US47163,47163,"Sullivan County, Tennessee",911,263,440,337,471,316
0500000US47165,47165,"Sumner County, Tennessee",1201,380,514,279,687,449
0500000US47179,47179,"Washington County, Tennessee",794,377,132,128,662,337
0500000US47189,47189,"Wilson County, Tennessee",469,122,302,143,167,121
0500000US48005,48005,"Angelina County, Texas",3699,887,2170,911,1529,849
0500000US48021,48021,"Bastrop County, Texas",5062,942,3515,849,1547,798
0500000US48027,48027,"Bell County, Texas",16603,1211,8769,1174,7834,1219
0500000US48029,48029,"Bexar County, Texas",278870,5316,164978,5129,113892,5121
0500000US48037,48037,"Bowie County, Texas",1370,464,1090,493,280,300
0500000US48039,48039,"Brazoria County, Texas",21112,1514,16342,1468,4770,1288
0500000US48041,48041,"Brazos County, Texas",10846,1121,4742,803,6104,1256
0500000US48061,48061,"Cameron County, Texas",92992,2698,59079,2674,33913,2835
0500000US48085,48085,"Collin County, Texas",29275,2063,16568,2347,12707,1657
0500000US48091,48091,"Comal County, Texas",7403,783,5267,675,2136,743
0500000US48099,48099,"Coryell County, Texas",2343,626,1269,458,1074,597
0500000US48113,48113,"Dallas County, Texas",250319,5417,110349,4698,139970,5209
0500000US48121,48121,"Denton County, Texas",26814,2114,13740,1870,13074,1982
0500000US48135,48135,"Ector County, Texas",20575,1191,12488,1307,8087,1399
0500000US48139,48139,"Ellis County, Texas",8471,1001,6672,1202,1799,784
0500000US48141,48141,"El Paso County, Texas",185566,3095,111365,3615,74201,4097
0500000US48157,48157,"Fort Bend County, Texas",28198,1829,20494,1762,7704,1550
0500000US48167,48167,"Galveston County, Texas",19626,1400,11864,1120,7762,1607
0500000US48181,48181,"Grayson County, Texas",3367,485,1505,583,1862,699
0500000US48183,48183,"Gregg County, Texas",3970,493,2626,539,1344,508
0500000US48187,48187,"Guadalupe County, Texas",10928,1132,6653,1065,4275,1091
0500000US48201,48201,"Harris County, Texas",440676,5489,218557,5698,222119,6745
0500000US48209,48209,"Hays County, Texas",11646,929,6737,730,4909,1027
0500000US48213,48213,"Henderson County, Texas",2439,337,1478,474,961,461
0500000US48215,48215,"Hidalgo County, Texas",186405,3373,125088,3732,61317,4350
0500000US48231,48231,"Hunt County, Texas",2354,408,1662,355,692,388
0500000US48245,48245,"Jefferson County, Texas",9897,926,5981,715,3916,763
0500000US48251,48251,"Johnson County, Texas",5368,802,3966,830,1402,515
0500000US48257,48257,"Kaufman County, Texas",3327,602,2373,681,954,498
0500000US48291,48291,"Liberty County, Texas",2570,481,2094,595,476,377
0500000US48303,48303,"Lubbock County, Texas",27705,1442,14138,1441,13567,1734
0500000US48309,48309,"McLennan County, Texas",13394,1037,6960,996,6434,1184
0500000US48329,48329,"Midland County, Texas",14085,1009,8127,980,5958,1039
0500000US48339,48339,"Montgomery County, Texas",19714,1481,12537,1364,7177,1371
0500000US48355,48355,"Nueces County, Texas",62430,2595,35811,2276,26619,2749
0500000US48361,48361,"Orange County, Texas",1327,305,1114,385,213,210
0500000US48367,48367,"Parker County, Texas",2410,532,1534,490,876,464
0500000US48375,48375,"Potter County, Texas",10713,1074,6268,898,4445,985
0500000US48381,48381,"Randall County, Texas",4582,928,3308,836,1274,576
0500000US48397,48397,"Rockwall County, Texas",3136,576,2171,546,965,612
0500000US48409,48409,"San Patricio County, Texas",10072,1094,6622,896,3450,860
0500000US48423,48423,"Smith County, Texas",6687,758,4451,836,2236,806
0500000US48439,48439,"Tarrant County, Texas",125851,3375,70524,3368,55327,3458
0500000US48441,48441,"Taylor County, Texas",8457,906,5297,952,3160,1055
0500000US48451,48451,"Tom Green County, Texas",12376,879,8034,1040,4342,895
0500000US48453,48453,"Travis County, Texas",102936,3672,39221,3160,63715,4284
0500000US48469,48469,"Victoria County, Texas",11285,1023,5939,960,5346,1174
0500000US48479,48479,"Webb County, Texas",60076,1627,39768,2275,20308,2124
0500000US48485,48485,"Wichita County, Texas",5247,943,2614,658,2633,823
0500000US48491,48491,"Williamson County, Texas",22450,1668,13707,1429,8743,1463
0500000US49005,49005,"Cache County, Utah",2445,504,1239,310,1206,557
0500000US49011,49011,"Davis County, Utah",5292,708,3295,731,1997,757
0500000US49035,49035,"Salt Lake County, Utah",41005,2072,22143,1802,18862,1817
0500000US49049,49049,"Utah County, Utah",10255,1215,5527,902,4728,1143
0500000US49053,49053,"Washington County, Utah",2379,505,941,428,1438,562
0500000US49057,49057,"Weber County, Utah",9291,937,4642,960,4649,903
0500000US50007,50007,"Chittenden County, Vermont",1044,396,585,354,459,347
0500000US51003,51003,"Albemarle County, Virginia",988,313,502,323,486,285
0500000US51013,51013,"Arlington County, Virginia",8017,1177,2640,681,5377,1206
0500000US51041,51041,"Chesterfield County, Virginia",5533,610,3039,689,2494,745
0500000US51059,51059,"Fairfax County, Virginia",39788,2199,22091,2195,17697,1888
0500000US51061,51061,"Fauquier County, Virginia",979,313,642,420,337,365
0500000US51087,51087,"Henrico County, Virginia",2861,440,765,286,2096,433
0500000US51107,51107,"Loudoun County, Virginia",6941,837,3897,972,3044,747
0500000US51121,51121,"Montgomery County, Virginia",636,324,148,165,488,308
0500000US51153,51153,"Prince William County, Virginia",18045,1249,10697,1218,7348,1163
0500000US51165,51165,"Rockingham County, Virginia",1334,209,447,358,887,442
0500000US51177,51177,"Spotsylvania County, Virginia",2115,770,1765,700,350,434
0500000US51179,51179,"Stafford County, Virginia",2916,431,1722,595,1194,458
0500000US51510,51510,"Alexandria city, Virginia",5283,950,963,468,4320,874
0500000US51550,51550,"Chesapeake city, Virginia",2170,472,1243,465,927,415
0500000US51650,51650,"Hampton city, Virginia",1484,847,538,384,946,892
0500000US51700,51700,"Newport News city, Virginia",2321,614,730,460,1591,674
0500000US51710,51710,"Norfolk city, Virginia",3744,919,787,329,2957,831
0500000US51740,51740,"Portsmouth city, Virginia",679,266,196,231,483,294
0500000US51760,51760,"Richmond city, Virginia",2519,672,516,366,2003,627
0500000US51810,51810,"Virginia Beach city, Virginia",7952,1052,3891,977,4061,1106
0500000US53005,53005,"Benton County, Washington",6728,899,3846,754,2882,911
0500000US53007,53007,"Chelan County, Washington",4180,694,1477,580,2703,779
0500000US53009,53009,"Clallam County, Washington",714,434,515,411,199,221
0500000US53011,53011,"Clark County, Washington",8093,1031,3690,772,4403,916
0500000US53015,53015,"Cowlitz County, Washington",1366,518,234,297,1132,569
0500000US53021,53021,"Franklin County, Washington",8157,825,4209,839,3948,905
0500000US53025,53025,"Grant County, Washington",6931,898,3472,801,3459,1099
0500000US53027,53027,"Grays Harbor County, Washington",1210,340,502,280,708,265
0500000US53029,53029,"Island County, Washington",933,386,481,319,452,359
0500000US53033,53033,"King County, Washington",43973,2227,15348,1835,28625,2262
0500000US53035,53035,"Kitsap County, Washington",2487,475,1216,409,1271,417
0500000US53041,53041,"Lewis County, Washington",1227,386,444,238,783,387
0500000US53053,53053,"Pierce County, Washington",16047,1256,7345,1031,8702,1402
0500000US53057,53057,"Skagit County, Washington",4927,825,1833,757,3094,783
0500000US53061,53061,"Snohomish County, Washington",13793,1121,6360,1124,7433,1343
0500000US53063,53063,"Spokane County, Washington",5782,750,2919,649,2863,819
0500000US53067,53067,"Thurston County, Washington",4160,729,2333,689,1827,648
0500000US53073,53073,"Whatcom County, Washington",3400,874,1448,512,1952,933
0500000US53077,53077,"Yakima County, Washington",24523,1461,13008,1239,11515,1559
0500000US54003,54003,"Berkeley County, West Virginia",599,234,112,113,487,210
0500000US54011,54011,"Cabell County, West Virginia",466,160,176,129,290,240
0500000US55009,55009,"Brown County, Wisconsin",4006,805,2139,884,1867,715
0500000US55025,55025,"Dane County, Wisconsin",6702,800,2498,693,4204,713
0500000US55027,55027,"Dodge County, Wisconsin",575,228,445,205,130,134
0500000US55039,55039,"Fond du Lac County, Wisconsin",878,263,274,239,604,300
0500000US55055,55055,"Jefferson County, Wisconsin",1473,387,839,534,634,314
0500000US55059,55059,"Kenosha County, Wisconsin",4611,654,1908,430,2703,733
0500000US55071,55071,"Manitowoc County, Wisconsin",835,462,277,272,558,422
0500000US55073,55073,"Marathon County, Wisconsin",348,135,170,105,178,108
0500000US55079,55079,"Milwaukee County, Wisconsin",29806,1846,11946,1361,17860,1651
0500000US55087,55087,"Outagamie County, Wisconsin",852,310,438,258,414,252
0500000US55097,55097,"Portage County, Wisconsin",300,136,160,120,140,112
0500000US55101,55101,"Racine County, Wisconsin",5187,613,3413,560,1774,554
0500000US55105,55105,"Rock County, Wisconsin",2655,468,1542,571,1113,650
0500000US55109,55109,"St. Croix County, Wisconsin",211,110,189,114,22,27
0500000US55117,55117,"Sheboygan County, Wisconsin",1704,363,641,323,1063,311
0500000US55127,55127,"Walworth County, Wisconsin",2463,538,834,449,1629,584
0500000US55131,55131,"Washington County, Wisconsin",392,221,122,121,270,221
0500000US55133,55133,"Waukesha County, Wisconsin",4089,567,2468,690,1621,603
0500000US55139,55139,"Winnebago County, Wisconsin",1355,268,414,295,941,341
0500000US55141,55141,"Wood County, Wisconsin",228,54,19,28,209,62
0500000US56021,56021,"Laramie County, Wyoming",3752,562,1419,488,2333,520
0500000US56025,56025,"Natrona County, Wyoming",1192,393,364,273,828,356
