GEO.id,GEO.id2,GEO.display-label,HD01_VD01,HD02_VD01,HD01_VD02,HD02_VD02,HD01_VD03,HD02_VD03
Id,Id2,Geography,Estimate; Total:,Margin of Error; Total:,Estimate; Total: - Owner occupied,Margin of Error; Total: - Owner occupied,Estimate; Total: - Renter occupied,Margin of Error; Total: - Renter occupied
0500000US01003,01003,"Baldwin County, Alabama",2051,1109,977,1182,1074,707
0500000US01015,01015,"Calhoun County, Alabama",905,194,522,219,383,289
0500000US01043,01043,"Cullman County, Alabama",956,241,513,411,443,390
0500000US01049,01049,"DeKalb County, Alabama",2889,926,2622,994,267,390
0500000US01055,01055,"Etowah County, Alabama",1219,330,830,441,389,408
0500000US01069,01069,"Houston County, Alabama",802,203,299,108,503,191
0500000US01073,01073,"Jefferson County, Alabama",6278,809,1681,654,4597,859
0500000US01077,01077,"Lauderdale County, Alabama",564,183,417,196,147,195
0500000US01081,01081,"Lee County, Alabama",1308,417,515,412,793,316
0500000US01083,01083,"Limestone County, Alabama",1892,339,648,472,1244,487
0500000US01089,01089,"Madison County, Alabama",5107,829,2217,725,2890,971
0500000US01095,01095,"Marshall County, Alabama",2544,384,831,438,1713,493
0500000US01097,01097,"Mobile County, Alabama",3365,557,1987,803,1378,566
0500000US01101,01101,"Montgomery County, Alabama",1665,350,842,397,823,337
0500000US01103,01103,"Morgan County, Alabama",1309,297,618,425,691,380
0500000US01115,01115,"St. Clair County, Alabama",433,132,212,181,221,222
0500000US01117,01117,"Shelby County, Alabama",3087,545,1179,516,1908,731
0500000US01125,01125,"Tuscaloosa County, Alabama",910,413,440,389,470,284
0500000US02020,02020,"Anchorage Municipality, Alaska",5616,933,2870,642,2746,798
0500000US02090,02090,"Fairbanks North Star Borough, Alaska",1424,527,319,287,1105,645
0500000US02170,02170,"Matanuska-Susitna Borough, Alaska",843,259,744,247,99,110
0500000US04001,04001,"Apache County, Arizona",1057,261,723,238,334,247
0500000US04003,04003,"Cochise County, Arizona",13332,1321,8337,1109,4995,1267
0500000US04005,04005,"Coconino County, Arizona",4826,802,2430,662,2396,722
0500000US04013,04013,"Maricopa County, Arizona",295514,7116,145200,5743,150314,7583
0500000US04015,04015,"Mohave County, Arizona",8040,1366,4259,1234,3781,1167
0500000US04017,04017,"Navajo County, Arizona",3554,1175,1790,879,1764,921
0500000US04019,04019,"Pima County, Arizona",96838,3732,50425,3397,46413,2937
0500000US04021,04021,"Pinal County, Arizona",25063,2700,16468,2154,8595,1904
0500000US04025,04025,"Yavapai County, Arizona",7824,1433,3860,1040,3964,1432
0500000US04027,04027,"Yuma County, Arizona",37096,2413,25192,2412,11904,2382
0500000US05007,05007,"Benton County, Arkansas",8885,1414,4307,1507,4578,1104
0500000US05045,05045,"Faulkner County, Arkansas",1157,347,793,506,364,382
0500000US05051,05051,"Garland County, Arkansas",1247,487,913,400,334,379
0500000US05085,05085,"Lonoke County, Arkansas",510,231,245,206,265,198
0500000US05119,05119,"Pulaski County, Arkansas",5900,984,2523,733,3377,855
0500000US05125,05125,"Saline County, Arkansas",880,358,600,336,280,291
0500000US05131,05131,"Sebastian County, Arkansas",4023,554,2143,548,1880,572
0500000US05143,05143,"Washington County, Arkansas",8696,1113,3518,960,5178,1366
0500000US05145,05145,"White County, Arkansas",917,290,343,271,574,326
0500000US06001,06001,"Alameda County, California",88379,2804,36934,2708,51445,2948
0500000US06007,06007,"Butte County, California",9379,1195,3693,827,5686,1054
0500000US06013,06013,"Contra Costa County, California",65555,3112,33917,3392,31638,2638
0500000US06017,06017,"El Dorado County, California",6520,852,2482,736,4038,813
0500000US06019,06019,"Fresno County, California",116711,3431,51040,3115,65671,3891
0500000US06023,06023,"Humboldt County, California",3287,1239,787,410,2500,1326
0500000US06025,06025,"Imperial County, California",37583,1436,19784,1470,17799,1529
0500000US06029,06029,"Kern County, California",100253,3193,49156,2955,51097,3323
0500000US06031,06031,"Kings County, California",17228,1124,8625,1246,8603,1210
0500000US06033,06033,"Lake County, California",3346,609,1513,601,1833,773
0500000US06037,06037,"Los Angeles County, California",1161432,8781,438621,8214,722811,10297
0500000US06039,06039,"Madera County, California",17164,1377,8046,1301,9118,1318
0500000US06041,06041,"Marin County, California",10788,1299,3077,967,7711,1283
0500000US06045,06045,"Mendocino County, California",4835,588,1786,807,3049,847
0500000US06047,06047,"Merced County, California",34556,1568,13825,1651,20731,1842
0500000US06053,06053,"Monterey County, California",53405,2093,18757,1706,34648,2517
0500000US06055,06055,"Napa County, California",11407,1028,3107,852,8300,1288
0500000US06057,06057,"Nevada County, California",2492,531,1440,576,1052,532
0500000US06059,06059,"Orange County, California",230200,4612,95300,3620,134900,4621
0500000US06061,06061,"Placer County, California",11880,1331,6339,1303,5541,1579
0500000US06065,06065,"Riverside County, California",236220,5398,137432,5046,98788,5301
0500000US06067,06067,"Sacramento County, California",82682,2697,35386,2409,47296,2903
0500000US06071,06071,"San Bernardino County, California",237119,5700,138647,5576,98472,5296
0500000US06073,06073,"San Diego County, California",252756,5380,94263,4421,158493,5124
0500000US06075,06075,"San Francisco County, California",39483,2562,10453,1281,29030,2635
0500000US06077,06077,"San Joaquin County, California",67521,2589,29604,2350,37917,2552
0500000US06079,06079,"San Luis Obispo County, California",16319,1827,5145,1083,11174,1729
0500000US06081,06081,"San Mateo County, California",48028,2055,18783,1614,29245,2244
0500000US06083,06083,"Santa Barbara County, California",43908,1945,14596,1564,29312,2042
0500000US06085,06085,"Santa Clara County, California",119535,3597,44978,2822,74557,3585
0500000US06087,06087,"Santa Cruz County, California",22000,1361,7080,1145,14920,1371
0500000US06089,06089,"Shasta County, California",3265,593,1934,527,1331,748
0500000US06095,06095,"Solano County, California",25462,1804,12684,1754,12778,1784
0500000US06097,06097,"Sonoma County, California",27911,1496,11089,1867,16822,1978
0500000US06099,06099,"Stanislaus County, California",52834,1910,27287,1918,25547,2027
0500000US06101,06101,"Sutter County, California",6468,578,3131,579,3337,677
0500000US06107,06107,"Tulare County, California",65044,2204,30648,2226,34396,2432
0500000US06111,06111,"Ventura County, California",75243,3252,37807,2828,37436,3134
0500000US06113,06113,"Yolo County, California",15797,1432,6340,1096,9457,1451
0500000US06115,06115,"Yuba County, California",3973,517,2135,574,1838,533
0500000US08001,08001,"Adams County, Colorado",45407,1883,24460,1895,20947,1787
0500000US08005,08005,"Arapahoe County, Colorado",30306,1639,11845,1680,18461,1876
0500000US08013,08013,"Boulder County, Colorado",12090,1066,5484,1048,6606,1231
0500000US08031,08031,"Denver County, Colorado",58391,2279,23991,2368,34400,2591
0500000US08035,08035,"Douglas County, Colorado",6255,1062,4025,857,2230,838
0500000US08041,08041,"El Paso County, Colorado",27891,1926,12252,1441,15639,2017
0500000US08059,08059,"Jefferson County, Colorado",23352,1360,10156,1307,13196,1373
0500000US08069,08069,"Larimer County, Colorado",9040,913,4435,837,4605,936
0500000US08077,08077,"Mesa County, Colorado",5886,961,3011,927,2875,883
0500000US08101,08101,"Pueblo County, Colorado",23197,1194,11859,1213,11338,1143
0500000US08123,08123,"Weld County, Colorado",18475,1528,8915,1753,9560,1670
0500000US09001,09001,"Fairfield County, Connecticut",46346,2063,15221,1449,31125,2337
0500000US09003,09003,"Hartford County, Connecticut",42965,1926,12256,1426,30709,2166
0500000US09005,09005,"Litchfield County, Connecticut",1826,391,1189,332,637,343
0500000US09007,09007,"Middlesex County, Connecticut",1929,508,1231,511,698,316
0500000US09009,09009,"New Haven County, Connecticut",38774,1709,12175,1651,26599,2019
0500000US09011,09011,"New London County, Connecticut",6408,761,3124,688,3284,814
0500000US09013,09013,"Tolland County, Connecticut",1439,594,456,367,983,693
0500000US09015,09015,"Windham County, Connecticut",3745,641,1043,523,2702,617
0500000US10001,10001,"Kent County, Delaware",2427,677,1090,493,1337,766
0500000US10003,10003,"New Castle County, Delaware",14111,1075,7452,1354,6659,1366
0500000US10005,10005,"Sussex County, Delaware",2993,897,1318,624,1675,515
0500000US11001,11001,"District of Columbia, District of Columbia",20576,1497,5969,1058,14607,1469
0500000US12001,12001,"Alachua County, Florida",8207,1147,2450,768,5757,1266
0500000US12005,12005,"Bay County, Florida",3655,910,176,248,3479,994
0500000US12009,12009,"Brevard County, Florida",13042,1437,8958,1321,4084,1054
0500000US12011,12011,"Broward County, Florida",144793,4776,85756,4079,59037,4685
0500000US12015,12015,"Charlotte County, Florida",2261,810,1478,700,783,523
0500000US12017,12017,"Citrus County, Florida",1653,808,888,394,765,699
0500000US12019,12019,"Clay County, Florida",4352,1248,3884,1267,468,412
0500000US12021,12021,"Collier County, Florida",18818,2658,8980,1567,9838,2289
0500000US12023,12023,"Columbia County, Florida",941,472,258,198,683,487
0500000US12031,12031,"Duval County, Florida",22257,1890,12101,1733,10156,1718
0500000US12033,12033,"Escambia County, Florida",3680,887,1472,461,2208,922
0500000US12035,12035,"Flagler County, Florida",1915,1001,785,653,1130,933
0500000US12053,12053,"Hernando County, Florida",4320,855,3548,781,772,571
0500000US12055,12055,"Highlands County, Florida",4108,797,2432,659,1676,736
0500000US12057,12057,"Hillsborough County, Florida",98882,4428,45959,3041,52923,4147
0500000US12061,12061,"Indian River County, Florida",3829,926,1716,705,2113,879
0500000US12069,12069,"Lake County, Florida",10632,1777,6630,1699,4002,1631
0500000US12071,12071,"Lee County, Florida",26669,2630,12003,1825,14666,2477
0500000US12073,12073,"Leon County, Florida",4835,801,1713,492,3122,842
0500000US12081,12081,"Manatee County, Florida",13372,1403,4924,1055,8448,1431
0500000US12083,12083,"Marion County, Florida",10541,1200,6575,1425,3966,1148
0500000US12085,12085,"Martin County, Florida",4676,676,1682,637,2994,860
0500000US12086,12086,"Miami-Dade County, Florida",517403,7573,284213,5850,233190,7026
0500000US12087,12087,"Monroe County, Florida",3830,1132,1706,731,2124,806
0500000US12089,12089,"Nassau County, Florida",1187,672,853,712,334,347
0500000US12091,12091,"Okaloosa County, Florida",3412,787,1335,554,2077,830
0500000US12095,12095,"Orange County, Florida",100228,4121,45396,4011,54832,4193
0500000US12097,12097,"Osceola County, Florida",38923,2691,19981,2385,18942,2581
0500000US12099,12099,"Palm Beach County, Florida",72867,3504,40388,2882,32479,2735
0500000US12101,12101,"Pasco County, Florida",15336,1350,10587,1310,4749,1314
0500000US12103,12103,"Pinellas County, Florida",23102,2078,11061,1511,12041,2048
0500000US12105,12105,"Polk County, Florida",29517,2020,16949,2392,12568,1884
0500000US12107,12107,"Putnam County, Florida",1784,369,649,286,1135,445
0500000US12109,12109,"St. Johns County, Florida",1984,859,1050,871,934,607
0500000US12111,12111,"St. Lucie County, Florida",12015,1521,7609,1774,4406,1460
0500000US12113,12113,"Santa Rosa County, Florida",1768,486,893,646,875,602
0500000US12115,12115,"Sarasota County, Florida",8879,1067,4950,1005,3929,1159
0500000US12117,12117,"Seminole County, Florida",18715,1586,11089,1302,7626,1575
0500000US12127,12127,"Volusia County, Florida",16013,2152,10669,1719,5344,1728
0500000US13013,13013,"Barrow County, Georgia",1898,557,1527,661,371,487
0500000US13015,13015,"Bartow County, Georgia",1781,426,733,426,1048,499
0500000US13021,13021,"Bibb County, Georgia",1591,396,222,304,1369,510
0500000US13031,13031,"Bulloch County, Georgia",516,175,238,126,278,214
0500000US13045,13045,"Carroll County, Georgia",1538,401,392,297,1146,443
0500000US13051,13051,"Chatham County, Georgia",4413,925,1611,800,2802,1093
0500000US13057,13057,"Cherokee County, Georgia",4706,880,1631,924,3075,913
0500000US13059,13059,"Clarke County, Georgia",3113,880,879,407,2234,887
0500000US13063,13063,"Clayton County, Georgia",8869,1170,4381,1272,4488,1064
0500000US13067,13067,"Cobb County, Georgia",20334,1926,9533,1759,10801,1772
0500000US13073,13073,"Columbia County, Georgia",1757,561,311,292,1446,551
0500000US13077,13077,"Coweta County, Georgia",2072,538,601,562,1471,724
0500000US13089,13089,"DeKalb County, Georgia",17792,1740,4030,1005,13762,1618
0500000US13097,13097,"Douglas County, Georgia",2476,465,2146,367,330,395
0500000US13113,13113,"Fayette County, Georgia",1884,309,1185,574,699,552
0500000US13115,13115,"Floyd County, Georgia",2136,409,1029,472,1107,590
0500000US13117,13117,"Forsyth County, Georgia",1897,880,1065,609,832,694
0500000US13121,13121,"Fulton County, Georgia",21165,2302,5128,1709,16037,2159
0500000US13127,13127,"Glynn County, Georgia",1291,520,685,503,606,409
0500000US13135,13135,"Gwinnett County, Georgia",38849,3011,15020,2393,23829,2577
0500000US13139,13139,"Hall County, Georgia",10135,1278,5498,839,4637,1402
0500000US13151,13151,"Henry County, Georgia",3116,1160,1475,865,1641,1224
0500000US13153,13153,"Houston County, Georgia",2051,684,738,556,1313,704
0500000US13179,13179,"Liberty County, Georgia",2451,420,796,436,1655,626
0500000US13185,13185,"Lowndes County, Georgia",1823,621,885,465,938,562
0500000US13215,13215,"Muscogee County, Georgia",3595,585,1470,757,2125,727
0500000US13217,13217,"Newton County, Georgia",1180,326,508,585,672,493
0500000US13223,13223,"Paulding County, Georgia",1805,900,1193,696,612,605
0500000US13245,13245,"Richmond County, Georgia",2402,667,649,363,1753,559
0500000US13247,13247,"Rockdale County, Georgia",1284,481,772,551,512,262
0500000US13285,13285,"Troup County, Georgia",420,162,121,156,299,144
0500000US13313,13313,"Whitfield County, Georgia",8244,716,4625,1056,3619,901
0500000US15001,15001,"Hawaii County, Hawaii",4553,818,2224,685,2329,791
0500000US15003,15003,"Honolulu County, Hawaii",19471,1747,7565,1204,11906,1795
0500000US15007,15007,"Kauai County, Hawaii",1476,376,861,248,615,335
0500000US15009,15009,"Maui County, Hawaii",4409,841,1476,569,2933,869
0500000US16001,16001,"Ada County, Idaho",7018,1256,4014,909,3004,961
0500000US16005,16005,"Bannock County, Idaho",1174,315,553,251,621,336
0500000US16019,16019,"Bonneville County, Idaho",2872,526,1697,541,1175,498
0500000US16027,16027,"Canyon County, Idaho",10424,1290,6389,1015,4035,1237
0500000US16055,16055,"Kootenai County, Idaho",1377,429,675,310,702,523
0500000US16083,16083,"Twin Falls County, Idaho",3226,762,1142,703,2084,768
0500000US17019,17019,"Champaign County, Illinois",2812,901,733,573,2079,774
0500000US17031,17031,"Cook County, Illinois",325253,5997,157495,5887,167758,6859
0500000US17037,17037,"DeKalb County, Illinois",2469,581,1055,386,1414,549
0500000US17043,17043,"DuPage County, Illinois",30342,1888,15800,1883,14542,1986
0500000US17089,17089,"Kane County, Illinois",35777,2014,18890,2175,16887,2174
0500000US17091,17091,"Kankakee County, Illinois",2712,410,1414,436,1298,525
0500000US17093,17093,"Kendall County, Illinois",4173,765,3648,785,525,499
0500000US17097,17097,"Lake County, Illinois",32011,1621,19904,1580,12107,1695
0500000US17099,17099,"LaSalle County, Illinois",1918,329,1514,288,404,291
0500000US17111,17111,"McHenry County, Illinois",7868,926,5333,1099,2535,824
0500000US17113,17113,"McLean County, Illinois",2833,601,1346,567,1487,706
0500000US17115,17115,"Macon County, Illinois",438,202,123,82,315,170
0500000US17119,17119,"Madison County, Illinois",2076,498,999,358,1077,456
0500000US17143,17143,"Peoria County, Illinois",1955,437,1330,394,625,384
0500000US17161,17161,"Rock Island County, Illinois",4421,648,3200,663,1221,539
0500000US17163,17163,"St. Clair County, Illinois",2317,411,1597,445,720,342
0500000US17167,17167,"Sangamon County, Illinois",803,186,489,205,314,197
0500000US17179,17179,"Tazewell County, Illinois",570,244,364,280,206,216
0500000US17183,17183,"Vermilion County, Illinois",446,246,318,188,128,133
0500000US17197,17197,"Will County, Illinois",24801,1800,16569,1373,8232,1919
0500000US17201,17201,"Winnebago County, Illinois",7794,925,4703,617,3091,851
0500000US18003,18003,"Allen County, Indiana",5303,648,3741,702,1562,566
0500000US18005,18005,"Bartholomew County, Indiana",731,428,208,241,523,289
0500000US18019,18019,"Clark County, Indiana",1451,455,470,453,981,591
0500000US18039,18039,"Elkhart County, Indiana",6740,842,3619,902,3121,746
0500000US18053,18053,"Grant County, Indiana",544,187,413,163,131,137
0500000US18057,18057,"Hamilton County, Indiana",2409,624,1665,758,744,496
0500000US18067,18067,"Howard County, Indiana",806,331,375,260,431,305
0500000US18081,18081,"Johnson County, Indiana",800,385,410,497,390,231
0500000US18085,18085,"Kosciusko County, Indiana",1207,424,1164,419,43,67
0500000US18089,18089,"Lake County, Indiana",24457,1478,15934,1396,8523,1597
0500000US18091,18091,"LaPorte County, Indiana",1176,302,870,332,306,298
0500000US18095,18095,"Madison County, Indiana",664,192,179,191,485,259
0500000US18097,18097,"Marion County, Indiana",23946,1635,7896,1657,16050,2008
0500000US18105,18105,"Monroe County, Indiana",1059,443,106,129,953,463
0500000US18109,18109,"Morgan County, Indiana",226,100,154,124,72,65
0500000US18127,18127,"Porter County, Indiana",3084,704,2584,651,500,319
0500000US18141,18141,"St. Joseph County, Indiana",4806,694,2721,777,2085,587
0500000US18157,18157,"Tippecanoe County, Indiana",3359,707,1588,560,1771,731
0500000US18163,18163,"Vanderburgh County, Indiana",684,271,221,201,463,238
0500000US18167,18167,"Vigo County, Indiana",785,403,594,471,191,203
0500000US18177,18177,"Wayne County, Indiana",605,195,133,148,472,227
0500000US19013,19013,"Black Hawk County, Iowa",1191,308,393,257,798,362
0500000US19049,19049,"Dallas County, Iowa",1605,491,1194,598,411,287
0500000US19061,19061,"Dubuque County, Iowa",724,212,443,282,281,255
0500000US19103,19103,"Johnson County, Iowa",2378,478,1217,550,1161,546
0500000US19113,19113,"Linn County, Iowa",1768,464,1195,439,573,246
0500000US19153,19153,"Polk County, Iowa",8537,920,3909,1016,4628,1012
0500000US19155,19155,"Pottawattamie County, Iowa",1957,459,1089,436,868,710
0500000US19163,19163,"Scott County, Iowa",2292,478,1278,421,1014,528
0500000US19193,19193,"Woodbury County, Iowa",4042,475,1883,473,2159,565
0500000US20015,20015,"Butler County, Kansas",624,312,227,284,397,263
0500000US20045,20045,"Douglas County, Kansas",1635,637,88,115,1547,637
0500000US20091,20091,"Johnson County, Kansas",11281,1228,3801,955,7480,1290
0500000US20103,20103,"Leavenworth County, Kansas",1290,528,601,535,689,434
0500000US20161,20161,"Riley County, Kansas",1258,340,391,273,867,366
0500000US20173,20173,"Sedgwick County, Kansas",16823,1201,8581,1189,8242,1359
0500000US20177,20177,"Shawnee County, Kansas",5472,705,2952,730,2520,777
0500000US20209,20209,"Wyandotte County, Kansas",10141,832,5765,709,4376,771
0500000US21015,21015,"Boone County, Kentucky",1380,460,944,412,436,616
0500000US21037,21037,"Campbell County, Kentucky",541,146,176,131,365,228
0500000US21047,21047,"Christian County, Kentucky",891,218,316,174,575,222
0500000US21067,21067,"Fayette County, Kentucky",5295,869,1482,671,3813,953
0500000US21093,21093,"Hardin County, Kentucky",1209,426,351,269,858,325
0500000US21111,21111,"Jefferson County, Kentucky",9526,992,3920,939,5606,1073
0500000US21117,21117,"Kenton County, Kentucky",976,386,336,246,640,319
0500000US21227,21227,"Warren County, Kentucky",1067,454,426,355,641,386
0500000US22005,22005,"Ascension Parish, Louisiana",809,323,393,332,416,258
0500000US22015,22015,"Bossier Parish, Louisiana",2099,467,1084,530,1015,512
0500000US22017,22017,"Caddo Parish, Louisiana",2030,549,885,461,1145,476
0500000US22019,22019,"Calcasieu Parish, Louisiana",2230,448,782,353,1448,526
0500000US22033,22033,"East Baton Rouge Parish, Louisiana",5113,1106,1488,875,3625,920
0500000US22045,22045,"Iberia Parish, Louisiana",673,258,397,216,276,211
0500000US22051,22051,"Jefferson Parish, Louisiana",17170,1452,7892,1070,9278,1460
0500000US22055,22055,"Lafayette Parish, Louisiana",3514,619,1749,601,1765,845
0500000US22057,22057,"Lafourche Parish, Louisiana",780,188,464,267,316,290
0500000US22071,22071,"Orleans Parish, Louisiana",7577,861,2768,605,4809,748
0500000US22073,22073,"Ouachita Parish, Louisiana",1058,432,556,546,502,281
0500000US22079,22079,"Rapides Parish, Louisiana",660,296,359,237,301,386
0500000US22097,22097,"St. Landry Parish, Louisiana",387,263,197,106,190,261
0500000US22103,22103,"St. Tammany Parish, Louisiana",3198,699,2001,798,1197,633
0500000US22105,22105,"Tangipahoa Parish, Louisiana",1719,392,703,514,1016,444
0500000US22109,22109,"Terrebonne Parish, Louisiana",1701,604,902,486,799,536
0500000US23001,23001,"Androscoggin County, Maine",543,187,119,149,424,237
0500000US23005,23005,"Cumberland County, Maine",1704,440,528,418,1176,461
0500000US23019,23019,"Penobscot County, Maine",605,259,422,249,183,205
0500000US23031,23031,"York County, Maine",847,189,625,212,222,240
0500000US24003,24003,"Anne Arundel County, Maryland",8302,1176,5608,1215,2694,1084
0500000US24005,24005,"Baltimore County, Maryland",10334,1103,3543,713,6791,1047
0500000US24015,24015,"Cecil County, Maryland",762,283,257,284,505,329
0500000US24017,24017,"Charles County, Maryland",1372,397,830,299,542,312
0500000US24021,24021,"Frederick County, Maryland",4445,649,2230,908,2215,814
0500000US24025,24025,"Harford County, Maryland",2852,727,1040,616,1812,760
0500000US24027,24027,"Howard County, Maryland",4450,753,2321,696,2129,796
0500000US24031,24031,"Montgomery County, Maryland",43972,1948,23827,2177,20145,2096
0500000US24033,24033,"Prince George's County, Maryland",29851,1783,13411,1413,16440,1641
0500000US24037,24037,"St. Mary's County, Maryland",938,453,361,371,577,406
0500000US24043,24043,"Washington County, Maryland",1074,275,437,349,637,322
0500000US24045,24045,"Wicomico County, Maryland",988,555,217,246,771,492
0500000US24510,24510,"Baltimore city, Maryland",6600,963,1816,594,4784,935
0500000US25001,25001,"Barnstable County, Massachusetts",1447,525,684,398,763,432
0500000US25003,25003,"Berkshire County, Massachusetts",1021,332,522,291,499,276
0500000US25005,25005,"Bristol County, Massachusetts",9530,1039,2578,716,6952,1131
0500000US25009,25009,"Essex County, Massachusetts",40603,1843,9307,1388,31296,2068
0500000US25011,25011,"Franklin County, Massachusetts",435,291,213,187,222,156
0500000US25013,25013,"Hampden County, Massachusetts",31300,1548,6805,1292,24495,1943
0500000US25015,25015,"Hampshire County, Massachusetts",2544,389,570,384,1974,488
0500000US25017,25017,"Middlesex County, Massachusetts",29439,1754,8663,1100,20776,1921
0500000US25021,25021,"Norfolk County, Massachusetts",6665,978,3483,855,3182,796
0500000US25023,25023,"Plymouth County, Massachusetts",4648,668,2605,659,2043,635
0500000US25025,25025,"Suffolk County, Massachusetts",45365,2097,8512,1401,36853,2329
0500000US25027,25027,"Worcester County, Massachusetts",21930,1758,5827,1322,16103,1732
0500000US26005,26005,"Allegan County, Michigan",1801,383,1569,371,232,167
0500000US26017,26017,"Bay County, Michigan",1256,360,600,159,656,335
0500000US26021,26021,"Berrien County, Michigan",2069,391,1030,385,1039,394
0500000US26025,26025,"Calhoun County, Michigan",1559,382,704,314,855,394
0500000US26037,26037,"Clinton County, Michigan",676,142,380,107,296,116
0500000US26045,26045,"Eaton County, Michigan",1207,350,820,346,387,283
0500000US26049,26049,"Genesee County, Michigan",3674,667,2066,456,1608,690
0500000US26065,26065,"Ingham County, Michigan",6109,866,2674,515,3435,770
0500000US26073,26073,"Isabella County, Michigan",735,384,195,127,540,425
0500000US26075,26075,"Jackson County, Michigan",1213,343,485,288,728,338
0500000US26077,26077,"Kalamazoo County, Michigan",2734,402,1147,323,1587,442
0500000US26081,26081,"Kent County, Michigan",15568,1251,6487,1225,9081,1520
0500000US26087,26087,"Lapeer County, Michigan",770,376,525,333,245,258
0500000US26091,26091,"Lenawee County, Michigan",2106,403,1255,438,851,484
0500000US26093,26093,"Livingston County, Michigan",646,271,432,191,214,198
0500000US26099,26099,"Macomb County, Michigan",5246,904,2895,667,2351,827
0500000US26111,26111,"Midland County, Michigan",570,218,330,193,240,180
0500000US26115,26115,"Monroe County, Michigan",1251,289,493,273,758,402
0500000US26121,26121,"Muskegon County, Michigan",2568,515,1306,488,1262,630
0500000US26125,26125,"Oakland County, Michigan",12762,1081,7460,1143,5302,1183
0500000US26139,26139,"Ottawa County, Michigan",5161,921,2964,869,2197,794
0500000US26145,26145,"Saginaw County, Michigan",4103,491,2525,495,1578,547
0500000US26147,26147,"St. Clair County, Michigan",1160,334,608,319,552,285
0500000US26159,26159,"Van Buren County, Michigan",1623,387,952,273,671,377
0500000US26161,26161,"Washtenaw County, Michigan",3734,492,1732,482,2002,635
0500000US26163,26163,"Wayne County, Michigan",25201,1716,14836,1337,10365,1739
0500000US27003,27003,"Anoka County, Minnesota",2487,376,1376,375,1111,379
0500000US27037,27037,"Dakota County, Minnesota",6259,807,3086,843,3173,1092
0500000US27053,27053,"Hennepin County, Minnesota",21207,1373,5594,1112,15613,1565
0500000US27109,27109,"Olmsted County, Minnesota",1515,360,870,333,645,414
0500000US27123,27123,"Ramsey County, Minnesota",10069,909,2963,673,7106,1046
0500000US27137,27137,"St. Louis County, Minnesota",529,253,134,132,395,229
0500000US27139,27139,"Scott County, Minnesota",1411,345,644,321,767,381
0500000US27145,27145,"Stearns County, Minnesota",947,307,570,292,377,296
0500000US27163,27163,"Washington County, Minnesota",2869,533,1345,480,1524,590
0500000US28033,28033,"DeSoto County, Mississippi",1848,587,1269,584,579,334
0500000US28035,28035,"Forrest County, Mississippi",743,196,210,126,533,237
0500000US28047,28047,"Harrison County, Mississippi",2797,550,1028,492,1769,561
0500000US28049,28049,"Hinds County, Mississippi",1229,281,186,204,1043,280
0500000US28059,28059,"Jackson County, Mississippi",1941,366,862,382,1079,428
0500000US28075,28075,"Lauderdale County, Mississippi",403,300,217,179,186,183
0500000US28089,28089,"Madison County, Mississippi",564,257,191,162,373,335
0500000US28121,28121,"Rankin County, Mississippi",1092,336,1092,336,0,206
0500000US29019,29019,"Boone County, Missouri",1452,415,387,352,1065,473
0500000US29021,29021,"Buchanan County, Missouri",1797,468,590,360,1207,477
0500000US29047,29047,"Clay County, Missouri",4759,597,3142,591,1617,640
0500000US29077,29077,"Greene County, Missouri",2311,484,829,408,1482,514
0500000US29095,29095,"Jackson County, Missouri",14886,1106,7771,950,7115,986
0500000US29097,29097,"Jasper County, Missouri",1346,379,479,288,867,379
0500000US29099,29099,"Jefferson County, Missouri",853,379,675,335,178,234
0500000US29165,29165,"Platte County, Missouri",1326,316,302,217,1024,399
0500000US29183,29183,"St. Charles County, Missouri",2542,570,1682,687,860,590
0500000US29187,29187,"St. Francois County, Missouri",586,236,74,92,512,229
0500000US29189,29189,"St. Louis County, Missouri",7227,732,4003,820,3224,666
0500000US29510,29510,"St. Louis city, Missouri",3380,650,977,434,2403,582
0500000US30063,30063,"Missoula County, Montana",879,208,199,186,680,248
0500000US30111,30111,"Yellowstone County, Montana",1955,626,1303,527,652,467
0500000US31055,31055,"Douglas County, Nebraska",14989,1392,7294,1161,7695,1210
0500000US31109,31109,"Lancaster County, Nebraska",4732,718,1233,375,3499,780
0500000US31153,31153,"Sarpy County, Nebraska",3264,509,1529,459,1735,591
0500000US32003,32003,"Clark County, Nevada",142201,5390,63134,4408,79067,4425
0500000US32031,32031,"Washoe County, Nevada",25453,1864,9594,1469,15859,2124
0500000US33011,33011,"Hillsborough County, New Hampshire",5969,963,1890,578,4079,1206
0500000US33013,33013,"Merrimack County, New Hampshire",658,186,557,211,101,161
0500000US33015,33015,"Rockingham County, New Hampshire",1475,654,657,385,818,607
0500000US33017,33017,"Strafford County, New Hampshire",1054,327,547,295,507,295
0500000US34001,34001,"Atlantic County, New Jersey",11785,1680,5254,1146,6531,1455
0500000US34003,34003,"Bergen County, New Jersey",44998,2529,19751,1628,25247,2424
0500000US34005,34005,"Burlington County, New Jersey",7323,940,4504,916,2819,840
0500000US34007,34007,"Camden County, New Jersey",19212,1586,7797,1003,11415,1325
0500000US34009,34009,"Cape May County, New Jersey",1511,575,980,497,531,375
0500000US34011,34011,"Cumberland County, New Jersey",11244,1086,5286,844,5958,1129
0500000US34013,34013,"Essex County, New Jersey",45284,1870,12933,1484,32351,2286
0500000US34015,34015,"Gloucester County, New Jersey",2928,561,1821,513,1107,438
0500000US34017,34017,"Hudson County, New Jersey",89930,2771,19448,1933,70482,2960
0500000US34019,34019,"Hunterdon County, New Jersey",1693,488,1067,533,626,389
0500000US34021,34021,"Mercer County, New Jersey",13998,1043,5120,1166,8878,1201
0500000US34023,34023,"Middlesex County, New Jersey",43620,1877,17334,1526,26286,2148
0500000US34025,34025,"Monmouth County, New Jersey",16068,1189,7609,1120,8459,1140
0500000US34027,34027,"Morris County, New Jersey",15414,1247,7220,1133,8194,1503
0500000US34029,34029,"Ocean County, New Jersey",12299,1333,6274,1246,6025,1136
0500000US34031,34031,"Passaic County, New Jersey",49316,2065,14626,1889,34690,2625
0500000US34033,34033,"Salem County, New Jersey",901,279,216,184,685,266
0500000US34035,34035,"Somerset County, New Jersey",11265,1102,5759,1096,5506,1068
0500000US34037,34037,"Sussex County, New Jersey",2233,344,1910,419,323,266
0500000US34039,34039,"Union County, New Jersey",42374,1937,15420,1781,26954,1970
0500000US34041,34041,"Warren County, New Jersey",2524,419,1544,570,980,402
0500000US35001,35001,"Bernalillo County, New Mexico",106007,3132,64683,3018,41324,3302
0500000US35005,35005,"Chaves County, New Mexico",10728,892,7028,1160,3700,1094
0500000US35013,35013,"Doña Ana County, New Mexico",43070,1961,27536,1982,15534,2201
0500000US35025,35025,"Lea County, New Mexico",7962,837,5196,734,2766,752
0500000US35031,35031,"McKinley County, New Mexico",2357,485,1754,588,603,327
0500000US35035,35035,"Otero County, New Mexico",7095,788,4732,974,2363,755
0500000US35043,35043,"Sandoval County, New Mexico",16783,1327,12179,1381,4604,1364
0500000US35045,35045,"San Juan County, New Mexico",7278,809,5853,589,1425,710
0500000US35049,35049,"Santa Fe County, New Mexico",25923,1566,16374,1379,9549,1416
0500000US35061,35061,"Valencia County, New Mexico",14678,937,12135,1013,2543,854
0500000US36001,36001,"Albany County, New York",4423,1074,1453,500,2970,1032
0500000US36005,36005,"Bronx County, New York",239620,4151,26016,2850,213604,5119
0500000US36007,36007,"Broome County, New York",1816,463,945,467,871,426
0500000US36013,36013,"Chautauqua County, New York",2566,459,623,312,1943,568
0500000US36015,36015,"Chemung County, New York",672,312,245,210,427,396
0500000US36027,36027,"Dutchess County, New York",7297,967,3126,763,4171,932
0500000US36029,36029,"Erie County, New York",13845,1140,3148,714,10697,1164
0500000US36045,36045,"Jefferson County, New York",2068,514,655,327,1413,462
0500000US36047,36047,"Kings County, New York",160140,3744,21873,1815,138267,4036
0500000US36051,36051,"Livingston County, New York",406,201,113,121,293,180
0500000US36055,36055,"Monroe County, New York",17791,1078,5305,816,12486,1034
0500000US36059,36059,"Nassau County, New York",49155,2139,28151,2180,21004,2555
0500000US36061,36061,"New York County, New York",138248,5072,10100,1975,128148,5016
0500000US36063,36063,"Niagara County, New York",1621,414,352,245,1269,454
0500000US36065,36065,"Oneida County, New York",2174,501,699,325,1475,394
0500000US36067,36067,"Onondaga County, New York",5564,580,2456,636,3108,616
0500000US36069,36069,"Ontario County, New York",1540,359,756,506,784,341
0500000US36071,36071,"Orange County, New York",16886,1517,10370,1339,6516,1166
0500000US36075,36075,"Oswego County, New York",600,252,262,149,338,259
0500000US36079,36079,"Putnam County, New York",3829,648,2462,728,1367,600
0500000US36081,36081,"Queens County, New York",183066,3625,45504,3401,137562,3925
0500000US36083,36083,"Rensselaer County, New York",2025,429,1287,529,738,347
0500000US36085,36085,"Richmond County, New York",24841,1773,11498,1589,13343,1868
0500000US36087,36087,"Rockland County, New York",12318,1079,6320,871,5998,1040
0500000US36089,36089,"St. Lawrence County, New York",411,159,207,112,204,172
0500000US36091,36091,"Saratoga County, New York",1277,586,398,273,879,584
0500000US36093,36093,"Schenectady County, New York",2102,474,484,242,1618,425
0500000US36101,36101,"Steuben County, New York",317,159,223,116,94,106
0500000US36103,36103,"Suffolk County, New York",59131,2559,38548,2637,20583,2722
0500000US36105,36105,"Sullivan County, New York",3295,486,1262,480,2033,550
0500000US36109,36109,"Tompkins County, New York",1283,550,542,435,741,414
0500000US36111,36111,"Ulster County, New York",3973,792,2178,538,1795,622
0500000US36117,36117,"Wayne County, New York",961,421,430,239,531,437
0500000US36119,36119,"Westchester County, New York",60892,2449,18058,2026,42834,2577
0500000US37001,37001,"Alamance County, North Carolina",5548,933,3136,1202,2412,1000
0500000US37019,37019,"Brunswick County, North Carolina",1514,676,1295,720,219,195
0500000US37021,37021,"Buncombe County, North Carolina",3501,1081,1170,648,2331,1047
0500000US37023,37023,"Burke County, North Carolina",1287,393,350,280,937,399
0500000US37025,37025,"Cabarrus County, North Carolina",3488,1090,2182,1030,1306,589
0500000US37035,37035,"Catawba County, North Carolina",2910,499,1391,410,1519,585
0500000US37045,37045,"Cleveland County, North Carolina",860,437,189,206,671,428
0500000US37049,37049,"Craven County, North Carolina",1650,347,974,429,676,596
0500000US37051,37051,"Cumberland County, North Carolina",9709,1193,4003,1038,5706,1310
0500000US37057,37057,"Davidson County, North Carolina",2573,499,1017,617,1556,604
0500000US37063,37063,"Durham County, North Carolina",9226,1225,2690,852,6536,1318
0500000US37067,37067,"Forsyth County, North Carolina",9796,973,3213,819,6583,1082
0500000US37071,37071,"Gaston County, North Carolina",3391,647,962,408,2429,878
0500000US37081,37081,"Guilford County, North Carolina",10264,891,3025,811,7239,1135
0500000US37085,37085,"Harnett County, North Carolina",3289,774,1362,626,1927,887
0500000US37089,37089,"Henderson County, North Carolina",2830,638,562,376,2268,616
0500000US37097,37097,"Iredell County, North Carolina",3035,753,1742,868,1293,803
0500000US37101,37101,"Johnston County, North Carolina",4136,832,1559,954,2577,1070
0500000US37109,37109,"Lincoln County, North Carolina",1167,369,276,265,891,417
0500000US37119,37119,"Mecklenburg County, North Carolina",31230,1813,12486,2109,18744,2359
0500000US37125,37125,"Moore County, North Carolina",834,396,265,218,569,351
0500000US37127,37127,"Nash County, North Carolina",1302,498,530,199,772,470
0500000US37129,37129,"New Hanover County, North Carolina",3681,481,1700,756,1981,661
0500000US37133,37133,"Onslow County, North Carolina",5253,1080,2535,987,2718,1055
0500000US37135,37135,"Orange County, North Carolina",2598,555,845,516,1753,638
0500000US37147,37147,"Pitt County, North Carolina",3053,892,451,295,2602,912
0500000US37151,37151,"Randolph County, North Carolina",4200,561,2512,648,1688,682
0500000US37155,37155,"Robeson County, North Carolina",1800,423,587,315,1213,362
0500000US37157,37157,"Rockingham County, North Carolina",1248,224,896,283,352,330
0500000US37159,37159,"Rowan County, North Carolina",2888,658,1031,419,1857,735
0500000US37161,37161,"Rutherford County, North Carolina",710,156,184,211,526,196
0500000US37171,37171,"Surry County, North Carolina",1568,428,1014,542,554,423
0500000US37179,37179,"Union County, North Carolina",4643,762,2649,1019,1994,951
0500000US37183,37183,"Wake County, North Carolina",19875,1962,9141,2276,10734,1995
0500000US37191,37191,"Wayne County, North Carolina",3381,620,2399,920,982,560
0500000US37193,37193,"Wilkes County, North Carolina",808,238,493,265,315,200
0500000US37195,37195,"Wilson County, North Carolina",1722,265,1328,304,394,238
0500000US38017,38017,"Cass County, North Dakota",1232,183,421,369,811,427
0500000US39003,39003,"Allen County, Ohio",607,281,335,277,272,214
0500000US39007,39007,"Ashtabula County, Ohio",835,248,535,186,300,204
0500000US39017,39017,"Butler County, Ohio",3425,923,1318,695,2107,767
0500000US39023,39023,"Clark County, Ohio",1023,239,249,167,774,253
0500000US39025,39025,"Clermont County, Ohio",774,217,521,195,253,230
0500000US39035,39035,"Cuyahoga County, Ohio",20640,1446,8791,1055,11849,1423
0500000US39041,39041,"Delaware County, Ohio",788,274,534,251,254,251
0500000US39043,39043,"Erie County, Ohio",1239,200,847,329,392,295
0500000US39045,39045,"Fairfield County, Ohio",710,293,172,180,538,322
0500000US39049,39049,"Franklin County, Ohio",15816,1524,4378,863,11438,1405
0500000US39057,39057,"Greene County, Ohio",1340,363,502,308,838,392
0500000US39061,39061,"Hamilton County, Ohio",5607,1026,2154,628,3453,891
0500000US39063,39063,"Hancock County, Ohio",781,249,574,283,207,179
0500000US39085,39085,"Lake County, Ohio",1903,515,654,372,1249,403
0500000US39089,39089,"Licking County, Ohio",801,243,613,302,188,257
0500000US39093,39093,"Lorain County, Ohio",8379,828,4403,763,3976,1014
0500000US39095,39095,"Lucas County, Ohio",6376,692,3508,636,2868,654
0500000US39099,39099,"Mahoning County, Ohio",3391,584,1709,492,1682,476
0500000US39101,39101,"Marion County, Ohio",418,170,332,190,86,120
0500000US39103,39103,"Medina County, Ohio",798,340,490,179,308,303
0500000US39113,39113,"Montgomery County, Ohio",4112,575,1854,513,2258,529
0500000US39133,39133,"Portage County, Ohio",771,342,487,274,284,293
0500000US39139,39139,"Richland County, Ohio",611,194,439,159,172,193
0500000US39151,39151,"Stark County, Ohio",1726,490,1199,517,527,302
0500000US39153,39153,"Summit County, Ohio",2185,466,1006,401,1179,424
0500000US39155,39155,"Trumbull County, Ohio",771,286,371,191,400,300
0500000US39165,39165,"Warren County, Ohio",1206,448,781,531,425,268
0500000US39169,39169,"Wayne County, Ohio",582,204,279,210,303,252
0500000US39173,39173,"Wood County, Ohio",1304,431,464,313,840,432
0500000US40017,40017,"Canadian County, Oklahoma",2020,500,1575,476,445,337
0500000US40027,40027,"Cleveland County, Oklahoma",4598,820,2912,812,1686,629
0500000US40031,40031,"Comanche County, Oklahoma",4201,583,1183,441,3018,678
0500000US40037,40037,"Creek County, Oklahoma",483,182,370,177,113,96
0500000US40101,40101,"Muskogee County, Oklahoma",958,246,601,309,357,238
0500000US40109,40109,"Oklahoma County, Oklahoma",27626,1832,11487,1244,16139,1563
0500000US40119,40119,"Payne County, Oklahoma",943,521,568,550,375,228
0500000US40125,40125,"Pottawatomie County, Oklahoma",744,335,534,305,210,176
0500000US40131,40131,"Rogers County, Oklahoma",1032,242,790,183,242,187
0500000US40143,40143,"Tulsa County, Oklahoma",17848,933,8566,969,9282,1003
0500000US40145,40145,"Wagoner County, Oklahoma",662,290,539,227,123,151
0500000US41003,41003,"Benton County, Oregon",1914,459,565,301,1349,437
0500000US41005,41005,"Clackamas County, Oregon",7222,1142,1958,736,5264,1235
0500000US41017,41017,"Deschutes County, Oregon",3030,554,824,602,2206,754
0500000US41019,41019,"Douglas County, Oregon",1711,419,1044,479,667,456
0500000US41029,41029,"Jackson County, Oregon",5848,759,2424,761,3424,961
0500000US41033,41033,"Josephine County, Oregon",1874,368,1368,423,506,323
0500000US41035,41035,"Klamath County, Oregon",2343,554,1453,499,890,428
0500000US41039,41039,"Lane County, Oregon",6782,813,2549,633,4233,761
0500000US41043,41043,"Linn County, Oregon",1643,684,649,384,994,530
0500000US41047,41047,"Marion County, Oregon",17147,1404,5728,1225,11419,1605
0500000US41051,41051,"Multnomah County, Oregon",21036,1396,6377,1127,14659,1493
0500000US41053,41053,"Polk County, Oregon",2208,709,1144,694,1064,539
0500000US41059,41059,"Umatilla County, Oregon",4485,813,2124,576,2361,847
0500000US41067,41067,"Washington County, Oregon",19555,1589,6172,1141,13383,1653
0500000US41071,41071,"Yamhill County, Oregon",2427,632,1349,501,1078,625
0500000US42001,42001,"Adams County, Pennsylvania",1603,331,631,292,972,311
0500000US42003,42003,"Allegheny County, Pennsylvania",5803,789,2667,593,3136,726
0500000US42007,42007,"Beaver County, Pennsylvania",575,262,315,180,260,194
0500000US42011,42011,"Berks County, Pennsylvania",19658,1160,7783,982,11875,1348
0500000US42017,42017,"Bucks County, Pennsylvania",7465,1083,3336,822,4129,1070
0500000US42019,42019,"Butler County, Pennsylvania",684,240,202,123,482,309
0500000US42021,42021,"Cambria County, Pennsylvania",530,378,290,178,240,270
0500000US42027,42027,"Centre County, Pennsylvania",1518,428,613,426,905,471
0500000US42029,42029,"Chester County, Pennsylvania",7883,1197,2088,794,5795,1121
0500000US42041,42041,"Cumberland County, Pennsylvania",1917,511,714,347,1203,589
0500000US42043,42043,"Dauphin County, Pennsylvania",6473,866,1819,658,4654,864
0500000US42045,42045,"Delaware County, Pennsylvania",4532,580,2199,676,2333,594
0500000US42049,42049,"Erie County, Pennsylvania",1990,357,579,257,1411,458
0500000US42055,42055,"Franklin County, Pennsylvania",1021,322,211,208,810,251
0500000US42069,42069,"Lackawanna County, Pennsylvania",2865,476,841,497,2024,601
0500000US42071,42071,"Lancaster County, Pennsylvania",13025,1487,4721,1229,8304,1576
0500000US42075,42075,"Lebanon County, Pennsylvania",4045,651,1820,401,2225,688
0500000US42077,42077,"Lehigh County, Pennsylvania",20733,1315,7445,1301,13288,1405
0500000US42079,42079,"Luzerne County, Pennsylvania",5996,854,1869,660,4127,751
0500000US42081,42081,"Lycoming County, Pennsylvania",465,190,186,151,279,196
0500000US42085,42085,"Mercer County, Pennsylvania",190,153,60,59,130,122
0500000US42089,42089,"Monroe County, Pennsylvania",6602,1227,3921,1132,2681,940
0500000US42091,42091,"Montgomery County, Pennsylvania",8809,1053,3659,802,5150,994
0500000US42095,42095,"Northampton County, Pennsylvania",8995,864,4474,934,4521,895
0500000US42101,42101,"Philadelphia County, Pennsylvania",56383,2511,26773,2377,29610,2763
0500000US42107,42107,"Schuylkill County, Pennsylvania",1069,244,447,409,622,337
0500000US42125,42125,"Washington County, Pennsylvania",716,264,359,172,357,246
0500000US42129,42129,"Westmoreland County, Pennsylvania",1042,306,678,295,364,286
0500000US42133,42133,"York County, Pennsylvania",6483,860,2397,675,4086,1006
0500000US44003,44003,"Kent County, Rhode Island",1817,397,935,580,882,453
0500000US44005,44005,"Newport County, Rhode Island",1035,317,259,217,776,229
0500000US44007,44007,"Providence County, Rhode Island",34325,1778,9076,1558,25249,2089
0500000US44009,44009,"Washington County, Rhode Island",823,291,521,349,302,217
0500000US45003,45003,"Aiken County, South Carolina",1799,524,1159,546,640,484
0500000US45007,45007,"Anderson County, South Carolina",1132,478,711,276,421,393
0500000US45013,45013,"Beaufort County, South Carolina",3852,1077,1345,1042,2507,1036
0500000US45015,45015,"Berkeley County, South Carolina",2798,553,1039,670,1759,802
0500000US45019,45019,"Charleston County, South Carolina",5311,1050,1820,661,3491,851
0500000US45035,45035,"Dorchester County, South Carolina",1569,594,519,415,1050,502
0500000US45041,45041,"Florence County, South Carolina",993,300,273,300,720,324
0500000US45045,45045,"Greenville County, South Carolina",10160,951,5272,1058,4888,1190
0500000US45051,45051,"Horry County, South Carolina",5624,945,961,585,4663,973
0500000US45057,45057,"Lancaster County, South Carolina",518,328,317,298,201,202
0500000US45063,45063,"Lexington County, South Carolina",5125,999,2133,1129,2992,921
0500000US45077,45077,"Pickens County, South Carolina",1505,482,625,362,880,543
0500000US45079,45079,"Richland County, South Carolina",4282,864,1568,962,2714,883
0500000US45083,45083,"Spartanburg County, South Carolina",3972,871,1196,577,2776,722
0500000US45085,45085,"Sumter County, South Carolina",1141,343,713,289,428,331
0500000US45091,45091,"York County, South Carolina",3240,450,1468,650,1772,725
0500000US46099,46099,"Minnehaha County, South Dakota",1661,339,868,382,793,390
0500000US46103,46103,"Pennington County, South Dakota",1077,530,299,270,778,475
0500000US47009,47009,"Blount County, Tennessee",819,408,387,440,432,246
0500000US47011,47011,"Bradley County, Tennessee",1060,296,225,188,835,284
0500000US47037,47037,"Davidson County, Tennessee",15436,1254,3558,865,11878,1349
0500000US47065,47065,"Hamilton County, Tennessee",3856,717,1364,466,2492,675
0500000US47093,47093,"Knox County, Tennessee",3312,631,1406,716,1906,620
0500000US47113,47113,"Madison County, Tennessee",778,321,343,275,435,452
0500000US47119,47119,"Maury County, Tennessee",1246,504,853,748,393,321
0500000US47125,47125,"Montgomery County, Tennessee",4113,897,2432,808,1681,801
0500000US47141,47141,"Putnam County, Tennessee",1244,299,868,372,376,332
0500000US47147,47147,"Robertson County, Tennessee",1151,379,226,247,925,347
0500000US47149,47149,"Rutherford County, Tennessee",4186,1188,2610,826,1576,897
0500000US47157,47157,"Shelby County, Tennessee",13465,1343,5148,1176,8317,1409
0500000US47163,47163,"Sullivan County, Tennessee",827,232,235,190,592,257
0500000US47165,47165,"Sumner County, Tennessee",1172,470,429,533,743,530
0500000US47179,47179,"Washington County, Tennessee",875,336,470,435,405,314
0500000US47187,47187,"Williamson County, Tennessee",1845,647,959,527,886,640
0500000US47189,47189,"Wilson County, Tennessee",974,306,290,264,684,313
0500000US48005,48005,"Angelina County, Texas",3445,566,2967,507,478,383
0500000US48021,48021,"Bastrop County, Texas",7242,1306,5497,1628,1745,1227
0500000US48027,48027,"Bell County, Texas",17117,1838,7595,1455,9522,1902
0500000US48029,48029,"Bexar County, Texas",310479,4787,176174,5161,134305,5740
0500000US48037,48037,"Bowie County, Texas",794,378,484,209,310,331
0500000US48039,48039,"Brazoria County, Texas",24652,1934,17306,1880,7346,1904
0500000US48041,48041,"Brazos County, Texas",10289,1535,4740,799,5549,1515
0500000US48061,48061,"Cameron County, Texas",96554,2647,63292,2441,33262,2608
0500000US48085,48085,"Collin County, Texas",33753,2455,17202,2288,16551,2339
0500000US48091,48091,"Comal County, Texas",8295,1344,4373,1027,3922,1248
0500000US48099,48099,"Coryell County, Texas",1592,522,842,446,750,276
0500000US48113,48113,"Dallas County, Texas",240178,5410,109518,4297,130660,5369
0500000US48121,48121,"Denton County, Texas",35047,2257,17493,2346,17554,2388
0500000US48135,48135,"Ector County, Texas",23093,1140,14264,1208,8829,1242
0500000US48139,48139,"Ellis County, Texas",9515,1082,5861,1111,3654,1000
0500000US48141,48141,"El Paso County, Texas",195677,3006,120286,3696,75391,3633
0500000US48157,48157,"Fort Bend County, Texas",38402,2790,26525,2372,11877,2407
0500000US48167,48167,"Galveston County, Texas",18108,1357,11610,1417,6498,1386
0500000US48181,48181,"Grayson County, Texas",3038,638,1635,540,1403,524
0500000US48183,48183,"Gregg County, Texas",4509,639,2877,498,1632,525
0500000US48187,48187,"Guadalupe County, Texas",13997,1049,9569,1118,4428,1034
0500000US48201,48201,"Harris County, Texas",452415,7315,221199,5989,231216,8021
0500000US48203,48203,"Harrison County, Texas",1617,433,1326,438,291,196
0500000US48209,48209,"Hays County, Texas",15842,1949,8761,1544,7081,1973
0500000US48213,48213,"Henderson County, Texas",2079,422,1315,394,764,440
0500000US48215,48215,"Hidalgo County, Texas",184760,4096,124521,4642,60239,4078
0500000US48231,48231,"Hunt County, Texas",2540,443,1824,402,716,367
0500000US48245,48245,"Jefferson County, Texas",11931,1163,7217,950,4714,1292
0500000US48251,48251,"Johnson County, Texas",6777,862,4276,835,2501,810
0500000US48257,48257,"Kaufman County, Texas",4366,920,2707,953,1659,670
0500000US48291,48291,"Liberty County, Texas",3925,533,3439,570,486,398
0500000US48303,48303,"Lubbock County, Texas",26676,1542,13603,1676,13073,1918
0500000US48309,48309,"McLennan County, Texas",14654,883,8093,999,6561,1190
0500000US48329,48329,"Midland County, Texas",14538,909,10554,932,3984,980
0500000US48339,48339,"Montgomery County, Texas",26431,2073,14331,2371,12100,2443
0500000US48347,48347,"Nacogdoches County, Texas",2470,414,1340,406,1130,576
0500000US48355,48355,"Nueces County, Texas",65558,2290,36797,2687,28761,2426
0500000US48361,48361,"Orange County, Texas",1577,427,1277,397,300,322
0500000US48367,48367,"Parker County, Texas",3520,437,2724,613,796,540
0500000US48375,48375,"Potter County, Texas",12556,912,7418,950,5138,1007
0500000US48381,48381,"Randall County, Texas",6149,773,3174,661,2975,854
0500000US48397,48397,"Rockwall County, Texas",3523,835,2333,650,1190,817
0500000US48409,48409,"San Patricio County, Texas",10086,820,6455,792,3631,908
0500000US48423,48423,"Smith County, Texas",8705,1187,4811,828,3894,1151
0500000US48439,48439,"Tarrant County, Texas",135658,4075,74064,4035,61594,4595
0500000US48441,48441,"Taylor County, Texas",9110,921,5176,914,3934,846
0500000US48451,48451,"Tom Green County, Texas",12592,995,7492,1035,5100,1185
0500000US48453,48453,"Travis County, Texas",101719,3721,40124,3058,61595,4028
0500000US48469,48469,"Victoria County, Texas",11431,1074,6277,888,5154,1068
0500000US48471,48471,"Walker County, Texas",1388,918,891,555,497,530
0500000US48479,48479,"Webb County, Texas",64093,1696,39352,2487,24741,2311
0500000US48485,48485,"Wichita County, Texas",5731,923,3234,635,2497,1036
0500000US48491,48491,"Williamson County, Texas",26176,2126,16028,2165,10148,2040
0500000US49005,49005,"Cache County, Utah",2008,444,870,415,1138,441
0500000US49011,49011,"Davis County, Utah",7064,1031,5285,1066,1779,630
0500000US49035,49035,"Salt Lake County, Utah",44685,2280,20815,2226,23870,2541
0500000US49049,49049,"Utah County, Utah",12616,1103,5704,1034,6912,1159
0500000US49053,49053,"Washington County, Utah",2570,695,1316,671,1254,687
0500000US49057,49057,"Weber County, Utah",10292,981,6135,929,4157,1152
0500000US50007,50007,"Chittenden County, Vermont",684,358,280,265,404,237
0500000US51003,51003,"Albemarle County, Virginia",1239,543,440,329,799,458
0500000US51013,51013,"Arlington County, Virginia",10056,1393,3035,811,7021,1468
0500000US51041,51041,"Chesterfield County, Virginia",5771,775,2851,781,2920,671
0500000US51059,51059,"Fairfax County, Virginia",44405,2747,20166,2483,24239,2828
0500000US51061,51061,"Fauquier County, Virginia",748,287,576,183,172,211
0500000US51069,51069,"Frederick County, Virginia",1734,644,1359,810,375,394
0500000US51087,51087,"Henrico County, Virginia",4492,791,1200,497,3292,688
0500000US51095,51095,"James City County, Virginia",1093,558,404,349,689,578
0500000US51107,51107,"Loudoun County, Virginia",8699,1305,3858,1181,4841,1178
0500000US51153,51153,"Prince William County, Virginia",19029,1671,10845,1791,8184,1657
0500000US51161,51161,"Roanoke County, Virginia",712,200,236,186,476,184
0500000US51177,51177,"Spotsylvania County, Virginia",2341,857,1875,857,466,553
0500000US51179,51179,"Stafford County, Virginia",3131,541,1640,474,1491,549
0500000US51199,51199,"York County, Virginia",1091,414,517,376,574,300
0500000US51510,51510,"Alexandria city, Virginia",7258,1310,1629,665,5629,1104
0500000US51550,51550,"Chesapeake city, Virginia",2946,643,2034,705,912,425
0500000US51650,51650,"Hampton city, Virginia",1565,502,864,395,701,437
0500000US51700,51700,"Newport News city, Virginia",3448,599,1080,524,2368,544
0500000US51710,51710,"Norfolk city, Virginia",4204,809,1689,618,2515,578
0500000US51740,51740,"Portsmouth city, Virginia",908,312,416,322,492,328
0500000US51760,51760,"Richmond city, Virginia",3393,483,425,255,2968,490
0500000US51770,51770,"Roanoke city, Virginia",1922,340,609,419,1313,489
0500000US51800,51800,"Suffolk city, Virginia",641,300,184,170,457,341
0500000US51810,51810,"Virginia Beach city, Virginia",8224,1085,3788,723,4436,1073
0500000US53005,53005,"Benton County, Washington",7380,1037,4322,1034,3058,925
0500000US53007,53007,"Chelan County, Washington",4171,659,753,443,3418,769
0500000US53009,53009,"Clallam County, Washington",836,355,323,164,513,404
0500000US53011,53011,"Clark County, Washington",9052,919,3420,788,5632,1049
0500000US53015,53015,"Cowlitz County, Washington",2107,483,1082,631,1025,479
0500000US53021,53021,"Franklin County, Washington",9161,957,5071,1076,4090,1043
0500000US53025,53025,"Grant County, Washington",8529,889,3729,829,4800,803
0500000US53027,53027,"Grays Harbor County, Washington",1149,441,305,251,844,409
0500000US53029,53029,"Island County, Washington",1577,383,571,332,1006,401
0500000US53033,53033,"King County, Washington",50431,2420,17862,2426,32569,2597
0500000US53035,53035,"Kitsap County, Washington",5146,902,1563,656,3583,779
0500000US53041,53041,"Lewis County, Washington",1258,356,509,293,749,342
0500000US53053,53053,"Pierce County, Washington",19939,1544,8492,1158,11447,1491
0500000US53057,53057,"Skagit County, Washington",4876,761,1452,545,3424,926
0500000US53061,53061,"Snohomish County, Washington",16182,1741,8325,1528,7857,1519
0500000US53063,53063,"Spokane County, Washington",6315,977,2681,687,3634,1027
0500000US53067,53067,"Thurston County, Washington",4349,887,1913,762,2436,942
0500000US53073,53073,"Whatcom County, Washington",3595,1047,958,696,2637,865
0500000US53077,53077,"Yakima County, Washington",26220,1514,11762,1347,14458,1777
0500000US54003,54003,"Berkeley County, West Virginia",752,322,382,293,370,292
0500000US54039,54039,"Kanawha County, West Virginia",755,199,384,201,371,192
0500000US54061,54061,"Monongalia County, West Virginia",375,256,126,140,249,218
0500000US55009,55009,"Brown County, Wisconsin",4209,733,2152,589,2057,716
0500000US55025,55025,"Dane County, Wisconsin",7906,976,2777,707,5129,1212
0500000US55027,55027,"Dodge County, Wisconsin",634,233,255,201,379,186
0500000US55039,55039,"Fond du Lac County, Wisconsin",1423,267,529,238,894,347
0500000US55055,55055,"Jefferson County, Wisconsin",1716,426,706,487,1010,377
0500000US55059,55059,"Kenosha County, Wisconsin",5186,795,3168,851,2018,763
0500000US55071,55071,"Manitowoc County, Wisconsin",416,238,179,161,237,230
0500000US55073,55073,"Marathon County, Wisconsin",826,221,317,212,509,232
0500000US55079,55079,"Milwaukee County, Wisconsin",35842,1650,13109,1375,22733,1790
0500000US55087,55087,"Outagamie County, Wisconsin",2053,518,751,378,1302,474
0500000US55089,55089,"Ozaukee County, Wisconsin",470,230,252,192,218,192
0500000US55101,55101,"Racine County, Wisconsin",5437,887,2760,553,2677,905
0500000US55105,55105,"Rock County, Wisconsin",3022,525,1552,563,1470,467
0500000US55117,55117,"Sheboygan County, Wisconsin",1918,497,797,408,1121,494
0500000US55127,55127,"Walworth County, Wisconsin",2337,451,1799,585,538,349
0500000US55131,55131,"Washington County, Wisconsin",811,250,553,314,258,186
0500000US55133,55133,"Waukesha County, Wisconsin",4206,894,2547,796,1659,561
0500000US55139,55139,"Winnebago County, Wisconsin",1265,468,542,352,723,403
0500000US55141,55141,"Wood County, Wisconsin",649,404,201,136,448,376
0500000US56021,56021,"Laramie County, Wyoming",3305,590,1787,493,1518,600
0500000US56025,56025,"Natrona County, Wyoming",1048,494,632,377,416,323
