GEO.id,GEO.id2,GEO.display-label,HD01_VD01,HD02_VD01,HD01_VD02,HD02_VD02,HD01_VD03,HD02_VD03
Id,Id2,Geography,Estimate; Total:,Margin of Error; Total:,Estimate; Total: - Owner occupied,Margin of Error; Total: - Owner occupied,Estimate; Total: - Renter occupied,Margin of Error; Total: - Renter occupied
0500000US01003,01003,"Baldwin County, Alabama",2628,731,1017,607,1611,784
0500000US01015,01015,"Calhoun County, Alabama",1117,283,321,211,796,319
0500000US01043,01043,"Cullman County, Alabama",814,450,274,212,540,489
0500000US01049,01049,"DeKalb County, Alabama",2273,493,1442,545,831,540
0500000US01051,01051,"Elmore County, Alabama",533,318,349,273,184,174
0500000US01055,01055,"Etowah County, Alabama",640,285,451,284,189,230
0500000US01069,01069,"Houston County, Alabama",786,202,261,122,525,170
0500000US01073,01073,"Jefferson County, Alabama",7741,671,3020,786,4721,706
0500000US01077,01077,"Lauderdale County, Alabama",602,249,286,225,316,270
0500000US01081,01081,"Lee County, Alabama",1709,764,945,632,764,577
0500000US01083,01083,"Limestone County, Alabama",1133,417,353,300,780,338
0500000US01089,01089,"Madison County, Alabama",4968,716,2370,608,2598,850
0500000US01095,01095,"Marshall County, Alabama",2403,614,841,347,1562,620
0500000US01097,01097,"Mobile County, Alabama",3535,595,1148,648,2387,784
0500000US01101,01101,"Montgomery County, Alabama",1889,373,915,274,974,389
0500000US01103,01103,"Morgan County, Alabama",2431,575,1248,572,1183,566
0500000US01117,01117,"Shelby County, Alabama",2994,520,1195,463,1799,536
0500000US01121,01121,"Talladega County, Alabama",416,172,97,140,319,170
0500000US01125,01125,"Tuscaloosa County, Alabama",1506,769,708,407,798,708
0500000US02020,02020,"Anchorage Municipality, Alaska",8353,889,2764,799,5589,1050
0500000US02090,02090,"Fairbanks North Star Borough, Alaska",2141,718,1038,741,1103,538
0500000US02170,02170,"Matanuska-Susitna Borough, Alaska",1130,190,837,184,293,176
0500000US04001,04001,"Apache County, Arizona",807,333,710,316,97,97
0500000US04003,04003,"Cochise County, Arizona",12364,1086,7475,997,4889,959
0500000US04005,04005,"Coconino County, Arizona",5658,804,2172,644,3486,750
0500000US04013,04013,"Maricopa County, Arizona",311941,5595,138278,4922,173663,6097
0500000US04015,04015,"Mohave County, Arizona",8876,1257,5440,905,3436,1103
0500000US04017,04017,"Navajo County, Arizona",3299,602,1840,498,1459,450
0500000US04019,04019,"Pima County, Arizona",106666,3116,55300,2624,51366,3508
0500000US04021,04021,"Pinal County, Arizona",27673,1852,14398,1629,13275,1764
0500000US04025,04025,"Yavapai County, Arizona",8058,958,4035,813,4023,907
0500000US04027,04027,"Yuma County, Arizona",36236,1850,22127,1560,14109,1940
0500000US05007,05007,"Benton County, Arkansas",9755,907,4798,933,4957,1143
0500000US05031,05031,"Craighead County, Arkansas",1085,440,303,313,782,369
0500000US05045,05045,"Faulkner County, Arkansas",1120,352,716,327,404,294
0500000US05051,05051,"Garland County, Arkansas",812,360,248,202,564,431
0500000US05085,05085,"Lonoke County, Arkansas",837,135,334,241,503,263
0500000US05119,05119,"Pulaski County, Arkansas",5909,930,2538,847,3371,895
0500000US05125,05125,"Saline County, Arkansas",1240,356,472,339,768,323
0500000US05131,05131,"Sebastian County, Arkansas",3662,585,1717,583,1945,710
0500000US05143,05143,"Washington County, Arkansas",8488,1176,2972,949,5516,1242
0500000US05145,05145,"White County, Arkansas",943,209,372,300,571,309
0500000US06001,06001,"Alameda County, California",91191,2900,34020,2384,57171,3018
0500000US06007,06007,"Butte County, California",9858,1006,4531,849,5327,955
0500000US06013,06013,"Contra Costa County, California",70674,2427,33913,2181,36761,2711
0500000US06017,06017,"El Dorado County, California",6596,676,3761,864,2835,718
0500000US06019,06019,"Fresno County, California",131182,2482,54668,3129,76514,3548
0500000US06023,06023,"Humboldt County, California",3246,535,805,337,2441,543
0500000US06025,06025,"Imperial County, California",32308,1747,17466,1723,14842,1743
0500000US06029,06029,"Kern County, California",107745,3059,53002,2919,54743,3156
0500000US06031,06031,"Kings County, California",18906,1088,8533,1092,10373,1422
0500000US06033,06033,"Lake County, California",3493,603,1892,662,1601,554
0500000US06037,06037,"Los Angeles County, California",1211133,8554,455399,9215,755734,11682
0500000US06039,06039,"Madera County, California",19271,1568,9086,1437,10185,1300
0500000US06041,06041,"Marin County, California",8995,1086,2174,641,6821,1019
0500000US06045,06045,"Mendocino County, California",4992,805,1921,595,3071,806
0500000US06047,06047,"Merced County, California",38381,1242,16002,1752,22379,1809
0500000US06053,06053,"Monterey County, California",52723,1770,20364,1609,32359,1900
0500000US06055,06055,"Napa County, California",12824,757,5183,919,7641,1071
0500000US06057,06057,"Nevada County, California",1873,451,1132,506,741,354
0500000US06059,06059,"Orange County, California",242856,4842,95773,4191,147083,4825
0500000US06061,06061,"Placer County, California",13338,1091,6600,928,6738,1003
0500000US06065,06065,"Riverside County, California",252538,4673,140805,4821,111733,4889
0500000US06067,06067,"Sacramento County, California",89165,2578,38918,2563,50247,2766
0500000US06071,06071,"San Bernardino County, California",253176,4468,132043,4275,121133,4187
0500000US06073,06073,"San Diego County, California",270954,4763,100711,3918,170243,4687
0500000US06075,06075,"San Francisco County, California",41894,2160,10699,1510,31195,2606
0500000US06077,06077,"San Joaquin County, California",70725,1934,30776,2045,39949,2542
0500000US06079,06079,"San Luis Obispo County, California",15832,1177,5683,845,10149,1394
0500000US06081,06081,"San Mateo County, California",48136,2478,17565,1629,30571,2399
0500000US06083,06083,"Santa Barbara County, California",47196,2092,16542,1711,30654,2260
0500000US06085,06085,"Santa Clara County, California",120162,3255,47161,2889,73001,3029
0500000US06087,06087,"Santa Cruz County, California",22328,1390,7104,977,15224,1394
0500000US06089,06089,"Shasta County, California",4335,662,2064,597,2271,577
0500000US06095,06095,"Solano County, California",26703,1538,12384,1544,14319,1745
0500000US06097,06097,"Sonoma County, California",32320,1586,12216,1354,20104,1758
0500000US06099,06099,"Stanislaus County, California",57169,2296,25241,2424,31928,2577
0500000US06101,06101,"Sutter County, California",8106,797,3537,879,4569,1144
0500000US06107,06107,"Tulare County, California",68901,1862,33262,2535,35639,2327
0500000US06111,06111,"Ventura County, California",81253,2063,39611,2484,41642,2747
0500000US06113,06113,"Yolo County, California",16730,1281,7269,1105,9461,1283
0500000US06115,06115,"Yuba County, California",5557,655,2470,638,3087,781
0500000US08001,08001,"Adams County, Colorado",49684,1925,24971,2062,24713,1682
0500000US08005,08005,"Arapahoe County, Colorado",30754,1628,12149,1429,18605,1468
0500000US08013,08013,"Boulder County, Colorado",12128,1025,4559,855,7569,1129
0500000US08031,08031,"Denver County, Colorado",60793,2149,24751,1809,36042,2363
0500000US08035,08035,"Douglas County, Colorado",7025,917,4728,874,2297,800
0500000US08041,08041,"El Paso County, Colorado",29680,1657,13820,1662,15860,1893
0500000US08059,08059,"Jefferson County, Colorado",26727,1680,12240,1271,14487,1849
0500000US08069,08069,"Larimer County, Colorado",9247,1066,4294,813,4953,1240
0500000US08077,08077,"Mesa County, Colorado",6696,1005,3860,979,2836,822
0500000US08101,08101,"Pueblo County, Colorado",24227,993,12791,1288,11436,1318
0500000US08123,08123,"Weld County, Colorado",20802,1167,11872,1058,8930,1233
0500000US09001,09001,"Fairfield County, Connecticut",48305,2070,17969,1860,30336,2250
0500000US09003,09003,"Hartford County, Connecticut",48809,2053,14828,1748,33981,2218
0500000US09005,09005,"Litchfield County, Connecticut",2143,533,704,350,1439,372
0500000US09007,09007,"Middlesex County, Connecticut",3080,599,1866,784,1214,495
0500000US09009,09009,"New Haven County, Connecticut",43007,2097,11891,1680,31116,2460
0500000US09011,09011,"New London County, Connecticut",8029,1119,2084,710,5945,1426
0500000US09013,09013,"Tolland County, Connecticut",1753,610,1262,657,491,402
0500000US09015,09015,"Windham County, Connecticut",3397,604,1242,528,2155,570
0500000US10001,10001,"Kent County, Delaware",2803,651,1326,392,1477,607
0500000US10003,10003,"New Castle County, Delaware",14904,1157,7086,1178,7818,1284
0500000US10005,10005,"Sussex County, Delaware",4779,461,2755,604,2024,608
0500000US11001,11001,"District of Columbia, District of Columbia",22255,1906,6413,1153,15842,1889
0500000US12001,12001,"Alachua County, Florida",7114,1089,2225,595,4889,1128
0500000US12005,12005,"Bay County, Florida",2571,828,935,463,1636,696
0500000US12009,12009,"Brevard County, Florida",16179,1281,9151,1407,7028,1533
0500000US12011,12011,"Broward County, Florida",153705,3952,85363,3679,68342,3351
0500000US12015,12015,"Charlotte County, Florida",3520,623,1825,740,1695,503
0500000US12017,12017,"Citrus County, Florida",2315,424,1639,385,676,378
0500000US12019,12019,"Clay County, Florida",5535,983,2866,799,2669,882
0500000US12021,12021,"Collier County, Florida",20590,2265,8767,1684,11823,1733
0500000US12023,12023,"Columbia County, Florida",932,312,535,200,397,303
0500000US12031,12031,"Duval County, Florida",22823,2032,10360,1622,12463,1758
0500000US12033,12033,"Escambia County, Florida",5098,999,1971,549,3127,1018
0500000US12035,12035,"Flagler County, Florida",2028,404,1629,406,399,298
0500000US12053,12053,"Hernando County, Florida",6524,726,4537,986,1987,617
0500000US12055,12055,"Highlands County, Florida",6005,926,3181,881,2824,1030
0500000US12057,12057,"Hillsborough County, Florida",104935,3201,46159,2655,58776,3224
0500000US12061,12061,"Indian River County, Florida",4211,934,1631,552,2580,994
0500000US12069,12069,"Lake County, Florida",12469,1504,7358,1259,5111,1231
0500000US12071,12071,"Lee County, Florida",34571,2242,14047,1636,20524,2000
0500000US12073,12073,"Leon County, Florida",7060,806,2981,674,4079,897
0500000US12081,12081,"Manatee County, Florida",12673,1311,5209,1007,7464,1328
0500000US12083,12083,"Marion County, Florida",12555,1248,7418,1227,5137,1263
0500000US12085,12085,"Martin County, Florida",4870,856,2650,697,2220,770
0500000US12086,12086,"Miami-Dade County, Florida",552123,5693,281765,5559,270358,5430
0500000US12087,12087,"Monroe County, Florida",3987,887,1723,602,2264,682
0500000US12089,12089,"Nassau County, Florida",998,504,629,356,369,496
0500000US12091,12091,"Okaloosa County, Florida",5257,841,1994,736,3263,753
0500000US12095,12095,"Orange County, Florida",110703,3783,43009,3340,67694,3629
0500000US12097,12097,"Osceola County, Florida",38570,2956,19904,2279,18666,2235
0500000US12099,12099,"Palm Beach County, Florida",86181,2918,43909,2538,42272,2881
0500000US12101,12101,"Pasco County, Florida",17813,1264,10961,1218,6852,1190
0500000US12103,12103,"Pinellas County, Florida",26817,2139,9950,1191,16867,2046
0500000US12105,12105,"Polk County, Florida",29626,1891,15365,1821,14261,1772
0500000US12107,12107,"Putnam County, Florida",1460,468,909,508,551,350
0500000US12109,12109,"St. Johns County, Florida",4520,869,2794,597,1726,925
0500000US12111,12111,"St. Lucie County, Florida",14953,1790,10714,1761,4239,1434
0500000US12113,12113,"Santa Rosa County, Florida",1449,709,569,336,880,805
0500000US12115,12115,"Sarasota County, Florida",10055,802,4584,1015,5471,1122
0500000US12117,12117,"Seminole County, Florida",23558,1945,12396,1762,11162,1760
0500000US12119,12119,"Sumter County, Florida",1319,422,1103,379,216,185
0500000US12127,12127,"Volusia County, Florida",18308,1387,10165,1264,8143,1453
0500000US13013,13013,"Barrow County, Georgia",1464,416,631,365,833,296
0500000US13015,13015,"Bartow County, Georgia",2613,521,1358,482,1255,625
0500000US13021,13021,"Bibb County, Georgia",1134,252,445,339,689,371
0500000US13031,13031,"Bulloch County, Georgia",795,186,254,255,541,306
0500000US13051,13051,"Chatham County, Georgia",5341,775,1972,757,3369,1107
0500000US13057,13057,"Cherokee County, Georgia",5694,962,3347,940,2347,837
0500000US13059,13059,"Clarke County, Georgia",3412,652,658,496,2754,712
0500000US13063,13063,"Clayton County, Georgia",8394,916,4531,909,3863,767
0500000US13067,13067,"Cobb County, Georgia",24530,1788,11834,1658,12696,1889
0500000US13073,13073,"Columbia County, Georgia",2396,707,1890,678,506,594
0500000US13077,13077,"Coweta County, Georgia",2643,753,1651,659,992,645
0500000US13089,13089,"DeKalb County, Georgia",16480,1172,3457,702,13023,1197
0500000US13095,13095,"Dougherty County, Georgia",702,160,434,206,268,203
0500000US13097,13097,"Douglas County, Georgia",2232,497,1214,727,1018,571
0500000US13113,13113,"Fayette County, Georgia",2444,412,1576,446,868,489
0500000US13115,13115,"Floyd County, Georgia",1978,272,789,485,1189,556
0500000US13117,13117,"Forsyth County, Georgia",4601,761,1647,602,2954,857
0500000US13121,13121,"Fulton County, Georgia",19413,2065,6088,1420,13325,2037
0500000US13127,13127,"Glynn County, Georgia",1292,446,562,458,730,447
0500000US13135,13135,"Gwinnett County, Georgia",44192,1975,19149,2280,25043,2329
0500000US13139,13139,"Hall County, Georgia",11787,1016,6217,1087,5570,1057
0500000US13151,13151,"Henry County, Georgia",3500,928,2582,878,918,561
0500000US13153,13153,"Houston County, Georgia",2487,868,1063,818,1424,628
0500000US13179,13179,"Liberty County, Georgia",2317,523,692,460,1625,613
0500000US13185,13185,"Lowndes County, Georgia",1266,313,397,237,869,350
0500000US13215,13215,"Muscogee County, Georgia",3883,782,1678,669,2205,588
0500000US13217,13217,"Newton County, Georgia",1554,419,1076,437,478,404
0500000US13223,13223,"Paulding County, Georgia",2633,996,1971,1025,662,675
0500000US13245,13245,"Richmond County, Georgia",2522,803,958,479,1564,755
0500000US13247,13247,"Rockdale County, Georgia",2154,609,754,407,1400,571
0500000US13313,13313,"Whitfield County, Georgia",7658,825,3697,876,3961,934
0500000US15001,15001,"Hawaii County, Hawaii",4964,811,2672,799,2292,760
0500000US15003,15003,"Honolulu County, Hawaii",20368,1591,7474,1051,12894,1713
0500000US15007,15007,"Kauai County, Hawaii",1835,393,831,319,1004,371
0500000US15009,15009,"Maui County, Hawaii",4152,818,1407,590,2745,895
0500000US16001,16001,"Ada County, Idaho",8733,1162,3485,1082,5248,1168
0500000US16005,16005,"Bannock County, Idaho",1774,405,839,312,935,470
0500000US16019,16019,"Bonneville County, Idaho",2650,500,768,364,1882,532
0500000US16027,16027,"Canyon County, Idaho",12047,1053,7131,1164,4916,1181
0500000US16055,16055,"Kootenai County, Idaho",1900,513,1134,415,766,583
0500000US16083,16083,"Twin Falls County, Idaho",3139,631,1399,537,1740,559
0500000US17019,17019,"Champaign County, Illinois",3220,690,706,424,2514,838
0500000US17031,17031,"Cook County, Illinois",346853,6584,166653,4815,180200,5881
0500000US17037,17037,"DeKalb County, Illinois",2609,640,889,423,1720,649
0500000US17043,17043,"DuPage County, Illinois",33180,1614,16807,1782,16373,1844
0500000US17089,17089,"Kane County, Illinois",36768,2029,19794,1864,16974,1924
0500000US17091,17091,"Kankakee County, Illinois",2482,438,1474,534,1008,504
0500000US17093,17093,"Kendall County, Illinois",4579,772,2789,814,1790,737
0500000US17097,17097,"Lake County, Illinois",34154,1446,19824,1618,14330,1550
0500000US17099,17099,"LaSalle County, Illinois",2386,567,1678,515,708,277
0500000US17111,17111,"McHenry County, Illinois",8849,899,4636,1067,4213,1127
0500000US17113,17113,"McLean County, Illinois",2258,550,919,442,1339,574
0500000US17115,17115,"Macon County, Illinois",645,303,395,231,250,200
0500000US17119,17119,"Madison County, Illinois",2580,551,1283,421,1297,550
0500000US17143,17143,"Peoria County, Illinois",1983,548,1244,453,739,419
0500000US17161,17161,"Rock Island County, Illinois",5020,637,3296,527,1724,644
0500000US17163,17163,"St. Clair County, Illinois",2670,580,1469,461,1201,464
0500000US17167,17167,"Sangamon County, Illinois",1511,386,621,404,890,343
0500000US17179,17179,"Tazewell County, Illinois",1017,384,759,337,258,277
0500000US17183,17183,"Vermilion County, Illinois",1260,544,773,669,487,548
0500000US17197,17197,"Will County, Illinois",24223,1433,17306,1540,6917,1278
0500000US17199,17199,"Williamson County, Illinois",473,211,64,72,409,219
0500000US17201,17201,"Winnebago County, Illinois",8418,813,3526,668,4892,928
0500000US18003,18003,"Allen County, Indiana",7163,833,4216,662,2947,714
0500000US18005,18005,"Bartholomew County, Indiana",1660,431,841,453,819,449
0500000US18019,18019,"Clark County, Indiana",1163,414,620,461,543,228
0500000US18035,18035,"Delaware County, Indiana",577,313,234,210,343,240
0500000US18039,18039,"Elkhart County, Indiana",7752,869,2816,769,4936,1103
0500000US18043,18043,"Floyd County, Indiana",744,398,545,398,199,195
0500000US18053,18053,"Grant County, Indiana",643,341,276,178,367,365
0500000US18057,18057,"Hamilton County, Indiana",2946,573,1822,700,1124,600
0500000US18063,18063,"Hendricks County, Indiana",1165,489,884,405,281,337
0500000US18067,18067,"Howard County, Indiana",528,316,260,243,268,218
0500000US18085,18085,"Kosciusko County, Indiana",1663,317,588,340,1075,417
0500000US18089,18089,"Lake County, Indiana",26977,1419,18431,1573,8546,1506
0500000US18091,18091,"LaPorte County, Indiana",1373,348,672,367,701,347
0500000US18095,18095,"Madison County, Indiana",1169,269,638,363,531,326
0500000US18097,18097,"Marion County, Indiana",23373,1389,7921,1284,15452,1712
0500000US18105,18105,"Monroe County, Indiana",1117,521,252,188,865,465
0500000US18127,18127,"Porter County, Indiana",4452,557,3110,720,1342,648
0500000US18141,18141,"St. Joseph County, Indiana",5286,602,3641,585,1645,635
0500000US18157,18157,"Tippecanoe County, Indiana",3344,747,1730,681,1614,554
0500000US18163,18163,"Vanderburgh County, Indiana",880,238,296,269,584,262
0500000US18167,18167,"Vigo County, Indiana",569,239,184,186,385,234
0500000US19013,19013,"Black Hawk County, Iowa",1470,327,871,282,599,313
0500000US19049,19049,"Dallas County, Iowa",1110,404,623,325,487,430
0500000US19061,19061,"Dubuque County, Iowa",805,188,378,296,427,231
0500000US19103,19103,"Johnson County, Iowa",1944,418,1124,423,820,377
0500000US19113,19113,"Linn County, Iowa",1875,480,1256,523,619,402
0500000US19153,19153,"Polk County, Iowa",9501,866,5098,849,4403,887
0500000US19155,19155,"Pottawattamie County, Iowa",1902,392,865,356,1037,370
0500000US19163,19163,"Scott County, Iowa",2942,620,1522,734,1420,534
0500000US19169,19169,"Story County, Iowa",1087,330,83,103,1004,336
0500000US19193,19193,"Woodbury County, Iowa",3996,648,2398,550,1598,712
0500000US20045,20045,"Douglas County, Kansas",1480,508,362,297,1118,566
0500000US20091,20091,"Johnson County, Kansas",12014,1072,4495,878,7519,1068
0500000US20103,20103,"Leavenworth County, Kansas",1303,563,586,308,717,505
0500000US20161,20161,"Riley County, Kansas",1698,470,466,328,1232,497
0500000US20173,20173,"Sedgwick County, Kansas",18053,1288,10190,1239,7863,1335
0500000US20177,20177,"Shawnee County, Kansas",4767,709,2360,706,2407,611
0500000US20209,20209,"Wyandotte County, Kansas",11818,701,5643,794,6175,907
0500000US21015,21015,"Boone County, Kentucky",1719,371,764,487,955,669
0500000US21059,21059,"Daviess County, Kentucky",897,255,205,218,692,319
0500000US21067,21067,"Fayette County, Kentucky",5355,690,2138,593,3217,723
0500000US21093,21093,"Hardin County, Kentucky",1127,430,391,232,736,486
0500000US21111,21111,"Jefferson County, Kentucky",11120,889,3639,801,7481,1067
0500000US21117,21117,"Kenton County, Kentucky",1129,353,311,322,818,325
0500000US21227,21227,"Warren County, Kentucky",1338,415,233,234,1105,433
0500000US22005,22005,"Ascension Parish, Louisiana",1558,453,1251,512,307,311
0500000US22015,22015,"Bossier Parish, Louisiana",2059,456,964,579,1095,544
0500000US22017,22017,"Caddo Parish, Louisiana",1614,497,615,365,999,510
0500000US22019,22019,"Calcasieu Parish, Louisiana",2339,763,1130,783,1209,660
0500000US22033,22033,"East Baton Rouge Parish, Louisiana",5918,925,2300,796,3618,783
0500000US22051,22051,"Jefferson Parish, Louisiana",19185,1447,8941,1121,10244,1648
0500000US22055,22055,"Lafayette Parish, Louisiana",2663,620,782,381,1881,639
0500000US22057,22057,"Lafourche Parish, Louisiana",1433,604,381,297,1052,512
0500000US22071,22071,"Orleans Parish, Louisiana",7973,826,2628,548,5345,789
0500000US22073,22073,"Ouachita Parish, Louisiana",1231,560,582,402,649,542
0500000US22079,22079,"Rapides Parish, Louisiana",837,250,298,171,539,268
0500000US22103,22103,"St. Tammany Parish, Louisiana",3653,1033,2089,793,1564,725
0500000US22105,22105,"Tangipahoa Parish, Louisiana",1613,519,500,323,1113,423
0500000US22109,22109,"Terrebonne Parish, Louisiana",1575,290,240,210,1335,329
0500000US23001,23001,"Androscoggin County, Maine",783,278,355,226,428,301
0500000US23005,23005,"Cumberland County, Maine",1422,434,636,265,786,350
0500000US23019,23019,"Penobscot County, Maine",417,203,69,80,348,211
0500000US23031,23031,"York County, Maine",1126,401,366,273,760,375
0500000US24003,24003,"Anne Arundel County, Maryland",8933,1338,5566,1019,3367,1041
0500000US24005,24005,"Baltimore County, Maryland",10842,1059,5043,811,5799,1189
0500000US24013,24013,"Carroll County, Maryland",1238,359,730,318,508,304
0500000US24015,24015,"Cecil County, Maryland",1384,373,1134,502,250,287
0500000US24017,24017,"Charles County, Maryland",1734,462,1216,462,518,391
0500000US24021,24021,"Frederick County, Maryland",4659,1005,2667,923,1992,826
0500000US24025,24025,"Harford County, Maryland",2727,621,1636,492,1091,571
0500000US24027,24027,"Howard County, Maryland",5393,644,3745,868,1648,620
0500000US24031,24031,"Montgomery County, Maryland",47108,2211,21674,1915,25434,2168
0500000US24033,24033,"Prince George's County, Maryland",34420,1601,16724,1470,17696,1605
0500000US24037,24037,"St. Mary's County, Maryland",1371,512,266,239,1105,529
0500000US24043,24043,"Washington County, Maryland",1385,351,577,294,808,412
0500000US24045,24045,"Wicomico County, Maryland",989,263,385,232,604,265
0500000US24510,24510,"Baltimore city, Maryland",8427,1079,2709,949,5718,1049
0500000US25001,25001,"Barnstable County, Massachusetts",1245,468,795,518,450,228
0500000US25003,25003,"Berkshire County, Massachusetts",1090,295,86,88,1004,274
0500000US25005,25005,"Bristol County, Massachusetts",11808,1016,2331,553,9477,1052
0500000US25009,25009,"Essex County, Massachusetts",40184,1759,9335,1322,30849,1809
0500000US25011,25011,"Franklin County, Massachusetts",873,263,226,110,647,272
0500000US25013,25013,"Hampden County, Massachusetts",34864,1409,5370,1066,29494,1693
0500000US25015,25015,"Hampshire County, Massachusetts",2792,534,654,451,2138,543
0500000US25017,25017,"Middlesex County, Massachusetts",32484,1895,8497,1253,23987,1910
0500000US25021,25021,"Norfolk County, Massachusetts",9437,1047,4342,805,5095,1169
0500000US25023,25023,"Plymouth County, Massachusetts",5394,910,1611,532,3783,966
0500000US25025,25025,"Suffolk County, Massachusetts",49955,1998,9246,1372,40709,2262
0500000US25027,25027,"Worcester County, Massachusetts",24837,1535,4495,1110,20342,1762
0500000US26005,26005,"Allegan County, Michigan",1717,367,1028,343,689,290
0500000US26017,26017,"Bay County, Michigan",1795,406,1336,360,459,393
0500000US26021,26021,"Berrien County, Michigan",1695,401,780,338,915,371
0500000US26025,26025,"Calhoun County, Michigan",1536,487,1142,439,394,227
0500000US26037,26037,"Clinton County, Michigan",457,243,360,219,97,125
0500000US26045,26045,"Eaton County, Michigan",1746,415,1097,431,649,428
0500000US26049,26049,"Genesee County, Michigan",4808,654,2648,589,2160,642
0500000US26065,26065,"Ingham County, Michigan",6598,626,3451,578,3147,703
0500000US26073,26073,"Isabella County, Michigan",918,301,182,131,736,313
0500000US26075,26075,"Jackson County, Michigan",1122,408,761,327,361,349
0500000US26077,26077,"Kalamazoo County, Michigan",3188,779,1609,448,1579,713
0500000US26081,26081,"Kent County, Michigan",15247,1049,7345,1002,7902,1249
0500000US26087,26087,"Lapeer County, Michigan",635,169,369,135,266,146
0500000US26091,26091,"Lenawee County, Michigan",2207,454,1256,337,951,446
0500000US26093,26093,"Livingston County, Michigan",1089,343,793,330,296,196
0500000US26099,26099,"Macomb County, Michigan",6077,722,3851,774,2226,722
0500000US26111,26111,"Midland County, Michigan",544,224,313,171,231,201
0500000US26115,26115,"Monroe County, Michigan",1125,426,886,413,239,176
0500000US26121,26121,"Muskegon County, Michigan",2040,423,1321,356,719,327
0500000US26125,26125,"Oakland County, Michigan",13402,997,6461,946,6941,1126
0500000US26139,26139,"Ottawa County, Michigan",5736,960,3385,743,2351,1058
0500000US26145,26145,"Saginaw County, Michigan",5018,599,3391,747,1627,624
0500000US26147,26147,"St. Clair County, Michigan",871,301,529,239,342,206
0500000US26155,26155,"Shiawassee County, Michigan",725,180,499,259,226,154
0500000US26159,26159,"Van Buren County, Michigan",2197,527,1226,387,971,526
0500000US26161,26161,"Washtenaw County, Michigan",4416,949,1457,405,2959,1025
0500000US26163,26163,"Wayne County, Michigan",26015,1299,15956,1418,10059,1062
0500000US27003,27003,"Anoka County, Minnesota",2813,458,1681,531,1132,505
0500000US27037,27037,"Dakota County, Minnesota",6754,707,3258,747,3496,713
0500000US27053,27053,"Hennepin County, Minnesota",20550,1620,6081,1260,14469,1525
0500000US27109,27109,"Olmsted County, Minnesota",1688,544,897,396,791,713
0500000US27123,27123,"Ramsey County, Minnesota",8643,1179,3050,721,5593,989
0500000US27131,27131,"Rice County, Minnesota",1289,342,847,411,442,354
0500000US27137,27137,"St. Louis County, Minnesota",564,229,176,130,388,248
0500000US27139,27139,"Scott County, Minnesota",1144,468,687,368,457,376
0500000US27145,27145,"Stearns County, Minnesota",1009,289,167,152,842,351
0500000US27163,27163,"Washington County, Minnesota",2043,459,1261,360,782,472
0500000US28033,28033,"DeSoto County, Mississippi",1653,386,892,288,761,369
0500000US28047,28047,"Harrison County, Mississippi",2941,578,1034,483,1907,576
0500000US28049,28049,"Hinds County, Mississippi",882,299,454,247,428,271
0500000US28059,28059,"Jackson County, Mississippi",2737,569,1127,441,1610,607
0500000US28089,28089,"Madison County, Mississippi",726,186,292,217,434,209
0500000US28121,28121,"Rankin County, Mississippi",1315,260,629,472,686,432
0500000US29019,29019,"Boone County, Missouri",2108,473,1106,506,1002,423
0500000US29021,29021,"Buchanan County, Missouri",1381,315,564,322,817,356
0500000US29031,29031,"Cape Girardeau County, Missouri",583,356,165,194,418,298
0500000US29037,29037,"Cass County, Missouri",1257,217,1125,300,132,194
0500000US29043,29043,"Christian County, Missouri",492,207,220,248,272,213
0500000US29047,29047,"Clay County, Missouri",5058,768,2592,782,2466,624
0500000US29077,29077,"Greene County, Missouri",2361,548,1302,487,1059,506
0500000US29095,29095,"Jackson County, Missouri",18234,1353,7711,1318,10523,1582
0500000US29097,29097,"Jasper County, Missouri",1945,517,863,523,1082,392
0500000US29099,29099,"Jefferson County, Missouri",777,306,463,305,314,201
0500000US29165,29165,"Platte County, Missouri",1451,345,895,300,556,361
0500000US29183,29183,"St. Charles County, Missouri",3624,626,1706,517,1918,638
0500000US29189,29189,"St. Louis County, Missouri",5980,1018,2840,724,3140,1044
0500000US29510,29510,"St. Louis city, Missouri",4141,608,1459,541,2682,696
0500000US30013,30013,"Cascade County, Montana",871,304,257,190,614,333
0500000US30029,30029,"Flathead County, Montana",521,322,175,145,346,323
0500000US30031,30031,"Gallatin County, Montana",709,332,292,216,417,424
0500000US30049,30049,"Lewis and Clark County, Montana",735,472,587,552,148,126
0500000US30063,30063,"Missoula County, Montana",917,402,328,262,589,282
0500000US30111,30111,"Yellowstone County, Montana",2329,505,993,390,1336,498
0500000US31055,31055,"Douglas County, Nebraska",16572,1239,6591,908,9981,1205
0500000US31109,31109,"Lancaster County, Nebraska",5492,769,2185,449,3307,777
0500000US31153,31153,"Sarpy County, Nebraska",3840,518,2750,495,1090,534
0500000US32003,32003,"Clark County, Nevada",165406,4093,67894,3145,97512,4128
0500000US32031,32031,"Washoe County, Nevada",26557,1590,12066,1550,14491,1550
0500000US33009,33009,"Grafton County, New Hampshire",733,284,73,98,660,287
0500000US33011,33011,"Hillsborough County, New Hampshire",7279,754,1644,662,5635,859
0500000US33013,33013,"Merrimack County, New Hampshire",445,218,210,166,235,202
0500000US33015,33015,"Rockingham County, New Hampshire",2371,546,908,492,1463,582
0500000US33017,33017,"Strafford County, New Hampshire",839,305,583,239,256,265
0500000US34001,34001,"Atlantic County, New Jersey",15195,1088,6089,1033,9106,1201
0500000US34003,34003,"Bergen County, New Jersey",53329,1827,22857,2217,30472,2233
0500000US34005,34005,"Burlington County, New Jersey",8885,906,5423,654,3462,927
0500000US34007,34007,"Camden County, New Jersey",20676,1285,8504,1138,12172,1436
0500000US34009,34009,"Cape May County, New Jersey",1552,513,727,368,825,714
0500000US34011,34011,"Cumberland County, New Jersey",10941,891,4737,981,6204,913
0500000US34013,34013,"Essex County, New Jersey",50044,1911,13851,1375,36193,2061
0500000US34015,34015,"Gloucester County, New Jersey",4733,853,1955,606,2778,887
0500000US34017,34017,"Hudson County, New Jersey",98394,2176,19652,1898,78742,2548
0500000US34019,34019,"Hunterdon County, New Jersey",2003,549,1537,550,466,185
0500000US34021,34021,"Mercer County, New Jersey",17253,1448,7333,1379,9920,1194
0500000US34023,34023,"Middlesex County, New Jersey",44484,1645,15827,1528,28657,1950
0500000US34025,34025,"Monmouth County, New Jersey",17497,1393,7530,1238,9967,1581
0500000US34027,34027,"Morris County, New Jersey",18248,1237,8209,1405,10039,1320
0500000US34029,34029,"Ocean County, New Jersey",14080,1113,7970,1134,6110,1163
0500000US34031,34031,"Passaic County, New Jersey",51670,1941,15481,1790,36189,2459
0500000US34033,34033,"Salem County, New Jersey",1481,323,200,196,1281,335
0500000US34035,34035,"Somerset County, New Jersey",13381,1214,6138,1202,7243,1334
0500000US34037,34037,"Sussex County, New Jersey",3421,525,2535,648,886,387
0500000US34039,34039,"Union County, New Jersey",46039,2115,17549,1887,28490,2176
0500000US34041,34041,"Warren County, New Jersey",2084,478,794,416,1290,490
0500000US35001,35001,"Bernalillo County, New Mexico",107866,2980,63142,3104,44724,3496
0500000US35005,35005,"Chaves County, New Mexico",11155,659,6026,836,5129,807
0500000US35013,35013,"Doña Ana County, New Mexico",41805,1806,26898,1888,14907,2015
0500000US35025,35025,"Lea County, New Mexico",9935,836,6980,872,2955,667
0500000US35031,35031,"McKinley County, New Mexico",2491,550,1737,510,754,379
0500000US35035,35035,"Otero County, New Mexico",5482,869,3686,686,1796,627
0500000US35043,35043,"Sandoval County, New Mexico",15319,1101,12704,1180,2615,772
0500000US35045,35045,"San Juan County, New Mexico",6449,708,4384,632,2065,717
0500000US35049,35049,"Santa Fe County, New Mexico",24737,1485,15820,1146,8917,1248
0500000US35061,35061,"Valencia County, New Mexico",13539,1065,9952,993,3587,968
0500000US36001,36001,"Albany County, New York",6431,910,1992,644,4439,955
0500000US36005,36005,"Bronx County, New York",259461,3526,26000,2212,233461,4110
0500000US36007,36007,"Broome County, New York",2134,538,640,361,1494,501
0500000US36009,36009,"Cattaraugus County, New York",191,125,110,73,81,93
0500000US36013,36013,"Chautauqua County, New York",2453,420,1140,387,1313,536
0500000US36015,36015,"Chemung County, New York",740,332,303,246,437,336
0500000US36019,36019,"Clinton County, New York",232,162,43,44,189,140
0500000US36027,36027,"Dutchess County, New York",8789,1027,3534,706,5255,973
0500000US36029,36029,"Erie County, New York",15869,1076,5856,893,10013,1108
0500000US36045,36045,"Jefferson County, New York",1509,436,458,165,1051,444
0500000US36047,36047,"Kings County, New York",166875,2849,24524,1889,142351,3382
0500000US36051,36051,"Livingston County, New York",666,200,428,249,238,231
0500000US36055,36055,"Monroe County, New York",18181,1607,6496,983,11685,1435
0500000US36059,36059,"Nassau County, New York",49744,2216,30288,2021,19456,2389
0500000US36061,36061,"New York County, New York",148568,5457,9624,1827,138944,5189
0500000US36063,36063,"Niagara County, New York",1424,441,608,350,816,466
0500000US36065,36065,"Oneida County, New York",3223,524,1337,498,1886,424
0500000US36067,36067,"Onondaga County, New York",5715,664,2227,581,3488,748
0500000US36069,36069,"Ontario County, New York",1345,328,544,287,801,306
0500000US36071,36071,"Orange County, New York",19813,1403,10906,1529,8907,1293
0500000US36075,36075,"Oswego County, New York",902,297,339,280,563,389
0500000US36079,36079,"Putnam County, New York",2996,584,1573,465,1423,492
0500000US36081,36081,"Queens County, New York",192100,3770,47073,2911,145027,4807
0500000US36083,36083,"Rensselaer County, New York",1771,335,519,266,1252,430
0500000US36085,36085,"Richmond County, New York",25895,1528,12136,1402,13759,1792
0500000US36087,36087,"Rockland County, New York",13789,1365,5083,769,8706,1325
0500000US36091,36091,"Saratoga County, New York",1760,388,951,360,809,397
0500000US36093,36093,"Schenectady County, New York",3189,605,1163,499,2026,715
0500000US36101,36101,"Steuben County, New York",627,196,285,205,342,260
0500000US36103,36103,"Suffolk County, New York",58951,2812,35302,2607,23649,2570
0500000US36105,36105,"Sullivan County, New York",2994,663,1372,448,1622,573
0500000US36109,36109,"Tompkins County, New York",1030,467,189,168,841,457
0500000US36111,36111,"Ulster County, New York",4587,597,1799,425,2788,667
0500000US36113,36113,"Warren County, New York",471,168,202,246,269,154
0500000US36117,36117,"Wayne County, New York",802,265,483,216,319,242
0500000US36119,36119,"Westchester County, New York",64364,2229,21832,2376,42532,2570
0500000US37001,37001,"Alamance County, North Carolina",4390,706,2922,539,1468,620
0500000US37019,37019,"Brunswick County, North Carolina",1740,358,348,272,1392,477
0500000US37021,37021,"Buncombe County, North Carolina",3734,742,1477,579,2257,823
0500000US37023,37023,"Burke County, North Carolina",975,224,317,180,658,242
0500000US37025,37025,"Cabarrus County, North Carolina",5029,741,2483,721,2546,749
0500000US37027,37027,"Caldwell County, North Carolina",845,268,448,194,397,244
0500000US37031,37031,"Carteret County, North Carolina",641,238,339,227,302,365
0500000US37035,37035,"Catawba County, North Carolina",3715,625,852,391,2863,595
0500000US37037,37037,"Chatham County, North Carolina",2585,588,1568,606,1017,603
0500000US37045,37045,"Cleveland County, North Carolina",961,301,383,436,578,288
0500000US37049,37049,"Craven County, North Carolina",2038,429,629,265,1409,455
0500000US37051,37051,"Cumberland County, North Carolina",11067,1117,4467,713,6600,1217
0500000US37057,37057,"Davidson County, North Carolina",2591,391,1222,387,1369,459
0500000US37063,37063,"Durham County, North Carolina",11019,1089,3371,848,7648,1397
0500000US37067,37067,"Forsyth County, North Carolina",11123,1171,4374,888,6749,1239
0500000US37071,37071,"Gaston County, North Carolina",3616,414,1968,643,1648,629
0500000US37081,37081,"Guilford County, North Carolina",9399,907,3903,810,5496,971
0500000US37085,37085,"Harnett County, North Carolina",3870,701,1413,610,2457,627
0500000US37089,37089,"Henderson County, North Carolina",3331,629,1005,504,2326,748
0500000US37097,37097,"Iredell County, North Carolina",2583,546,894,372,1689,508
0500000US37101,37101,"Johnston County, North Carolina",5661,908,2759,916,2902,1027
0500000US37109,37109,"Lincoln County, North Carolina",1705,467,510,388,1195,508
0500000US37119,37119,"Mecklenburg County, North Carolina",34562,1545,12865,1400,21697,1629
0500000US37125,37125,"Moore County, North Carolina",1652,492,994,407,658,403
0500000US37127,37127,"Nash County, North Carolina",1668,334,955,391,713,296
0500000US37129,37129,"New Hanover County, North Carolina",3317,744,945,568,2372,625
0500000US37133,37133,"Onslow County, North Carolina",5873,1116,3147,1035,2726,987
0500000US37135,37135,"Orange County, North Carolina",2717,519,1186,439,1531,443
0500000US37147,37147,"Pitt County, North Carolina",3125,568,885,468,2240,667
0500000US37151,37151,"Randolph County, North Carolina",4115,485,2006,564,2109,675
0500000US37155,37155,"Robeson County, North Carolina",2731,442,869,351,1862,538
0500000US37157,37157,"Rockingham County, North Carolina",1250,350,796,406,454,434
0500000US37159,37159,"Rowan County, North Carolina",2465,346,965,364,1500,469
0500000US37161,37161,"Rutherford County, North Carolina",674,223,155,233,519,239
0500000US37171,37171,"Surry County, North Carolina",1474,333,1022,328,452,199
0500000US37179,37179,"Union County, North Carolina",5425,729,3015,833,2410,611
0500000US37183,37183,"Wake County, North Carolina",25933,2245,10790,1760,15143,1962
0500000US37191,37191,"Wayne County, North Carolina",3191,752,1308,563,1883,899
0500000US37193,37193,"Wilkes County, North Carolina",1060,230,401,253,659,273
0500000US37195,37195,"Wilson County, North Carolina",2275,369,629,344,1646,547
0500000US38017,38017,"Cass County, North Dakota",1151,602,208,258,943,563
0500000US38035,38035,"Grand Forks County, North Dakota",756,334,475,332,281,249
0500000US38101,38101,"Ward County, North Dakota",1241,508,693,449,548,379
0500000US39003,39003,"Allen County, Ohio",778,396,86,98,692,393
0500000US39007,39007,"Ashtabula County, Ohio",813,212,495,232,318,173
0500000US39017,39017,"Butler County, Ohio",4243,719,2248,639,1995,785
0500000US39023,39023,"Clark County, Ohio",1218,199,249,178,969,254
0500000US39025,39025,"Clermont County, Ohio",1363,710,957,804,406,409
0500000US39035,39035,"Cuyahoga County, Ohio",22724,1354,8627,1003,14097,1457
0500000US39043,39043,"Erie County, Ohio",612,317,331,212,281,240
0500000US39045,39045,"Fairfield County, Ohio",950,250,463,204,487,316
0500000US39049,39049,"Franklin County, Ohio",18123,1364,5912,1112,12211,1481
0500000US39057,39057,"Greene County, Ohio",1153,400,457,385,696,494
0500000US39061,39061,"Hamilton County, Ohio",6720,872,1765,660,4955,761
0500000US39063,39063,"Hancock County, Ohio",1388,360,465,274,923,342
0500000US39085,39085,"Lake County, Ohio",2553,556,1487,601,1066,486
0500000US39089,39089,"Licking County, Ohio",726,216,308,128,418,229
0500000US39093,39093,"Lorain County, Ohio",7101,744,3991,569,3110,759
0500000US39095,39095,"Lucas County, Ohio",8257,907,3370,625,4887,989
0500000US39099,39099,"Mahoning County, Ohio",3250,654,1874,412,1376,542
0500000US39103,39103,"Medina County, Ohio",1082,426,459,201,623,479
0500000US39113,39113,"Montgomery County, Ohio",3794,613,1688,543,2106,652
0500000US39133,39133,"Portage County, Ohio",839,345,543,271,296,196
0500000US39151,39151,"Stark County, Ohio",1892,400,990,382,902,324
0500000US39153,39153,"Summit County, Ohio",2801,777,1419,514,1382,668
0500000US39155,39155,"Trumbull County, Ohio",1142,288,330,218,812,325
0500000US39165,39165,"Warren County, Ohio",1328,577,848,520,480,341
0500000US39169,39169,"Wayne County, Ohio",525,154,122,137,403,160
0500000US39173,39173,"Wood County, Ohio",1949,547,1223,361,726,429
0500000US40017,40017,"Canadian County, Oklahoma",2504,627,1807,554,697,383
0500000US40027,40027,"Cleveland County, Oklahoma",5879,749,3455,692,2424,712
0500000US40031,40031,"Comanche County, Oklahoma",4418,646,1266,370,3152,700
0500000US40037,40037,"Creek County, Oklahoma",579,195,393,215,186,135
0500000US40101,40101,"Muskogee County, Oklahoma",859,221,571,260,288,232
0500000US40109,40109,"Oklahoma County, Oklahoma",31509,1544,13673,1247,17836,1387
0500000US40119,40119,"Payne County, Oklahoma",913,512,403,278,510,433
0500000US40125,40125,"Pottawatomie County, Oklahoma",820,193,406,169,414,164
0500000US40131,40131,"Rogers County, Oklahoma",872,134,731,142,141,108
0500000US40143,40143,"Tulsa County, Oklahoma",19324,776,8746,811,10578,848
0500000US40145,40145,"Wagoner County, Oklahoma",1050,193,880,162,170,130
0500000US41003,41003,"Benton County, Oregon",1715,417,346,227,1369,399
0500000US41005,41005,"Clackamas County, Oregon",8242,978,3973,848,4269,971
0500000US41017,41017,"Deschutes County, Oregon",2823,770,701,573,2122,669
0500000US41019,41019,"Douglas County, Oregon",2362,540,965,469,1397,582
0500000US41029,41029,"Jackson County, Oregon",5204,728,2730,675,2474,742
0500000US41033,41033,"Josephine County, Oregon",1426,537,616,484,810,478
0500000US41035,41035,"Klamath County, Oregon",2038,330,1037,374,1001,408
0500000US41039,41039,"Lane County, Oregon",7381,788,3250,614,4131,795
0500000US41043,41043,"Linn County, Oregon",2789,436,1637,823,1152,635
0500000US41047,41047,"Marion County, Oregon",19160,1289,6990,1028,12170,1461
0500000US41051,41051,"Multnomah County, Oregon",24381,1489,8190,1078,16191,1886
0500000US41053,41053,"Polk County, Oregon",2568,564,777,654,1791,537
0500000US41059,41059,"Umatilla County, Oregon",4599,722,2835,542,1764,766
0500000US41067,41067,"Washington County, Oregon",21546,1593,5839,1145,15707,1742
0500000US41071,41071,"Yamhill County, Oregon",3852,745,859,440,2993,764
0500000US42001,42001,"Adams County, Pennsylvania",1519,280,565,221,954,250
0500000US42003,42003,"Allegheny County, Pennsylvania",7976,780,3115,627,4861,734
0500000US42007,42007,"Beaver County, Pennsylvania",593,212,453,207,140,148
0500000US42011,42011,"Berks County, Pennsylvania",20903,1277,8671,996,12232,1472
0500000US42013,42013,"Blair County, Pennsylvania",338,195,264,191,74,83
0500000US42017,42017,"Bucks County, Pennsylvania",8320,853,4187,877,4133,903
0500000US42019,42019,"Butler County, Pennsylvania",624,145,423,157,201,120
0500000US42021,42021,"Cambria County, Pennsylvania",432,171,239,171,193,156
0500000US42025,42025,"Carbon County, Pennsylvania",629,186,506,174,123,161
0500000US42027,42027,"Centre County, Pennsylvania",1400,551,384,296,1016,468
0500000US42029,42029,"Chester County, Pennsylvania",8198,566,3006,731,5192,799
0500000US42037,42037,"Columbia County, Pennsylvania",672,233,571,231,101,112
0500000US42041,42041,"Cumberland County, Pennsylvania",2221,475,1149,482,1072,436
0500000US42043,42043,"Dauphin County, Pennsylvania",7390,935,1987,585,5403,992
0500000US42045,42045,"Delaware County, Pennsylvania",4925,948,2021,581,2904,668
0500000US42049,42049,"Erie County, Pennsylvania",2333,495,754,370,1579,465
0500000US42051,42051,"Fayette County, Pennsylvania",329,141,126,129,203,147
0500000US42055,42055,"Franklin County, Pennsylvania",1319,593,456,264,863,490
0500000US42069,42069,"Lackawanna County, Pennsylvania",3049,424,1096,464,1953,501
0500000US42071,42071,"Lancaster County, Pennsylvania",15316,1193,5421,1085,9895,1339
0500000US42073,42073,"Lawrence County, Pennsylvania",208,93,63,37,145,95
0500000US42075,42075,"Lebanon County, Pennsylvania",3563,775,1464,637,2099,707
0500000US42077,42077,"Lehigh County, Pennsylvania",20761,1295,6077,1315,14684,1388
0500000US42079,42079,"Luzerne County, Pennsylvania",6490,771,2283,583,4207,863
0500000US42081,42081,"Lycoming County, Pennsylvania",461,273,153,166,308,270
0500000US42089,42089,"Monroe County, Pennsylvania",6336,829,4121,1080,2215,948
0500000US42091,42091,"Montgomery County, Pennsylvania",10238,887,4278,803,5960,814
0500000US42095,42095,"Northampton County, Pennsylvania",10556,1077,3748,714,6808,935
0500000US42097,42097,"Northumberland County, Pennsylvania",427,169,263,135,164,150
0500000US42101,42101,"Philadelphia County, Pennsylvania",62161,2902,24182,2223,37979,2914
0500000US42107,42107,"Schuylkill County, Pennsylvania",1249,331,755,384,494,286
0500000US42125,42125,"Washington County, Pennsylvania",686,400,273,292,413,226
0500000US42129,42129,"Westmoreland County, Pennsylvania",1361,351,462,332,899,408
0500000US42133,42133,"York County, Pennsylvania",8265,983,2417,672,5848,1018
0500000US44003,44003,"Kent County, Rhode Island",1425,501,861,380,564,414
0500000US44005,44005,"Newport County, Rhode Island",1675,430,265,169,1410,437
0500000US44007,44007,"Providence County, Rhode Island",41068,1494,10330,1334,30738,1792
0500000US44009,44009,"Washington County, Rhode Island",775,504,385,341,390,401
0500000US45003,45003,"Aiken County, South Carolina",2200,731,1495,696,705,449
0500000US45007,45007,"Anderson County, South Carolina",2048,543,1111,518,937,552
0500000US45013,45013,"Beaufort County, South Carolina",3926,734,1348,614,2578,636
0500000US45015,45015,"Berkeley County, South Carolina",3239,732,1394,680,1845,687
0500000US45019,45019,"Charleston County, South Carolina",5205,755,1923,621,3282,949
0500000US45035,45035,"Dorchester County, South Carolina",1930,507,1010,419,920,543
0500000US45041,45041,"Florence County, South Carolina",766,180,447,208,319,248
0500000US45045,45045,"Greenville County, South Carolina",12189,1400,5204,960,6985,1064
0500000US45047,45047,"Greenwood County, South Carolina",965,185,413,191,552,202
0500000US45051,45051,"Horry County, South Carolina",3939,919,1735,605,2204,863
0500000US45057,45057,"Lancaster County, South Carolina",481,264,282,256,199,172
0500000US45059,45059,"Laurens County, South Carolina",565,304,139,183,426,281
0500000US45063,45063,"Lexington County, South Carolina",3851,651,1718,654,2133,521
0500000US45073,45073,"Oconee County, South Carolina",1092,179,330,238,762,215
0500000US45077,45077,"Pickens County, South Carolina",1069,271,404,367,665,246
0500000US45079,45079,"Richland County, South Carolina",5862,862,2739,849,3123,1055
0500000US45083,45083,"Spartanburg County, South Carolina",4827,738,2392,660,2435,901
0500000US45085,45085,"Sumter County, South Carolina",1162,303,677,293,485,233
0500000US45091,45091,"York County, South Carolina",3767,534,1812,669,1955,790
0500000US46099,46099,"Minnehaha County, South Dakota",2002,605,958,317,1044,617
0500000US46103,46103,"Pennington County, South Dakota",1728,517,811,463,917,446
0500000US47009,47009,"Blount County, Tennessee",811,424,248,308,563,375
0500000US47011,47011,"Bradley County, Tennessee",1515,334,537,390,978,284
0500000US47037,47037,"Davidson County, Tennessee",17805,1892,5836,995,11969,1829
0500000US47059,47059,"Greene County, Tennessee",630,210,231,237,399,211
0500000US47065,47065,"Hamilton County, Tennessee",5195,940,1634,680,3561,1135
0500000US47093,47093,"Knox County, Tennessee",5163,723,1998,710,3165,657
0500000US47113,47113,"Madison County, Tennessee",1002,411,469,498,533,286
0500000US47119,47119,"Maury County, Tennessee",1226,345,195,142,1031,386
0500000US47125,47125,"Montgomery County, Tennessee",5405,748,2361,634,3044,803
0500000US47141,47141,"Putnam County, Tennessee",831,270,551,292,280,168
0500000US47147,47147,"Robertson County, Tennessee",616,323,243,270,373,227
0500000US47149,47149,"Rutherford County, Tennessee",5182,737,2344,759,2838,747
0500000US47155,47155,"Sevier County, Tennessee",1112,419,424,404,688,373
0500000US47157,47157,"Shelby County, Tennessee",13933,1198,5591,1044,8342,1389
0500000US47163,47163,"Sullivan County, Tennessee",674,221,461,220,213,251
0500000US47165,47165,"Sumner County, Tennessee",1998,507,588,423,1410,491
0500000US47187,47187,"Williamson County, Tennessee",2526,651,895,466,1631,795
0500000US47189,47189,"Wilson County, Tennessee",1084,291,261,248,823,324
0500000US48005,48005,"Angelina County, Texas",4247,671,2931,688,1316,635
0500000US48021,48021,"Bastrop County, Texas",6150,826,5420,837,730,511
0500000US48027,48027,"Bell County, Texas",21712,1467,10624,1171,11088,1492
0500000US48029,48029,"Bexar County, Texas",323431,5483,179063,4844,144368,5161
0500000US48037,48037,"Bowie County, Texas",1074,582,418,309,656,482
0500000US48039,48039,"Brazoria County, Texas",26844,1574,19136,1577,7708,1711
0500000US48041,48041,"Brazos County, Texas",15765,1174,4548,905,11217,1283
0500000US48061,48061,"Cameron County, Texas",99919,2227,64460,2596,35459,2700
0500000US48085,48085,"Collin County, Texas",34129,1834,19785,1827,14344,1947
0500000US48091,48091,"Comal County, Texas",8567,1057,5090,1036,3477,932
0500000US48099,48099,"Coryell County, Texas",2159,669,900,438,1259,492
0500000US48113,48113,"Dallas County, Texas",254462,3932,116434,3715,138028,4697
0500000US48121,48121,"Denton County, Texas",38185,1907,17575,1895,20610,2426
0500000US48135,48135,"Ector County, Texas",25405,1553,15332,1617,10073,1862
0500000US48139,48139,"Ellis County, Texas",9289,1106,5823,898,3466,955
0500000US48141,48141,"El Paso County, Texas",196158,3598,123936,3933,72222,3534
0500000US48157,48157,"Fort Bend County, Texas",42987,2095,27894,2377,15093,2302
0500000US48167,48167,"Galveston County, Texas",22027,1844,10998,1564,11029,2045
0500000US48181,48181,"Grayson County, Texas",4080,570,2978,571,1102,403
0500000US48183,48183,"Gregg County, Texas",5276,709,3671,795,1605,806
0500000US48187,48187,"Guadalupe County, Texas",15349,1283,9828,1062,5521,1223
0500000US48201,48201,"Harris County, Texas",509314,5764,234261,6833,275053,7787
0500000US48203,48203,"Harrison County, Texas",1707,449,817,295,890,443
0500000US48209,48209,"Hays County, Texas",18902,1462,9476,1271,9426,1594
0500000US48213,48213,"Henderson County, Texas",2514,500,1990,441,524,496
0500000US48215,48215,"Hidalgo County, Texas",196526,3626,129554,4650,66972,4071
0500000US48231,48231,"Hunt County, Texas",2884,620,1738,622,1146,454
0500000US48245,48245,"Jefferson County, Texas",11161,1284,7898,964,3263,1095
0500000US48251,48251,"Johnson County, Texas",8818,874,5670,971,3148,858
0500000US48257,48257,"Kaufman County, Texas",4783,605,3751,710,1032,666
0500000US48291,48291,"Liberty County, Texas",2913,781,1952,607,961,515
0500000US48303,48303,"Lubbock County, Texas",31474,1494,14969,1615,16505,2044
0500000US48309,48309,"McLennan County, Texas",15515,1165,8833,1058,6682,1411
0500000US48329,48329,"Midland County, Texas",18305,1506,10968,1515,7337,1503
0500000US48339,48339,"Montgomery County, Texas",29708,2305,18702,2691,11006,2743
0500000US48347,48347,"Nacogdoches County, Texas",3480,400,1929,417,1551,472
0500000US48355,48355,"Nueces County, Texas",73168,2160,41274,2604,31894,2543
0500000US48361,48361,"Orange County, Texas",2005,473,968,523,1037,699
0500000US48367,48367,"Parker County, Texas",2583,499,1732,558,851,462
0500000US48375,48375,"Potter County, Texas",12647,873,7443,799,5204,942
0500000US48381,48381,"Randall County, Texas",6848,763,4159,734,2689,801
0500000US48397,48397,"Rockwall County, Texas",4667,438,3082,622,1585,610
0500000US48409,48409,"San Patricio County, Texas",11558,820,6607,993,4951,1007
0500000US48423,48423,"Smith County, Texas",8920,1017,5018,1018,3902,1170
0500000US48439,48439,"Tarrant County, Texas",142441,3402,77122,3099,65319,3651
0500000US48441,48441,"Taylor County, Texas",8821,698,4873,625,3948,719
0500000US48451,48451,"Tom Green County, Texas",13337,1195,7681,1183,5656,1223
0500000US48453,48453,"Travis County, Texas",109747,3174,44637,2672,65110,3332
0500000US48469,48469,"Victoria County, Texas",12226,984,6163,762,6063,1013
0500000US48471,48471,"Walker County, Texas",2713,830,1101,629,1612,927
0500000US48479,48479,"Webb County, Texas",66182,1078,40303,1745,25879,1678
0500000US48485,48485,"Wichita County, Texas",4587,979,2989,717,1598,762
0500000US48491,48491,"Williamson County, Texas",29409,1759,15496,1498,13913,1926
0500000US49005,49005,"Cache County, Utah",2833,449,1311,385,1522,488
0500000US49011,49011,"Davis County, Utah",7184,816,4442,858,2742,835
0500000US49035,49035,"Salt Lake County, Utah",47783,2111,23884,1871,23899,2044
0500000US49049,49049,"Utah County, Utah",14244,905,7813,896,6431,1100
0500000US49053,49053,"Washington County, Utah",4235,738,954,501,3281,786
0500000US49057,49057,"Weber County, Utah",10807,883,5424,734,5383,1018
0500000US50007,50007,"Chittenden County, Vermont",647,275,440,240,207,194
0500000US51003,51003,"Albemarle County, Virginia",1464,267,558,349,906,352
0500000US51013,51013,"Arlington County, Virginia",12003,1093,2692,744,9311,1021
0500000US51019,51019,"Bedford County, Virginia",425,227,257,189,168,198
0500000US51041,51041,"Chesterfield County, Virginia",7250,746,3776,752,3474,900
0500000US51059,51059,"Fairfax County, Virginia",45995,1822,22362,1759,23633,1885
0500000US51061,51061,"Fauquier County, Virginia",1065,279,755,257,310,326
0500000US51069,51069,"Frederick County, Virginia",1235,400,763,528,472,381
0500000US51085,51085,"Hanover County, Virginia",454,195,364,173,90,114
0500000US51087,51087,"Henrico County, Virginia",4927,711,1971,699,2956,817
0500000US51095,51095,"James City County, Virginia",1493,400,335,386,1158,377
0500000US51107,51107,"Loudoun County, Virginia",12477,1019,6685,1190,5792,1191
0500000US51153,51153,"Prince William County, Virginia",22352,1578,14283,1687,8069,1794
0500000US51161,51161,"Roanoke County, Virginia",872,536,233,236,639,605
0500000US51165,51165,"Rockingham County, Virginia",1176,212,527,319,649,261
0500000US51177,51177,"Spotsylvania County, Virginia",3135,431,1742,439,1393,411
0500000US51179,51179,"Stafford County, Virginia",4567,814,2522,833,2045,837
0500000US51199,51199,"York County, Virginia",625,314,137,162,488,240
0500000US51510,51510,"Alexandria city, Virginia",8934,933,1886,569,7048,938
0500000US51550,51550,"Chesapeake city, Virginia",4374,640,2790,649,1584,736
0500000US51650,51650,"Hampton city, Virginia",2071,525,683,422,1388,462
0500000US51700,51700,"Newport News city, Virginia",4193,649,1701,619,2492,748
0500000US51710,51710,"Norfolk city, Virginia",5172,697,1029,486,4143,739
0500000US51740,51740,"Portsmouth city, Virginia",1129,301,474,319,655,346
0500000US51760,51760,"Richmond city, Virginia",3402,569,494,339,2908,599
0500000US51770,51770,"Roanoke city, Virginia",1237,418,651,367,586,432
0500000US51800,51800,"Suffolk city, Virginia",862,283,562,313,300,255
0500000US51810,51810,"Virginia Beach city, Virginia",9898,1062,5296,955,4602,948
0500000US53005,53005,"Benton County, Washington",8845,829,3723,967,5122,834
0500000US53007,53007,"Chelan County, Washington",4689,908,2226,931,2463,748
0500000US53009,53009,"Clallam County, Washington",1056,363,301,226,755,386
0500000US53011,53011,"Clark County, Washington",10397,818,3149,779,7248,1079
0500000US53015,53015,"Cowlitz County, Washington",1795,440,635,352,1160,505
0500000US53021,53021,"Franklin County, Washington",10561,737,5308,896,5253,1033
0500000US53025,53025,"Grant County, Washington",8280,917,3186,757,5094,807
0500000US53027,53027,"Grays Harbor County, Washington",1186,345,498,283,688,352
0500000US53029,53029,"Island County, Washington",1944,384,556,333,1388,370
0500000US53033,53033,"King County, Washington",55740,2710,19112,1884,36628,2376
0500000US53035,53035,"Kitsap County, Washington",5112,759,2610,642,2502,827
0500000US53041,53041,"Lewis County, Washington",1456,372,605,372,851,331
0500000US53053,53053,"Pierce County, Washington",19447,1459,6905,1080,12542,1491
0500000US53057,53057,"Skagit County, Washington",4604,885,1765,691,2839,729
0500000US53061,53061,"Snohomish County, Washington",18988,1676,8708,1578,10280,1299
0500000US53063,53063,"Spokane County, Washington",6519,770,2667,728,3852,786
0500000US53067,53067,"Thurston County, Washington",6136,1012,2547,984,3589,1297
0500000US53073,53073,"Whatcom County, Washington",5216,769,2521,643,2695,847
0500000US53077,53077,"Yakima County, Washington",28997,1440,14775,1530,14222,1606
0500000US54061,54061,"Monongalia County, West Virginia",432,198,78,84,354,216
0500000US55009,55009,"Brown County, Wisconsin",4668,604,1578,539,3090,757
0500000US55025,55025,"Dane County, Wisconsin",8049,888,2799,661,5250,984
0500000US55027,55027,"Dodge County, Wisconsin",846,249,479,257,367,207
0500000US55035,55035,"Eau Claire County, Wisconsin",652,181,405,268,247,298
0500000US55039,55039,"Fond du Lac County, Wisconsin",1446,228,651,285,795,296
0500000US55055,55055,"Jefferson County, Wisconsin",1091,315,283,208,808,351
0500000US55059,55059,"Kenosha County, Wisconsin",5200,880,2698,754,2502,721
0500000US55071,55071,"Manitowoc County, Wisconsin",773,313,306,245,467,317
0500000US55073,55073,"Marathon County, Wisconsin",856,351,113,127,743,343
0500000US55079,55079,"Milwaukee County, Wisconsin",37066,1373,12990,1151,24076,1460
0500000US55087,55087,"Outagamie County, Wisconsin",1733,291,631,338,1102,373
0500000US55089,55089,"Ozaukee County, Wisconsin",660,233,269,189,391,177
0500000US55097,55097,"Portage County, Wisconsin",199,111,110,68,89,91
0500000US55101,55101,"Racine County, Wisconsin",6520,801,3103,662,3417,707
0500000US55105,55105,"Rock County, Wisconsin",3597,501,1620,670,1977,602
0500000US55117,55117,"Sheboygan County, Wisconsin",1629,408,1116,383,513,261
0500000US55127,55127,"Walworth County, Wisconsin",2774,424,1197,371,1577,527
0500000US55131,55131,"Washington County, Wisconsin",957,281,603,267,354,278
0500000US55133,55133,"Waukesha County, Wisconsin",4939,763,2803,674,2136,735
0500000US55139,55139,"Winnebago County, Wisconsin",1906,412,351,306,1555,502
0500000US55141,55141,"Wood County, Wisconsin",675,178,329,160,346,213
0500000US56021,56021,"Laramie County, Wyoming",4358,616,1965,470,2393,667
0500000US56025,56025,"Natrona County, Wyoming",2436,506,1464,603,972,473
